session_id,source,track_id,driver_id,timestamp_s,lap_number,speed_mps,acceleration_mps2,track_progress_sin,track_progress_cos,tyre_age_laps,throttle,brake,gear_norm,drs,steering_proxy,curvature,air_temp_c,track_temp_c,rainfall,wind_speed_mps,grip_level,lap_distance_m,x_m,y_m,rpm,gear,compound_id,is_pit,safety_car
SYN_000,synthetic,synthetic_track_0,DRV_00,0.0,1,53.63135624365604,9.377835876112677,0.0,1.0,0.0,1.0,0.0,0.625,0.0,1.0,0.07614823100266961,19.224305522539446,36.88301844545403,0.024407881017077738,5.447408062937294,1.0139271787084378,10.726271248731209,780.0,0.0,13497.923681398663,5,1,0,0
SYN_000,synthetic,synthetic_track_0,DRV_00,0.2,1,53.84357642572144,1.0611009103269708,0.01296024290720426,0.9999160125249451,0.0020627444709098476,0.44122047601102493,0.0,0.625,0.0,0.034730255261351664,0.16377457080932387,19.224305522539446,36.88301844545403,0.02482893170474141,5.447408062937294,1.0135648855346666,21.494986533875498,793.1239385815151,11.556900217005655,13345.15982435291,5,1,0,0
SYN_000,synthetic,synthetic_track_0,DRV_00,0.4,1,53.233644544380475,-3.049659406704812,0.025969576891328502,0.9996627336637519,0.004133651256514519,0.332198220498637,0.10431512723841782,0.625,0.0,0.043327708874954206,0.1794710200946638,19.224305522539446,36.88301844545403,0.025249970728978055,5.447408062937294,1.0132016620911224,32.14171544275159,806.0731221383552,23.30676279823038,13618.30794962004,5,1,0,0
SYN_000,synthetic,synthetic_track_0,DRV_00,0.6000000000000001,1,52.10844844946295,-5.625980474587635,0.038827228882688164,0.9992459388445326,0.006181099123606075,0.26643183210349985,0.19134577485434848,0.625,0.0,0.04735389565769922,0.19569176903886928,19.224305522539446,36.88301844545403,0.02567098642668373,5.447408062937294,1.0128411293458153,42.56340513264418,818.7906928809939,35.23050343365672,13264.481831222383,5,1,0,0
SYN_000,synthetic,synthetic_track_0,DRV_00,0.8,1,50.73764884153995,-6.853998039614986,0.05140690069209476,0.9986777911625115,0.008185270217816188,0.2354995374922773,0.2345882729247432,0.625,0.0,0.0515324757433803,0.21259684288936878,19.224305522539446,36.88301844545403,0.026091967135400657,5.447408062937294,1.0124855579600227,52.71093490095217,831.2206360147133,47.30717552850553,13220.848166710737,5,1,0,0
SYN_000,synthetic,synthetic_track_0,DRV_00,1.0,1,49.17855043775042,-7.7954920189476695,0.06364782726549,0.9979724215049143,0.01013671825018311,0.20508933497305812,0.27266090959949835,0.5,0.0,0.05590505718503009,0.23035617890754248,19.224305522539446,36.88301844545403,0.026512901193640276,5.447408062937294,1.012136032087648,62.54664498850225,843.3081836170977,59.51407757942114,12162.38571003931,4,1,0,0
SYN_000,synthetic,synthetic_track_0,DRV_00,1.2000000000000002,1,47.57250029912435,-8.030250693130334,0.07550349277805786,0.9971455373105341,0.012028200959327356,0.19645206160359266,0.2853791147839875,0.5,0.0,0.06051603054665961,0.24915181819700905,19.224305522539446,36.88301844545403,0.026933776941206286,5.447408062937294,1.0117933837414521,72.06114504832712,855.00020807652,71.82687972856732,12377.709087599766,4,1,0,0
SYN_000,synthetic,synthetic_track_0,DRV_00,1.4000000000000001,1,45.86657916458855,-8.529605672678997,0.08696185139214627,0.9962116423744757,0.013857912509293677,0.18424978040766643,0.3003616894253066,0.5,0.0,0.06541310260887014,0.26917991442473443,19.224305522539446,36.88301844545403,0.02735458271951763,5.447408062937294,1.0114578230066424,81.23446088124483,866.2456017600592,84.21976855706046,11734.848554613638,4,1,0,0
SYN_000,synthetic,synthetic_track_0,DRV_00,1.6,1,44.44569073761747,-7.104442134855411,0.09799845473100462,0.9951865668658993,0.015622011707931698,0.20618728993331575,0.2727181737833954,0.5,0.0,0.05247455994299926,0.2851366366351951,19.224305522539446,36.88301844545403,0.02777530687193146,5.447408062937294,1.0111297928125942,90.12359902876833,874.3571350903902,93.55071338363496,11768.459355567258,4,1,0,0
SYN_000,synthetic,synthetic_track_0,DRV_00,1.8,1,42.80420325791666,-8.207437398504034,0.1086816853051711,0.9940766023195736,0.017331461351686218,0.18498863301052573,0.29869501098334345,0.5,0.0,0.07482859342067395,0.30784149066952354,19.224305522539446,36.88301844545403,0.028195937744066025,5.447408062937294,1.0108080425117085,98.68443968035166,884.7053076730238,106.01776485741306,11799.37991357303,4,1,0,0
SYN_000,synthetic,synthetic_track_0,DRV_00,2.0,1,41.438921409743244,-6.826409240867086,0.11895852065450474,0.9928992246767503,0.018977776861606087,0.20818795935043657,0.27025060245326193,0.5,0.0,0.06000761684893015,0.32607396702784597,19.224305522539446,36.88301844545403,0.02861646368412351,5.447408062937294,1.0104935462353564,106.9722239623003,892.0921048119966,115.37152765221074,11473.738144321345,4,1,0,0
SYN_000,synthetic,synthetic_track_0,DRV_00,2.2,1,39.93497745219784,-7.519719787727013,0.12889545143378894,0.9916581883893663,0.020571581531211598,0.19074617903775382,0.29270322500693924,0.5,0.0,0.08558669333699691,0.35219344198603636,19.224305522539446,36.88301844545403,0.029036873043212796,5.447408062937294,1.0101850921734268,114.95921945273987,901.4092473044427,127.82399949930635,11535.137481804082,4,1,0,0
SYN_000,synthetic,synthetic_track_0,DRV_00,2.4000000000000004,1,38.57784422078782,-6.785666157050123,0.13845952147682974,0.9903680936461995,0.022107542202449974,0.20461994707976713,0.2752093539948781,0.375,0.0,0.06867320453813762,0.37328554748666226,19.224305522539446,36.88301844545403,0.02945715417567215,5.447408062937294,1.009883293932899,122.67478829689743,907.9774632367511,137.13238547938477,10429.76431570415,3,1,0,0
SYN_000,synthetic,synthetic_track_0,DRV_00,2.6,1,37.26215154534296,-6.578463377224288,0.14768633418998914,0.9890342495047999,0.023591305441711046,0.20568543643021442,0.2725256056584759,0.375,0.0,0.07279963856671055,0.3957928167233573,19.224305522539446,36.88301844545403,0.02987729543939181,5.447408062937294,1.0095875090392117,130.12721860596602,914.169654674521,146.39986526637063,10335.67173109823,3,1,0,0
SYN_000,synthetic,synthetic_track_0,DRV_00,2.8000000000000003,1,35.924819706794196,-6.686659192743818,0.15658628951787418,0.9876642819982023,0.025024465116531926,0.20215214226388337,0.27484083567493245,0.375,0.0,0.07720494289436984,0.41982939518915724,19.224305522539446,36.88301844545403,0.030297285196136493,5.447408062937294,1.009297558645389,137.31218254732485,919.9724548624071,155.6134230711655,10050.44620316892,3,1,0,0
SYN_000,synthetic,synthetic_track_0,DRV_00,3.0,1,34.683586240204555,-6.206167332948205,0.16515481363580012,0.9862676551184897,0.026406188951408626,0.21139482419988717,0.26380302688174423,0.375,0.0,0.08191040977140185,0.44550507622769453,19.224305522539446,36.88301844545403,0.03071711181186777,5.447408062937294,1.0090135414539596,144.24889979536576,925.373777786764,164.76001902243314,10323.522541635488,3,1,0,0
SYN_000,synthetic,synthetic_track_0,DRV_00,3.2,1,33.6745810413235,-5.045025994405279,0.17341548485772304,0.9848487546885364,0.02774017303757034,0.23001205222030494,0.23862344259256743,0.375,0.0,0.057378434357098954,0.4635828580623005,19.224305522539446,36.88301844545403,0.031136763657066344,5.447408062937294,1.0087350381209432,150.98381600363047,928.7462458178175,170.81412193246135,9685.931208795182,3,1,0,0
SYN_000,synthetic,synthetic_track_0,DRV_00,3.4000000000000004,1,32.59594180077566,-5.393196202739183,0.181424188012068,0.9834049338925251,0.029035349231467396,0.22467859043800417,0.24656900505955662,0.375,0.0,0.09047312372760057,0.4922049070107197,19.224305522539446,36.88301844545403,0.031556229107054204,5.447408062937294,1.008461030329365,157.5030043637856,933.4551893822511,179.8202496273205,10024.256236695088,3,1,0,0
SYN_000,synthetic,synthetic_track_0,DRV_00,3.6,1,31.559502848672437,-5.182194760516126,0.1891649241823395,0.9819453301783607,0.030289039300728002,0.22605192213051684,0.24638166018695473,0.375,0.0,0.0960693687211917,0.5226908715377411,19.224305522539446,36.88301844545403,0.0319754965423166,5.447408062937294,1.0081918279548627,163.8149049335201,937.7369830979687,188.7249524006758,9788.59717215899,3,1,0,0
SYN_000,synthetic,synthetic_track_0,DRV_00,3.8000000000000003,1,30.609465691796053,-4.7501857843819195,0.1966483526950229,0.9804740819533854,0.031502866333369246,0.23305957875840097,0.23519406435969228,0.375,0.0,0.06733132025759216,0.5440681621324455,19.224305522539446,36.88301844545403,0.03239455434882399,5.447408062937294,1.0079272488003765,169.9367980718793,940.3506506800084,194.59881977509235,9755.180491488052,3,1,0,0
SYN_000,synthetic,synthetic_track_0,DRV_00,4.0,1,29.645640565649042,-4.819125630735055,0.20389558439198702,0.9789926407616403,0.032680153475361406,0.23854532079438343,0.22660174219426762,0.375,0.0,0.07008369299693741,0.5662874464138016,19.224305522539446,36.88301844545403,0.03281339091835367,5.447408062937294,1.0076669161804737,175.86592618500913,942.7695480276038,200.4182943411661,9561.465225286896,3,1,0,0
SYN_000,synthetic,synthetic_track_0,DRV_00,4.2,1,28.755310550561212,-4.451650075439151,0.21090398542789182,0.9775067820381768,0.03382037042019406,0.24166528424142594,0.22522748057461175,0.25,0.0,0.11051670625941638,0.6011614531465003,19.224305522539446,36.88301844545403,0.03323199464881138,5.447408062937294,1.0074108942428475,181.61698829512136,946.029569776728,209.03758476766743,8693.382549518677,2,1,0,0
SYN_000,synthetic,synthetic_track_0,DRV_00,4.4,1,27.919784638448277,-4.177629560564675,0.21769156874468756,0.976017613005768,0.034926343902907955,0.24591387199260586,0.21811015830059585,0.25,0.0,0.07742068263370847,0.6253939368930923,19.224305522539446,36.88301844545403,0.03365035394455269,5.447408062937294,1.0071588630877026,187.20094522281101,947.9557464609329,214.7053118926552,8627.392272413259,2,1,0,0
SYN_000,synthetic,synthetic_track_0,DRV_00,4.6000000000000005,1,27.170182478735672,-3.748010798563026,0.22427187397325776,0.9745266166424205,0.0360001817736175,0.25353549253417507,0.20813326444449376,0.25,0.0,0.08052709982651556,0.6503517429141503,19.224305522539446,36.88301844545403,0.034068457216704186,5.447408062937294,1.006910585053648,192.63498171855815,949.6832614990868,220.3062113638287,8346.91519172582,2,1,0,0
SYN_000,synthetic,synthetic_track_0,DRV_00,4.800000000000001,1,26.428905691504056,-3.7063839361580797,0.23066570881269463,0.9730330573921614,0.03704518879203041,0.25748867421122845,0.2027779647946991,0.25,0.0,0.08372063423794682,0.6759583802761528,19.224305522539446,36.88301844545403,0.034486292883484516,5.447408062937294,1.0066656855507075,197.92076285685897,951.2116412802503,225.8368973090926,8202.627733741736,2,1,0,0
SYN_000,synthetic,synthetic_track_0,DRV_00,5.0,1,25.76171573199371,-3.335949797551727,0.23687556361845016,0.9715399978181246,0.03806168516478057,0.26641862216916334,0.19220702109975457,0.25,0.0,0.0869901119792608,0.7021125663753659,19.224305522539446,36.88301844545403,0.034903849370525195,5.447408062937294,1.0064241314195526,203.07310600325772,952.5406947673521,231.29407100730214,8376.760463950575,2,1,0,0
SYN_000,synthetic,synthetic_track_0,DRV_00,5.2,1,25.160434456053082,-3.0064063797031437,0.24291935481018542,0.9700464870605962,0.039052520385241866,0.2691553901535917,0.18854821443375902,0.25,0.0,0.09032103517371394,0.7286852041383347,19.224305522539446,36.88301844545403,0.03532111511119123,5.447408062937294,1.0061856001481322,208.10519289446833,953.6705119724588,236.6745277398142,8455.197559258551,2,1,0,0
SYN_000,synthetic,synthetic_track_0,DRV_00,5.4,1,24.518787823220773,-3.2082331641615447,0.24881299700196144,0.9685515435550666,0.040020229402782374,0.26748916148761004,0.1898597002722017,0.25,0.0,0.09369521560439835,0.755516660490734,19.224305522539446,36.88301844545403,0.03573807854690153,5.447408062937294,1.0059498052058122,213.0089504591125,954.601461862847,241.97516348471396,8279.371930546198,2,1,0,0
SYN_000,synthetic,synthetic_track_0,DRV_00,5.6000000000000005,1,23.825474018245693,-3.466569024875401,0.2545474903844892,0.9670602748220808,0.04096325970367548,0.2642318954877852,0.1917061497665418,0.25,0.0,0.09709046213018564,0.7824146090645515,19.224305522539446,36.88301844545403,0.03615472812744909,5.447408062937294,1.005716927665226,217.77404526276163,955.3341897040807,247.19298143737157,8010.569880962178,2,1,0,0
SYN_000,synthetic,synthetic_track_0,DRV_00,5.800000000000001,1,23.304143273921685,-2.606653721620038,0.2601112709912362,0.9655786486368284,0.04187962408899262,0.2754815358792327,0.17779096975722297,0.25,0.0,0.1004803584823873,0.8091527523179213,19.224305522539446,36.88301844545403,0.03657105231132092,5.447408062937294,1.005487198324384,222.43487391754596,955.869613847538,252.32509834133256,8051.783082840099,2,1,0,0
SYN_000,synthetic,synthetic_track_0,DRV_00,6.0,1,22.857853295199458,-2.231449893611135,0.26554496855967064,0.9640984750909233,0.042775937291835764,0.2801816387400755,0.1724969383159549,0.25,0.0,0.10383417402879526,0.835470778025046,19.224305522539446,36.88301844545403,0.03698703956601776,5.447408062937294,1.0052598639175696,227.00644457658584,956.2089219710613,257.3687506139265,8121.632949396908,2,1,0,0
SYN_000,synthetic,synthetic_track_0,DRV_00,6.2,1,22.361263617235586,-2.4829483898193594,0.2708664266085238,0.9626169429925536,0.04365508549549728,0.2854537447422927,0.16722053814893748,0.25,0.0,0.10711695377716927,0.8610759202594206,19.224305522539446,36.88301844545403,0.03740267836837357,5.447408062937294,1.005034597722364,231.47869730003296,956.3535667825985,262.32130025140674,8116.50337470414,2,1,0,0
SYN_000,synthetic,synthetic_track_0,DRV_00,6.4,1,21.870427296330753,-2.454181604524166,0.27606427893866003,0.9611391750907241,0.04451513409616018,0.2814640943480691,0.16988842981823146,0.25,0.0,0.11028983364606128,0.8856464729834121,19.224305522539446,36.88301844545403,0.0378179572048747,5.447408062937294,1.004811624511498,235.85278275929912,956.3052611978936,267.1802404988949,8272.83323900383,2,1,0,0
SYN_000,synthetic,synthetic_track_0,DRV_00,6.6000000000000005,1,21.507691341985957,-1.8136797717239794,0.281140239956526,0.9596666949921661,0.045356304376788295,0.29126866540464696,0.15559429288648294,0.25,0.0,0.05628894050037698,0.8974366961993403,19.224305522539446,36.88301844545403,0.038232864571978824,5.447408062937294,1.0045909224212628,240.1543210276963,956.2093571408421,269.5738609681488,8140.792345648898,2,1,0,0
SYN_000,synthetic,synthetic_track_0,DRV_00,6.800000000000001,1,21.114033185300375,-1.9682907834279106,0.28612435450664353,0.9581924930608445,0.046183523274556985,0.2972304731160614,0.1494257763106739,0.25,0.0,0.11475009404247553,0.9198035716675125,19.224305522539446,36.88301844545403,0.038647388976433605,5.447408062937294,1.0043719312580217,244.3771276647564,955.8753936281892,274.28798734723796,8085.39546843302,2,1,0,0
SYN_000,synthetic,synthetic_track_0,DRV_00,7.0,1,20.825888897696732,-1.4407214380182154,0.29100972630152255,0.9567200944884104,0.046995601473991615,0.30141850291019623,0.14394333306553853,0.25,0.0,0.11745857582509492,0.9402484820777602,19.224305522539446,36.88301844545403,0.039061518935595056,5.447408062937294,1.004154790524258,248.54230544429572,955.3538641718644,278.9028465843672,8057.616164544507,2,1,0,0
SYN_000,synthetic,synthetic_track_0,DRV_00,7.2,1,20.650288688872315,-0.8780010441220831,0.29582100574753933,0.9552433891728925,0.0477965972008261,0.3181576432943497,0.12497336437369315,0.25,0.0,0.059663730320242477,0.9496365393845837,19.224305522539446,36.88301844545403,0.039475242977745656,5.447408062937294,1.0039390394004628,252.67236318207017,955.0235587948383,281.17241806169534,7858.039216104765,2,1,0,0
SYN_000,synthetic,synthetic_track_0,DRV_00,7.4,1,20.41955585043596,-1.1536641921817825,0.3005843193056722,0.9537552448021168,0.048590839073475035,0.30844847281954035,0.13568373356732416,0.25,0.0,0.12100900361332477,0.9665229820358704,19.224305522539446,36.88301844545403,0.03988854964241206,5.447408062937294,1.003724186130832,256.7562743521574,954.2255877693854,285.63466227944684,8271.924893821615,2,1,0,0
SYN_000,synthetic,synthetic_track_0,DRV_00,7.6000000000000005,1,20.22999979650662,-0.947780269646703,0.3052870504651817,0.9522603723868118,0.049376206606184116,0.31303533178159315,0.1305984416794671,0.25,0.0,0.12296961575598687,0.9806132589782048,19.224305522539446,36.88301844545403,0.04030142748068263,5.447408062937294,1.003510476733609,260.8022743114587,953.246930076363,289.9929123038615,8278.34450719245,2,1,0,0
SYN_000,synthetic,synthetic_track_0,DRV_00,7.800000000000001,1,19.97734895275454,-1.2632542187603946,0.309938795571383,0.9507565108900178,0.05015428352143436,0.30827591703421564,0.1337641971448087,0.25,0.0,0.06210503365440514,0.9865145952697287,19.224305522539446,36.88301844545403,0.040713865055524545,5.447408062937294,1.0032977334620516,264.7977441020096,952.6908181648776,292.132528443643,7831.744012476051,2,1,0,0
SYN_000,synthetic,synthetic_track_0,DRV_00,8.0,1,19.772635487253883,-1.023567327503283,0.3145251764123159,0.9492491313679469,0.0509226430965403,0.31763628270279864,0.12253911161093792,0.25,0.0,0.12520076573839184,0.9958652007709282,19.224305522539446,36.88301844545403,0.04112585094210058,5.447408062937294,1.0030862373606866,268.7522711994603,951.4470944191427,296.3318097671993,8099.548477098095,2,1,0,0
SYN_000,synthetic,synthetic_track_0,DRV_00,8.200000000000001,1,19.633665697549905,-0.6948489485198905,0.3190573413189452,0.9477354129452408,0.051683129076819295,0.3254685873762745,0.1123593697550218,0.25,0.0,0.06299005677581225,0.9992595835866217,19.224305522539446,36.88301844545403,0.04153737372808567,5.447408062937294,1.0028757809287472,272.6790043389703,950.7603480416913,298.39113265831077,7793.384035723386,2,1,0,0
SYN_000,synthetic,synthetic_track_0,DRV_00,8.4,1,19.638104210957703,0.022192567038992195,0.32355044458964133,0.9462109224722812,0.052438270065186594,0.3316622098226675,0.10494301387238678,0.25,0.0,0.12648381592544272,1.0033807742080227,19.224305522539446,36.88301844545403,0.04194842201398297,5.447408062937294,1.002666078313909,276.6066251811618,949.2593440940213,302.428365830759,8335.888334216772,2,1,0,0
SYN_000,synthetic,synthetic_track_0,DRV_00,8.6,1,19.70445802897388,0.3317690900808934,0.3280372773393775,0.9446647789961095,0.05319358176560804,0.3431601854397926,0.09369832956960292,0.25,0.0,0.0633800879540927,1.0040790543896208,19.224305522539446,36.88301844545403,0.042358984413439646,5.447408062937294,1.0024565019355436,280.5475167869566,948.4460261424206,304.4059971304092,7802.672910277567,2,1,0,0
SYN_000,synthetic,synthetic_track_0,DRV_00,8.8,1,19.577150880763423,-0.6365357410522954,0.33253184460319607,0.943092027495088,0.053951445535953185,0.317041301456852,0.12059482897536809,0.25,0.0,0.12674743451573317,1.0027163614048682,19.224305522539446,36.88301844545403,0.04276904955356231,5.447408062937294,1.0022467827781794,284.4629469631093,946.6961950957038,308.27867230480024,7826.1854100937635,2,1,0,0
SYN_000,synthetic,synthetic_track_0,DRV_00,9.0,1,19.548696688586293,-0.1422709608856465,0.3369899063115555,0.9415082596791857,0.054704412877521015,0.33368963233927945,0.10109450249292161,0.25,0.0,0.12634319611670594,0.9976870451727196,19.224305522539446,36.88301844545403,0.04317860607523202,5.447408062937294,1.002037776357803,288.37268630082656,944.785483910719,312.0405351891448,7945.32292520316,2,1,0,0
SYN_000,synthetic,synthetic_track_0,DRV_00,9.200000000000001,1,19.630839837196188,0.41071574304947234,0.34143396226228545,0.9399057662414229,0.05545628582708203,0.344108009621828,0.08953097095445985,0.25,0.0,0.06287612070900635,0.993820702016669,19.224305522539446,36.88301844545403,0.043587642633418966,5.447408062937294,1.0018290511249173,292.2988542682658,943.7711060537657,313.87969225337315,7947.450318750788,2,1,0,0
SYN_000,synthetic,synthetic_track_0,DRV_00,9.4,1,19.591576955346188,-0.1963144092500002,0.34588902379982417,0.9382754303587005,0.056211318128512655,0.33659421841073944,0.09624704392098445,0.25,0.0,0.12488093123187315,0.9834727848531417,19.224305522539446,36.88301844545403,0.04399614789749673,5.447408062937294,1.0016201238504103,296.21716965933507,941.6270109626126,317.4741148213729,7885.917078464303,2,1,0,0
SYN_000,synthetic,synthetic_track_0,DRV_00,9.600000000000001,1,19.772379318570675,0.9040118161224342,0.35032741391737154,0.9366273021100584,0.0569648403191029,0.34677169687024983,0.08421989519444922,0.25,0.0,0.06189660533567127,0.9770395706916774,19.224305522539446,36.88301844545403,0.044404110551556124,5.447408062937294,1.0014115321155888,300.1716455230492,940.4984049672969,319.22927659159495,8008.654069572213,2,1,0,0
SYN_000,synthetic,synthetic_track_0,DRV_00,9.8,1,19.90674043830981,0.6718055986956806,0.35479880189625235,0.9349426774797394,0.057725316446740234,0.3528544457626752,0.07773825925057053,0.25,0.0,0.12244794363069911,0.9618043626416577,19.224305522539446,36.88301844545403,0.044811519294718695,5.447408062937294,1.0012023110236385,304.1529936107112,938.1309232023343,322.65532568017255,7780.648250535073,2,1,0,0
SYN_000,synthetic,synthetic_track_0,DRV_00,10.0,1,19.961351942509918,0.2730575210005348,0.35929239122389006,0.9332250412460111,0.05849096030975215,0.34301906757716905,0.08779141373770881,0.25,0.0,0.06045445637066092,0.9530721550100554,19.224305522539446,36.88301844545403,0.04521836284144975,5.447408062937294,1.0009926683016905,308.14526399921317,936.8932124985026,324.32617650900244,8380.612428101475,2,1,0,0
SYN_000,synthetic,synthetic_track_0,DRV_00,10.200000000000001,1,20.173354335411275,1.0600119645067885,0.3637899588081431,0.9314810067147744,0.059258704615233304,0.3537747787678031,0.07367630978279141,0.25,0.0,0.11914526111328852,0.9335725473835977,19.224305522539446,36.88301844545403,0.045624629921870954,5.447408062937294,1.0007829582290173,312.1799348662954,934.312825601269,327.5835239377871,7848.741139746068,2,1,0,0
SYN_000,synthetic,synthetic_track_0,DRV_00,10.4,1,20.4011359411393,1.138908028640131,0.36832669242933685,0.9296964276816733,0.06003460285890296,0.35947672824483723,0.06882815092156544,0.25,0.0,0.05860859760014171,0.9228886658918904,19.224305522539446,36.88301844545403,0.04603030928207255,5.447408062937294,1.0005724916618808,316.2601620545233,932.9713622261637,329.17005163008093,7997.879014595599,2,1,0,0
SYN_000,synthetic,synthetic_track_0,DRV_00,10.600000000000001,1,20.602739961946405,1.0080201040355163,0.37290574813442273,0.927869227320481,0.06081926193356217,0.3603240192185503,0.06617059053866654,0.25,0.0,0.11510393008498222,0.899870864818303,19.224305522539446,36.88301844545403,0.04643538968442508,5.447408062937294,1.0003612025430342,320.38071004691255,930.1889813983069,332.25897723960094,8119.471093793291,2,1,0,0
SYN_000,synthetic,synthetic_track_0,DRV_00,10.8,1,20.844209272155208,1.2073465510440151,0.3775208548963225,0.9260010821367056,0.06161167500902164,0.3670411826898041,0.05656350367617699,0.25,0.0,0.11207192965770514,0.8749502086267397,19.224305522539446,36.88301844545403,0.046839859907890635,5.447408062937294,1.0001492094201618,324.5495519013436,927.2781865217839,335.23607750574746,7824.844839312557,2,1,0,0
SYN_000,synthetic,synthetic_track_0,DRV_00,11.0,1,21.205462162731017,1.806264452879045,0.38218052782091144,0.9240876820705541,0.062413375365642995,0.36868136336925267,0.05536270436752598,0.25,0.0,0.0548291678819325,0.8618873936651037,19.224305522539446,36.88301844545403,0.04724370874833379,5.447408062937294,0.9999363402472314,328.7906443338898,925.776228213594,336.6828656225608,8107.153531020735,2,1,0,0
SYN_000,synthetic,synthetic_track_0,DRV_00,11.200000000000001,1,21.54348671428219,1.6901227577558586,0.38691100639231135,0.9221170604280613,0.06322897006420958,0.37182222449860186,0.05071728325983616,0.25,0.0,0.10712945659685626,0.834773171370146,19.224305522539446,36.88301844545403,0.04764692501883188,5.447408062937294,0.999722071332566,333.09934167674623,922.6824264372751,339.49336064350734,8335.406949935572,2,1,0,0
SYN_000,synthetic,synthetic_track_0,DRV_00,11.4,1,21.929698624842537,1.9310595528017416,0.39170648541212816,0.9200902288830581,0.06405756570706658,0.38095446490055873,0.039072097718871004,0.25,0.0,0.10363506698520819,0.8066154419008945,19.224305522539446,36.88301844545403,0.0480494975499849,5.447408062937294,0.9995065082316771,337.48528140171476,919.4731493513765,342.19380079364805,8324.562378425544,2,1,0,0
SYN_000,synthetic,synthetic_track_0,DRV_00,11.600000000000001,1,22.350471858801953,2.1038661697970795,0.3965770283150636,0.9180014491343645,0.06490101565417591,0.37657591358388315,0.0452391571854142,0.25,0.0,0.05047067351481551,0.7922423843304262,19.224305522539446,36.88301844545403,0.04845141519022495,5.447408062937294,0.999289442265656,341.95537577347517,917.8268627687979,343.5030617055178,8185.76286952207,2,1,0,0
SYN_000,synthetic,synthetic_track_0,DRV_00,11.8,1,22.657256278884432,1.533922100412397,0.40152956267370893,0.9158460625558533,0.06576064918720677,0.3755076550251037,0.044065774718304584,0.25,0.0,0.09819532997659018,0.763086071022582,19.224305522539446,36.88301844545403,0.04885266680612508,5.447408062937294,0.999070724704707,346.486827029252,914.4543358316757,346.04038377357585,8469.888685929112,2,1,0,0
SYN_000,synthetic,synthetic_track_0,DRV_00,12.0,1,23.228380896152448,2.8556230863400778,0.4065381190331745,0.9136338203968636,0.06663208212101,0.40316963269752565,0.011815566979040952,0.25,0.0,0.09448916617065262,0.7335966351933311,19.224305522539446,36.88301844545403,0.049253241282707735,5.447408062937294,0.9988508604341052,351.1325032084825,910.979695129204,348.47052381933554,8140.8710404454305,2,1,0,0
SYN_000,synthetic,synthetic_track_0,DRV_00,12.200000000000001,1,23.78239544315226,2.770072734999065,0.41166027288803847,0.9113373797478878,0.06752548138624663,0.40569301097289223,0.008039031855757205,0.25,0.0,0.0907557946252228,0.7040007079736917,19.224305522539446,36.88301844545403,0.049653127523752644,5.447408062937294,0.9986286896858486,355.88898229711293,907.4083627679053,350.79493250092094,8084.804840392848,2,1,0,0
SYN_000,synthetic,synthetic_track_0,DRV_00,12.4,1,24.38969650546683,3.0365053115728458,0.41689115346589956,0.9089564159858666,0.06844018890329095,0.408244474662447,0.00335156530245167,0.25,0.0,0.08702164926878513,0.6744904635149276,19.224305522539446,36.88301844545403,0.05005231445210419,5.447408062937294,0.9984042910673934,360.7669215982063,903.7457875501436,353.0152287202304,8284.408336845732,2,1,0,0
SYN_000,synthetic,synthetic_track_0,DRV_00,12.600000000000001,1,25.039688150807283,3.2499582267022653,0.42224130460667797,0.9064834696143392,0.06937825415350121,0.4103278177254739,0.000770457640752735,0.25,0.0,0.08330885441925802,0.6452245565885456,19.224305522539446,36.88301844545403,0.05045079100997825,5.447408062937294,0.9981774334354071,365.77485922836775,899.9974332800973,355.1331964127745,8580.926464838944,2,1,0,0
SYN_000,synthetic,synthetic_track_0,DRV_00,12.8,1,25.720123422588188,3.402176358904523,0.42771877685522214,0.9039118584936657,0.07034131908237841,0.4173761234860629,0.0,0.25,0.0,0.07963541052337098,0.6163300398317383,19.224305522539446,36.88301844545403,0.050848546159268496,5.447408062937294,0.9979479322627565,370.9188839128854,896.1687671242667,357.15078097543864,8002.777044282649,2,1,0,0
SYN_000,synthetic,synthetic_track_0,DRV_00,13.0,1,26.350842833418263,3.1535970541503744,0.43332878807059844,0.901235907756269,0.07133055459863182,0.4231088231493998,0.00022965491527117488,0.25,0.0,0.07601548217974145,0.5879049326524499,19.224305522539446,36.88301844545403,0.051245568881852194,5.447408062937294,0.9977156569029219,376.18905247956906,892.2652480523913,359.0700853391509,8193.418433295934,2,1,0,0
SYN_000,synthetic,synthetic_track_0,DRV_00,13.200000000000001,1,26.999794921267885,3.244760439248111,0.43905900686410493,0.8984582285735413,0.07234404855376328,0.4297734195285545,0.004139544800986777,0.25,0.0,0.07245975001940834,0.5600211635119589,19.224305522539446,36.88301844545403,0.05164184817989537,5.447408062937294,0.9974808294050419,381.58901146382266,888.2923153843708,360.8933656942806,8619.849127506493,2,1,0,0
SYN_000,synthetic,synthetic_track_0,DRV_00,13.4,1,27.676635137640215,3.384201081861651,0.4449118765820315,0.8955743531813845,0.07338250220458128,0.4394201569912672,0.006252516403262192,0.25,0.0,0.06897579479796029,0.5327276631928388,19.224305522539446,36.88301844545403,0.052037373076157495,5.447408062937294,0.9972433728385098,387.1243384913507,884.2553774684675,362.6230268774242,8411.83078594657,2,1,0,0
SYN_000,synthetic,synthetic_track_0,DRV_00,13.600000000000001,1,28.455027426967977,3.8919614466388097,0.4508918065702706,0.892578612094082,0.0744469881714136,0.4567178110575259,0.0015446265423541905,0.25,0.0,0.06556848912848072,0.5060534412216975,19.224305522539446,36.88301844545403,0.05243213261429555,5.447408062937294,0.9970031677824628,392.8153439767443,880.1598005156692,364.26161742904515,8646.437561413624,2,1,0,0
SYN_000,synthetic,synthetic_track_0,DRV_00,13.8,1,29.235773712943278,3.9037314298765047,0.45701888755677045,0.8894569896382691,0.07554141230322006,0.47477560069030256,0.0,0.375,0.0,0.06224037888959606,0.480010527059995,19.224305522539446,36.88301844545403,0.05282611585916751,5.447408062937294,0.9967597706883224,398.662498719333,876.0108976146626,365.81182433222244,9575.055621240586,3,1,0,0
SYN_000,synthetic,synthetic_track_0,DRV_00,14.0,1,30.108282180164807,4.362542336107644,0.4632915720589024,0.8862059124487891,0.07666586513833326,0.5047061960015361,0.0010552537765327334,0.375,0.0,0.08729461462577445,0.4421217163096836,19.224305522539446,36.88301844545403,0.05321931189713526,5.447408062937294,0.996513174472595,404.68415515536594,869.6990196290428,367.9776186775001,9788.82154623238,3,1,0,0
SYN_000,synthetic,synthetic_track_0,DRV_00,14.200000000000001,1,30.969997497771704,4.308576588034487,0.46972728322537566,0.8828115763817938,0.07782387599141653,0.5127597627390019,0.005111724543162238,0.375,0.0,0.054266416804020036,0.41762220028351704,19.224305522539446,36.88301844545403,0.053611709836366976,5.447408062937294,0.996262978649233,410.8781546549203,865.4396013505751,369.31947948888563,9854.130936780162,3,1,0,0
SYN_000,synthetic,synthetic_track_0,DRV_00,14.4,1,32.003838698682365,5.169206004553306,0.47632123947219734,0.8792713328817616,0.07901502974133083,0.5451462166354339,0.0,0.375,0.0,0.05121000532824308,0.393699432851421,19.224305522539446,36.88301844545403,0.0540032988071387,5.447408062937294,0.9960092339690112,417.2789223946568,861.144881071243,370.5833682861996,9726.665712313767,3,1,0,0
SYN_000,synthetic,synthetic_track_0,DRV_00,14.600000000000001,1,32.96618652326198,4.811739122898082,0.4831072797234797,0.8755611664973382,0.08024594661435708,0.5727640334228765,0.001354703745036443,0.375,0.0,0.07123771856551873,0.3588199593740134,19.224305522539446,36.88301844545403,0.05439406796213558,5.447408062937294,0.9957511863322379,423.8721596993092,854.6473950493552,372.3401133868896,9836.474861498602,3,1,0,0
SYN_000,synthetic,synthetic_track_0,DRV_00,14.8,1,34.0895083662285,5.616609214832593,0.49006715649257726,0.8716846804477407,0.08151387686525177,0.5948548160309186,0.0,0.375,0.0,0.04386804043470743,0.3361774704650429,19.224305522539446,36.88301844545403,0.05478400647675227,5.447408062937294,0.9954891535571505,430.69006137255485,850.2858087412757,373.4234598865253,9884.582953011004,3,1,0,0
SYN_000,synthetic,synthetic_track_0,DRV_00,15.0,1,35.18267032302435,5.465809783979232,0.49723147468113754,0.8676179231588184,0.08282501180241439,0.6415405355851552,0.0030835975589716307,0.375,0.0,0.060511262402265474,0.303017048681403,19.224305522539446,36.88301844545403,0.055173103549392796,5.447408062937294,0.9952224305985469,437.72659543715974,843.7101681787267,374.9254638657134,10057.5937052985,3,1,0,0
SYN_000,synthetic,synthetic_track_0,DRV_00,15.200000000000001,1,36.490934846976856,6.541322619762546,0.5045901428851259,0.8633590143753456,0.08417819143022302,0.7032683226955645,0.0050081423460577035,0.375,0.0,0.05431185059338286,0.2706769844276863,19.224305522539446,36.88301844545403,0.05556134840176978,5.447408062937294,0.9949511533934126,445.0247824065551,837.1080227989837,376.29065031148417,10014.075824983329,3,1,0,0
SYN_000,synthetic,synthetic_track_0,DRV_00,15.4,1,37.95093369577366,7.299994243984003,0.5121838998682899,0.8588758075040358,0.08558168892433753,0.7753246701019978,0.00044434665449756246,0.375,0.0,0.04825214099328419,0.23899137564121542,19.224305522539446,36.88301844545403,0.055948730279202996,5.447408062937294,0.9946743787168558,452.61496914570984,830.4937848273045,377.53151487896486,10002.74254605491,3,1,0,0
SYN_000,synthetic,synthetic_track_0,DRV_00,15.600000000000001,1,39.65213083454335,8.505985693848466,0.5200392221630775,0.854142381229278,0.08704134022032882,0.8633008577128997,0.0,0.5,0.0,0.04230063523858648,0.2077944758876681,19.224305522539446,36.88301844545403,0.056335238450917285,5.447408062937294,0.9943914421570804,460.5453953126185,823.8810789470386,378.6608728672419,11279.967100123484,4,1,0,0
SYN_000,synthetic,synthetic_track_0,DRV_00,15.8,1,41.73154266924762,10.397059173521335,0.5281999320984098,0.8491200337592061,0.08856642217550356,0.9498639171967298,0.0,0.5,0.0,0.036426300610696107,0.17692517675919617,19.224305522539446,36.88301844545403,0.05672086221033981,5.447408062937294,0.9941012856535816,468.89170384646803,817.2826888902803,379.6917979754264,11401.668280312535,4,1,0,0
SYN_000,synthetic,synthetic_track_0,DRV_00,16.0,1,43.79837724312717,10.334172869397769,0.536736204988263,0.8437501088917247,0.09017148150893615,0.9982641018666589,0.0017358981333411103,0.5,0.0,0.030599372302918412,0.14623107402737195,19.224305522539446,36.88301844545403,0.05710559087539663,5.447408062937294,0.9938022482663197,477.6513792950935,810.7105090529712,380.6375597243874,12058.060096796273,4,1,0,0
SYN_000,synthetic,synthetic_track_0,DRV_00,16.2,1,45.795960815594434,9.987917862336317,0.545636527225418,0.8380219449139656,0.09185603447982567,0.9953480292917595,0.004651970708240498,0.5,0.0,0.03176538780838258,0.1053390325080976,19.224305522539446,36.88301844545403,0.057489413788808605,5.447408062937294,0.9934943885324263,486.81057145821234,802.0071814700515,381.7892735861318,12016.658216704753,4,1,0,0
SYN_000,synthetic,synthetic_track_0,DRV_00,16.400000000000002,1,47.78981845609256,9.969288202490638,0.5548773929978762,0.8319321358980434,0.09361741758811776,1.0,0.0,0.5,0.0,0.017037094403546702,0.07454042374617602,19.224305522539446,36.88301844545403,0.05787232031838663,5.447408062937294,0.9931780143459644,496.36853514943084,795.5371067929875,382.58854681341415,11982.250066033128,4,1,0,0
SYN_000,synthetic,synthetic_track_0,DRV_00,16.6,1,49.85572027913698,10.329509115222102,0.5644481050121872,0.8254685558809317,0.0954554875287367,0.9935188436428843,0.006481156357115698,0.5,1.0,0.013605247132823331,0.0331273188682877,19.224305522539446,36.88301844545403,0.05825429985732607,5.447408062937294,0.9928531452830758,506.3396792052582,787.0033430971362,383.5938112793891,12092.672069942291,4,1,0,0
SYN_000,synthetic,synthetic_track_0,DRV_00,16.8,1,51.91655091812425,10.304153194936347,0.5743522929321725,0.8186082357291282,0.09737301523178042,1.0,0.0,0.625,1.0,0.003084229526203093,0.008802784821274482,19.224305522539446,36.88301844545403,0.058635341824500725,5.447408062937294,0.9925194675236952,516.7229893888831,778.5918366946472,384.55899837271727,13459.452743736203,5,1,0,0
SYN_000,synthetic,synthetic_track_0,DRV_00,17.0,1,53.90594045700383,9.946947694397892,0.5845772465907577,0.8113380570196177,0.09936980565170829,1.0,0.0,0.625,1.0,-0.007572478206717569,0.05126497807914798,19.224305522539446,36.88301844545403,0.05901543566475578,5.447408062937294,0.9921770065475789,527.5041774802838,770.3168659467982,385.5152208584479,13567.202283217106,5,1,0,0
SYN_000,synthetic,synthetic_track_0,DRV_00,17.2,1,55.38838410658721,7.412218247916904,0.5950966165402287,0.803654165037656,0.10144311105390073,0.9028459102815068,0.0,0.625,0.0,-0.018350114283434877,0.0941208058833626,19.224305522539446,36.88301844545403,0.05939457084920034,5.447408062937294,0.9918260798542347,538.5818543016013,762.1893191566335,386.4927935897807,13470.364520890456,5,1,0,0
SYN_000,synthetic,synthetic_track_0,DRV_00,17.400000000000002,1,55.436606137657016,0.2411101553490269,0.6058000666415845,0.795616917402497,0.10357343351953871,0.41070207332431086,0.0,0.625,0.0,-0.03818003246111528,0.1477254670801743,19.224305522539446,36.88301844545403,0.05977273687549896,5.447408062937294,0.9914689211562763,549.6691755291328,752.2482878727636,387.7892358339322,13980.149694555212,5,1,0,0
SYN_000,synthetic,synthetic_track_0,DRV_00,17.6,1,53.33342317904656,-10.515914793052268,0.6164041571444427,0.7874299429505136,0.10570561067867938,0.15915828957167605,0.3369278398156851,0.625,0.0,-0.04265737247498939,0.1899327825435009,19.224305522539446,36.88301844545403,0.0601499232681626,5.447408062937294,0.9911118441714714,560.3358601649421,744.4746898446357,388.91981115092284,13329.322208892967,5,1,0,0
SYN_000,synthetic,synthetic_track_0,DRV_00,17.8,1,50.323173324835665,-15.051249271054488,0.6265015545600066,0.7794201704689808,0.10775689618556579,0.04145612417370654,0.4896438928481433,0.625,0.0,-0.05314822588271169,0.23063131048358507,19.224305522539446,36.88301844545403,0.06052611957883887,5.447408062937294,0.9907643182162806,570.4004948299092,736.860601739219,390.1616930442741,13318.301126640803,5,1,0,0
SYN_000,synthetic,synthetic_track_0,DRV_00,18.0,1,47.14327627526339,-15.899485247861378,0.6359336370465263,0.7717437458591919,0.10969240285190562,0.028365556834909603,0.5096003776248257,0.5,0.0,-0.06312536252347141,0.2687272609765536,19.224305522539446,36.88301844545403,0.06090131538660139,5.447408062937294,0.9904303375113227,579.829150084962,729.402793198969,391.5390504166624,12131.251884572592,4,1,0,0
SYN_000,synthetic,synthetic_track_0,DRV_00,18.2,1,44.256416631415874,-14.434298219237576,0.644684414588871,0.7644488247006497,0.1115056057855696,0.051017061168220613,0.4793579529764541,0.5,0.0,-0.07228593102614786,0.3029275119746687,19.224305522539446,36.88301844545403,0.061275500298238486,5.447408062937294,0.9901106516222203,588.6804334112451,722.0949513312185,393.0740289283761,11691.792615701042,4,1,0,0
SYN_000,synthetic,synthetic_track_0,DRV_00,18.400000000000002,1,41.988177145807796,-11.341197428040388,0.6528232056889853,0.7575103049556202,0.11320777565600867,0.10987555230808448,0.400580311337249,0.5,0.0,-0.05954173288414225,0.32517580026097276,19.224305522539446,36.88301844545403,0.06164866394854107,5.447408062937294,0.9898039742939514,597.0780688404067,716.7070304586927,394.34078305484616,11576.640701032866,4,1,0,0
SYN_000,synthetic,synthetic_track_0,DRV_00,18.6,1,40.02343131125752,-9.823729172751392,0.6604758510141596,0.7508472882198628,0.11482270554623206,0.14086422997944642,0.35868508136682575,0.5,0.0,-0.08531060117082194,0.349178505164034,19.224305522539446,36.88301844545403,0.06202079600058977,5.447408062937294,0.989507586698895,605.0827551026582,709.63772591286,396.198150680893,11528.984287410181,4,1,0,0
SYN_000,synthetic,synthetic_track_0,DRV_00,18.8,1,38.514009740863266,-7.547107851971262,0.6677071155007972,0.7444240780023206,0.11636206828897273,0.20123340444343168,0.28066762856774274,0.375,0.0,-0.0674550105078738,0.36223652496050374,19.224305522539446,36.88301844545403,0.0623918861460413,5.447408062937294,0.9892201565574903,612.7855570508309,704.4140694719252,397.72603000213644,10260.777585544369,3,1,0,0
SYN_000,synthetic,synthetic_track_0,DRV_00,19.0,1,37.50231102269931,-5.058493590819779,0.674606697976411,0.7381773520268441,0.11784337635592902,0.24110909456711982,0.22546522937626257,0.375,0.0,-0.06948778550364872,0.37056998868050606,19.224305522539446,36.88301844545403,0.06276192410541398,5.447408062937294,0.9889396835268186,620.2860192553708,699.2500978667672,399.37586413046716,10170.705591837623,3,1,0,0
SYN_000,synthetic,synthetic_track_0,DRV_00,19.200000000000003,1,36.764407303203825,-3.6895185974774236,0.6812688890342767,0.7320332648411562,0.11928577293372515,0.2687271083658407,0.18560350366618344,0.375,0.0,-0.07059494949441185,0.37388406639003074,19.224305522539446,36.88301844545403,0.06313089962837248,5.447408062937294,0.988663980701431,627.6389007160116,694.138347601858,401.1524618592151,10500.609513257803,3,1,0,0
SYN_000,synthetic,synthetic_track_0,DRV_00,19.400000000000002,1,36.39278176273618,-1.858127702338237,0.6877456817365438,0.7259517044905512,0.120699788599233,0.3072166181550029,0.13463433968330396,0.375,0.0,-0.07073562345586303,0.37204628699082776,19.224305522539446,36.88301844545403,0.06349880249401178,5.447408062937294,0.9883918464496053,634.9174570685587,689.0707170893696,403.0597597396308,10106.39627441573,3,1,0,0
SYN_000,synthetic,synthetic_track_0,DRV_00,19.6,1,36.295299563049845,-0.48741099843166324,0.6941035404581049,0.7198751802385772,0.12209951097472284,0.3482657770390786,0.08221593781617068,0.375,0.0,-0.06990131188670472,0.3651007396873276,19.224305522539446,36.88301844545403,0.0638656225111403,5.447408062937294,0.9881216722047106,642.1765169811687,684.0385292695003,405.1008057399542,10098.99236057418,3,1,0,0
SYN_000,synthetic,synthetic_track_0,DRV_00,19.8,1,36.512015217323516,1.0835782713683528,0.7003908983933432,0.7137594759075115,0.12349548403484013,0.3780005819697916,0.0447086618120162,0.375,0.0,-0.045666275369420854,0.3577341583430535,19.224305522539446,36.88301844545403,0.06423134951856217,5.447408062937294,0.9878522547844069,649.4789200246333,680.6989097878428,406.53690542356975,10485.09707809982,3,1,0,0
SYN_000,synthetic,synthetic_track_0,DRV_00,20.0,1,36.97954060003155,2.337626913540163,0.7066614300329329,0.7075518520248606,0.1248997923124295,0.4079159904730775,0.004628756663023459,0.375,0.0,-0.06642688705449866,0.3428418373681136,19.224305522539446,36.88301844545403,0.06459597338535875,5.447408062937294,0.9875822147574116,656.8748281446397,675.7051552024552,408.80518935552954,10517.578353712252,3,1,0,0
SYN_000,synthetic,synthetic_track_0,DRV_00,20.200000000000003,1,37.56417628080111,2.9231784038477926,0.7129561740874576,0.7012085950917707,0.12632208233550762,0.4383673289039467,0.0,0.375,0.0,-0.0631998597051912,0.32376324030901626,19.224305522539446,36.88301844545403,0.06495948401116923,5.447408062937294,0.9873104515910281,664.3876634007999,670.7213934318718,411.2109300577649,10188.288686615826,3,1,0,0
SYN_000,synthetic,synthetic_track_0,DRV_00,20.400000000000002,1,38.20209651666912,3.1896011793400803,0.7192921389605521,0.6947077218726979,0.12776685834630766,0.4811370817150858,0.0,0.375,0.0,-0.05923240698657079,0.3010689961941868,19.224305522539446,36.88301844545403,0.06532187132647045,5.447408062937294,0.9870364530208023,672.0280827041337,665.7374102449686,413.75385160308184,10461.261381810566,3,1,0,0
SYN_000,synthetic,synthetic_track_0,DRV_00,20.6,1,39.01979230502364,4.0884789417726,0.7256749067998379,0.6880377385296874,0.12923616975079494,0.534776146469264,0.005554435449633963,0.5,0.0,-0.05463940075218159,0.27539318272054436,19.224305522539446,36.88301844545403,0.06568312529285578,5.447408062937294,0.9867599876062133,679.8320411651384,660.7427356967787,416.43277407551886,11401.969309475608,4,1,0,0
SYN_000,synthetic,synthetic_track_0,DRV_00,20.8,1,40.07782791928762,5.290178071319893,0.7321304424300956,0.6811644553755815,0.13073693099329586,0.6166250434274866,0.0,0.5,0.0,-0.049543891593415185,0.24739335406973978,19.224305522539446,36.88301844545403,0.06604323590331324,5.447408062937294,0.986480267336934,687.847606748996,655.7267160653537,419.2456234209919,11832.775123130119,4,1,0,0
SYN_000,synthetic,synthetic_track_0,DRV_00,21.0,1,41.25020275464851,5.861874176804456,0.7386932471059757,0.6740417544040056,0.13227838591326846,0.6964154871158422,0.0,0.5,0.0,-0.044069904647957445,0.21771514642408432,19.224305522539446,36.88301844545403,0.06640219318250269,5.447408062937294,0.9861962377103324,696.0976472999257,650.6785860983716,422.1894458761432,11569.211607930478,4,1,0,0
SYN_000,synthetic,synthetic_track_0,DRV_00,21.200000000000003,1,42.84620300498236,7.980001251669222,0.7453756617811396,0.6666446750888574,0.13386493217306264,0.8474493440426247,0.005524754545492915,0.5,0.0,-0.04981219193337259,0.1765717652449719,19.224305522539446,36.88301844545403,0.06675998718703213,5.447408062937294,0.9859073986168532,704.6668879009222,643.8791253433612,426.3115642716644,11957.024313313665,4,1,0,0
SYN_000,synthetic,synthetic_track_0,DRV_00,21.400000000000002,1,44.79422063175086,9.74008813384252,0.7522381917563609,0.6588912678607302,0.13551286305786966,0.9792945895802333,0.0,0.5,0.0,-0.03047519207051646,0.1452273942637003,19.224305522539446,36.88301844545403,0.06711660800573323,5.447408062937294,0.9856118890780209,713.6257320272724,638.714119245368,429.544712796672,11629.155215104534,4,1,0,0
SYN_000,synthetic,synthetic_track_0,DRV_00,21.6,1,46.75543443165462,9.8060689995188,0.7593264867266111,0.6507098328405848,0.13723571769755238,1.0,0.0,0.5,0.0,-0.03140740396437488,0.10364033075118972,19.224305522539446,36.88301844545403,0.06747204575993569,5.447408062937294,0.9853081631809805,722.9768189136033,631.7200475938805,434.03344295688487,11818.297988126165,4,1,0,0
SYN_000,synthetic,synthetic_track_0,DRV_00,21.8,1,48.78076637715835,10.12665972751865,0.7666302073347334,0.6420888764041187,0.1390340036372314,1.0,0.0,0.5,0.0,-0.01671994310956166,0.07307267486281323,19.224305522539446,36.88301844545403,0.06782629060374111,5.447408062937294,0.9849961658163394,732.732972189035,626.3804872832434,437.5248154901132,12180.326879515693,4,1,0,0
SYN_000,synthetic,synthetic_track_0,DRV_00,22.0,1,50.80478455507928,10.120090889604647,0.7741459699796054,0.6330071225225953,0.1409101869594298,0.9891990320472,0.010800967952799896,0.625,1.0,-0.013435847061789758,0.033674317766535344,19.224305522539446,36.88301844545403,0.06817933272429558,5.447408062937294,0.9846756178081137,742.8939291000509,619.1166125374489,442.3322421709081,13315.277039262017,5,1,0,0
SYN_000,synthetic,synthetic_track_0,DRV_00,22.200000000000003,1,52.92516848271124,10.601919638159814,0.7818591951916014,0.6234550496181271,0.14286421713462516,1.0,0.0,0.625,1.0,-0.0037281574773327815,0.0037402730660754716,19.224305522539446,36.88301844545403,0.06853116234206152,5.447408062937294,0.9843465278707416,753.4789627965931,611.6667583263502,447.2956747237746,13068.753061551377,5,1,0,0
SYN_000,synthetic,synthetic_track_0,DRV_00,22.400000000000002,1,54.88806992912318,9.814507232059704,0.7897689868179743,0.6134043914584492,0.14489980053780638,0.9972135825139855,0.0027864174860145288,0.625,1.0,0.0054354543127719005,0.038857782246833186,19.224305522539446,36.88301844545403,0.06888176971108868,5.447408062937294,0.9840084749187095,764.4565767824178,604.0094303384403,452.3936600146687,13283.037553491296,5,1,0,0
SYN_000,synthetic,synthetic_track_0,DRV_00,22.6,1,56.590253307862596,8.510916893697065,0.7978356551446055,0.6028750014555074,0.14701088015046496,0.9870212269814739,0.0,0.625,0.0,0.018754767180687953,0.07926018658005574,19.224305522539446,36.88301844545403,0.06923114511928397,5.447408062937294,0.9836621547885627,775.7746274439903,594.115870369756,458.9198981063178,13830.751582462883,5,1,0,0
SYN_000,synthetic,synthetic_track_0,DRV_00,22.8,1,57.23686121864486,3.2330395539113255,0.8060055032335264,0.591908040794573,0.14918742835461352,0.625860969034608,0.002691385862768685,0.625,0.0,0.02379293470368878,0.10870132274128864,19.224305522539446,36.88301844545403,0.06957927888868057,5.447408062937294,0.9833087175431892,787.2219996877193,585.9217724588096,464.2336157018209,13912.720859289944,5,1,0,0
SYN_000,synthetic,synthetic_track_0,DRV_00,23.0,1,56.69191381959527,-2.7247369952479517,0.8141153622113491,0.5807031746180522,0.15138884609379216,0.3460185265143619,0.08567455452365116,0.625,0.0,0.03966545588727098,0.14191205007280483,19.224305522539446,36.88301844545403,0.06992616137570605,5.447408062937294,0.9829528106077196,798.5603824516384,575.3046279649736,470.9486787716626,13733.636181344404,5,1,0,0
SYN_000,synthetic,synthetic_track_0,DRV_00,23.200000000000003,1,54.994009715412155,-8.489520520915583,0.8219944744194317,0.5694954644454354,0.15356930431762275,0.21075424008633767,0.26430443147655824,0.625,0.0,0.038894190291237515,0.165676880287825,19.224305522539446,36.88301844545403,0.07027178297144941,5.447408062937294,0.9825996797081902,809.5591843947208,566.495455094683,476.3458468951984,13547.156575660365,5,1,0,0
SYN_000,synthetic,synthetic_track_0,DRV_00,23.400000000000002,1,53.0277075445257,-9.831510854432288,0.829490202848155,0.5585212649299278,0.1556844585374463,0.1698350947537709,0.32082230369454434,0.625,0.0,0.044590064901907214,0.18704231104899371,19.224305522539446,36.88301844545403,0.07061613410192734,5.447408062937294,0.9822544007262991,820.1647259036259,557.3945567024655,481.735076298983,13256.264495638057,5,1,0,0
SYN_000,synthetic,synthetic_track_0,DRV_00,23.6,1,50.836972425237775,-10.95367559643961,0.8365791973627678,0.5478460062279065,0.1577239857506973,0.13506462017556517,0.36638407868229245,0.625,0.0,0.06284624885484079,0.21053213955582004,19.224305522539446,36.88301844545403,0.07095920522834938,5.447408062937294,0.9819181574751765,830.3321203886735,545.5966000368528,488.4172905015527,13170.557326454193,5,1,0,0
SYN_000,synthetic,synthetic_track_0,DRV_00,23.8,1,48.81665256069658,-10.101599322705965,0.8432463561121244,0.5375272857294077,0.15967925392089874,0.15374026689984294,0.3403876357029748,0.5,0.0,0.05527825724438686,0.22688577454803227,19.224305522539446,36.88301844545403,0.07130098684738216,5.447408062937294,0.9815919403107957,840.0954509008128,535.814875898765,493.6850111130481,12225.071750732637,4,1,0,0
SYN_000,synthetic,synthetic_track_0,DRV_00,24.0,1,47.285945547003436,-7.653535068465729,0.849528784219673,0.5275422682423127,0.16155681748092554,0.20036884464489282,0.2795261609982178,0.5,0.0,0.044025544692358504,0.23780318817948942,19.224305522539446,36.88301844545403,0.07164146949141266,5.447408062937294,0.9812750022463195,849.5526400102135,528.276867432393,497.57178966120523,12127.809377417198,4,1,0,0
SYN_000,synthetic,synthetic_track_0,DRV_00,24.200000000000003,1,45.91800185070739,-6.839718481480226,0.8555015017548819,0.5178003287901058,0.16337550769427184,0.2194723440931983,0.25535963355799646,0.5,0.0,0.061717706610215424,0.25065305350952516,19.224305522539446,36.88301844545403,0.07198064372881047,5.447408062937294,0.9809651918146931,858.736240380355,517.957655138534,502.64661431762613,12303.647678358277,4,1,0,0
SYN_000,synthetic,synthetic_track_0,DRV_00,24.400000000000002,1,44.5977900941947,-6.601058782563456,0.8611945310379685,0.5082754958782624,0.1651415846885298,0.23239288279955767,0.2364871172976764,0.5,0.0,0.06472645756072154,0.26165325296651454,19.224305522539446,36.88301844545403,0.07231850016418903,5.447408062937294,0.9806617956759366,867.6557983991939,507.334334853788,507.573806076219,12087.62214119574,4,1,0,0
SYN_000,synthetic,synthetic_track_0,DRV_00,24.6,1,43.659337029645044,-4.692265322748277,0.8666223714536958,0.49896459322879066,0.16685688430753728,0.26329077953683583,0.19489310695054815,0.5,0.0,0.05024548837129463,0.2687535854439617,19.224305522539446,36.88301844545403,0.07265502943866592,5.447408062937294,0.9803646066171791,876.387665805123,499.1705030433667,511.1566089786953,11973.576030201824,4,1,0,0
SYN_000,synthetic,synthetic_track_0,DRV_00,24.8,1,42.755686338389644,-4.518253456277002,0.8718384932972358,0.489793468316193,0.16853608957790828,0.2703194959211006,0.18372302809002716,0.5,0.0,0.06891617641452408,0.27676933081575145,19.224305522539446,36.88301844545403,0.0729902222301221,5.447408062937294,0.9800719476968117,884.938803072801,488.0298714002589,515.7635220467789,11390.889583313934,4,1,0,0
SYN_000,synthetic,synthetic_track_0,DRV_00,25.0,1,42.15895250112562,-2.983669186320128,0.8768525983754698,0.4807593168334724,0.17018053905246172,0.2965914463902575,0.14996357172067337,0.5,0.0,0.05290536148536202,0.28174577341904994,19.224305522539446,36.88301844545403,0.07332406925346012,5.447408062937294,0.9797836685699214,893.3705935730261,479.4882409623806,519.0781063563277,11734.685724279463,4,1,0,0
SYN_000,synthetic,synthetic_track_0,DRV_00,25.200000000000003,1,41.63856753367668,-2.6019248372447024,0.8817050652057515,0.4718009940541895,0.17180203722558193,0.31357431347435927,0.12900169399689343,0.5,0.0,0.053767190847916105,0.28587815159059315,19.224305522539446,36.88301844545403,0.07365656126086136,5.447408062937294,0.9794984215766962,901.6983070797614,470.7926808664315,522.2616611760942,11190.688271095109,4,1,0,0
SYN_000,synthetic,synthetic_track_0,DRV_00,25.400000000000002,1,41.23065708478139,-2.0395522444764325,0.88640780639477,0.46290517469824416,0.1734035205922618,0.3208458218792704,0.11895764374432649,0.5,0.0,0.07276102648408056,0.29013869539645154,19.224305522539446,36.88301844545403,0.07398768904204213,5.447408062937294,0.9792158735451938,909.9444384967177,458.96940968193337,526.2873623812986,11662.682149419781,4,1,0,0
SYN_000,synthetic,synthetic_track_0,DRV_00,25.6,1,40.96360132127653,-1.335278817524319,0.8909760434216388,0.45405031664863094,0.17498931509552262,0.33397816637763805,0.10246543052014695,0.5,0.0,0.05518197708535504,0.2924421528795756,19.224305522539446,36.88301844545403,0.07431744342450892,5.447408062937294,0.9789355323392805,918.137158760973,449.9387383767102,529.1318174466828,11699.45804125063,4,1,0,0
SYN_000,synthetic,synthetic_track_0,DRV_00,25.8,1,40.75582002336361,-1.0389064895645816,0.8954270962367455,0.44520817077523406,0.17656483822326402,0.3380021392633456,0.09635730942632639,0.5,0.0,0.05554865165168479,0.2940172321300606,19.224305522539446,36.88301844545403,0.0746458152738124,5.447408062937294,0.978656780938676,926.2883227656457,440.77639523636196,531.8181904139049,11422.287114202056,4,1,0,0
SYN_000,synthetic,synthetic_track_0,DRV_00,26.0,1,40.576602539615195,-0.8960874187420842,0.899768491272447,0.4363675768355213,0.17813236976262417,0.3420214439342943,0.09035584981536675,0.5,0.0,0.05578028571165467,0.2948942018066857,19.224305522539446,36.88301844545403,0.07497279549380041,5.447408062937294,0.9783793612645768,934.4036432735687,431.49045059969495,534.3398347156184,11685.174290650122,4,1,0,0
SYN_000,synthetic,synthetic_track_0,DRV_00,26.200000000000003,1,40.46854758856335,-0.5402747552592402,0.9040040901812263,0.42752380627938513,0.17969300832184013,0.34816513553858436,0.08182779710297373,0.5,0.0,0.07451093167849161,0.295025804751751,19.224305522539446,36.88301844545403,0.07529837502687008,5.447408062937294,0.9781031503534814,942.4973527912814,418.93191877472094,537.4356919414962,11482.60461071185,4,1,0,0
SYN_000,synthetic,synthetic_track_0,DRV_00,26.400000000000002,1,40.44056679612864,-0.13990396217351986,0.9081418346806714,0.4186626423539889,0.18124949092140027,0.35601263237844333,0.07179846182364438,0.5,0.0,0.0558258855589417,0.2943792866847196,19.224305522539446,36.88301844545403,0.07562254485421857,5.447408062937294,0.9778278377958873,950.5854661505072,409.39202348118727,539.5513591870389,11169.885974958614,4,1,0,0
SYN_000,synthetic,synthetic_track_0,DRV_00,26.6,1,40.32495519003398,-0.5780580304733007,0.9121899526729559,0.40976760516481847,0.182804897336636,0.35545634757644495,0.070687711925866,0.5,0.0,0.055644955282336324,0.2931195466031352,19.224305522539446,36.88301844545403,0.07594529599609302,5.447408062937294,0.977553073959422,958.650457188514,399.75920665123783,541.4856830486985,11101.071185779514,4,1,0,0
SYN_000,synthetic,synthetic_track_0,DRV_00,26.8,1,40.41595525776976,0.4550003386788859,0.9161397491964688,0.40085902751744457,0.1843558571516373,0.3693351066878973,0.053154095078253916,0.5,0.0,0.05534986462445681,0.2912669770412028,19.224305522539446,36.88301844545403,0.07626661951203922,5.447408062937294,0.9772792471018021,966.733648240068,390.04360027247606,543.2354414694004,11475.757959806171,4,1,0,0
SYN_000,synthetic,synthetic_track_0,DRV_00,27.0,1,40.5793790773869,0.817119098085719,0.9200111641344589,0.39189215081187523,0.18591031696924384,0.37713240679566734,0.044134246840167826,0.5,0.0,0.05494424337192383,0.28883950248718293,19.224305522539446,36.88301844545403,0.07658650650114929,5.447408062937294,0.9770054508019348,974.8495240555453,380.2556629335412,544.7982597839369,11776.643143838333,4,1,0,0
SYN_000,synthetic,synthetic_track_0,DRV_00,27.200000000000003,1,40.762240975548956,0.9143094908102611,0.9238099374265433,0.3828514065691365,0.1874710623183741,0.3782862409855664,0.042176374995639004,0.5,0.0,0.054431247346992735,0.2858525109424845,19.224305522539446,36.88301844545403,0.07690494810230826,5.447408062937294,0.9767313690536465,983.0019722506551,370.40611958342606,546.172622709068,11566.128461928822,4,1,0,0
SYN_000,synthetic,synthetic_track_0,DRV_00,27.400000000000002,1,40.908381487548205,0.7307025599962458,0.9275363882359794,0.37373285712946686,0.18903884081743366,0.3827822035990822,0.03497458426516178,0.5,0.0,0.07159635250781275,0.2810212145688841,19.224305522539446,36.88301844545403,0.07722193549443948,5.447408062937294,0.9764569189757147,991.1836485481647,357.19647601260726,547.7109581334485,11292.548224428929,4,1,0,0
SYN_000,synthetic,synthetic_track_0,DRV_00,27.6,1,41.12853836717261,1.1007843981220233,0.9311857111520673,0.3645451567998383,0.19061224010541628,0.390547067430727,0.02454171116377283,0.5,0.0,0.05283074746043306,0.27677380488891723,19.224305522539446,36.88301844545403,0.07753745989674907,5.447408062937294,0.9761822647764767,999.4093562215992,347.2459260087816,548.6445724558688,11718.000297354369,4,1,0,0
SYN_000,synthetic,synthetic_track_0,DRV_00,27.8,1,41.44860494962668,1.6003329122703391,0.9347629309696018,0.35527209696951906,0.19219410696569214,0.40969687577501973,0.003108025873115877,0.5,0.0,0.05197629443312652,0.271999067494737,19.224305522539446,36.88301844545403,0.07785151256896904,5.447408062937294,0.9759070834059952,1007.6990772115245,337.27064518395713,549.3909470744773,11664.86826601252,4,1,0,0
SYN_000,synthetic,synthetic_track_0,DRV_00,28.0,1,41.78549770339646,1.6844637688489073,0.9382745658396935,0.3458913689272035,0.1937882840791393,0.40132106632155207,0.009936896048615126,0.5,0.0,0.05102237776071093,0.2667007352220461,19.224305522539446,36.88301844545403,0.07816408481159945,5.447408062937294,0.9756309378714277,1016.0561767522038,327.2817900169898,549.9523163348823,11592.46175359698,4,1,0,0
SYN_000,synthetic,synthetic_track_0,DRV_00,28.200000000000003,1,42.17036226821979,1.9243228241166577,0.9417194546363512,0.33639926985564833,0.19539541860619303,0.41179496931031084,0.008630753588913893,0.5,0.0,0.06637481670574491,0.25882302637140153,19.224305522539446,36.88301844545403,0.07847516796614944,5.447408062937294,0.9753537567351677,1024.4902492058477,313.9613455939021,550.418464746962,11532.173419128716,4,1,0,0
SYN_000,synthetic,synthetic_track_0,DRV_00,28.400000000000002,1,42.53234244410772,1.8099008794396454,0.9450987162277497,0.3267849699491388,0.19701735561650918,0.42556248161968124,0.0025167659272324967,0.5,0.0,0.048411260930124475,0.2523017609714564,19.224305522539446,36.88301844545403,0.078784753415377,5.447408062937294,0.9750753315064193,1032.9967176946693,303.98369519064585,550.5615584850746,11546.831269063243,4,1,0,0
SYN_000,synthetic,synthetic_track_0,DRV_00,28.6,1,42.97847464888568,2.2306610238898017,0.9484075637518171,0.3170537699166231,0.19865321494128257,0.44166369938037203,0.0,0.5,0.0,0.047126010680177535,0.24524910663460012,19.224305522539446,36.88301844545403,0.07909283258352767,5.447408062937294,0.9747957654492201,1041.5924126244465,294.02880538628114,550.5330934316452,11752.760012588416,4,1,0,0
SYN_000,synthetic,synthetic_track_0,DRV_00,28.8,1,43.538740323993515,2.8013283755391782,0.9516493411660095,0.3071864766852539,0.20030623319700894,0.463564560519133,0.0,0.5,0.0,0.06065992143019258,0.23500409059887722,19.224305522539446,36.88301844545403,0.0793993969365722,5.447408062937294,0.9745146908548517,1050.3001606892453,280.80896534691806,550.2383121655755,11668.31661390399,4,1,0,0
SYN_000,synthetic,synthetic_track_0,DRV_00,29.0,1,44.05382529756848,2.5754248678748226,0.9548287037938021,0.297156770764941,0.20198080013254718,0.46542718831018803,0.006961797664910757,0.5,0.0,0.043729575170044686,0.22667428262484654,19.224305522539446,36.88301844545403,0.07970443798244288,5.447408062937294,0.9742316080836648,1059.110925748759,270.94707248959253,549.8331680856692,11703.830773364445,4,1,0,0
SYN_000,synthetic,synthetic_track_0,DRV_00,29.200000000000003,1,44.68221712268908,3.141959125603009,0.957938092582023,0.28697493057811774,0.2036751780286075,0.5086590059723779,0.0,0.5,0.0,0.05574981391926655,0.21467885671294581,19.224305522539446,36.88301844545403,0.0800079472712687,5.447408062937294,0.9739467184657078,1068.0473691732968,257.88666952356664,549.0616623888192,11780.739357538188,4,1,0,0
SYN_000,synthetic,synthetic_track_0,DRV_00,29.400000000000002,1,45.40016658215586,3.5897472973339006,0.9609809275864408,0.2766146359379846,0.20539372484101862,0.5227074487359384,0.0,0.5,0.0,0.039752544228312106,0.20499307005824985,19.224305522539446,36.88301844545403,0.08030991639560957,5.447408062937294,0.9736595259730656,1077.127402489728,248.16962340998586,548.3201395402361,12224.867323069806,4,1,0,0
SYN_000,synthetic,synthetic_track_0,DRV_00,29.6,1,46.13406701357426,3.6695021570919906,0.9639578925736585,0.2660548464977684,0.20713988509417847,0.5590091798551411,0.0,0.5,0.0,0.05003999465135559,0.19112208876116485,19.224305522539446,36.88301844545403,0.08061033699068909,5.447408062937294,0.9733696390615802,1086.3542158924429,235.33385223393122,547.1311044003127,12092.437584226276,4,1,0,0
SYN_000,synthetic,synthetic_track_0,DRV_00,29.8,1,46.90504400853845,3.8548849748209335,0.9668641169927357,0.2552915573846061,0.20891427228700823,0.5813637034027908,0.003986383073625773,0.5,0.0,0.035153538632500446,0.17997307245935426,19.224305522539446,36.88301844545403,0.08090920073462636,5.447408062937294,0.9730769900435394,1095.7352246941505,225.80724589257636,546.101382496944,11944.172547923305,4,1,0,0
SYN_000,synthetic,synthetic_track_0,DRV_00,30.0,1,47.804671305282,4.498136483717765,0.9696957020426205,0.24431587226389817,0.21071831244118278,0.6437566312857266,0.0,0.5,0.0,0.04346751913843051,0.16406903302340156,19.224305522539446,36.88301844545403,0.08120649934866639,5.447408062937294,0.9727814182656899,1105.296158955207,213.25201939750866,544.5636056668216,11721.181486047717,4,1,0,0
SYN_000,synthetic,synthetic_track_0,DRV_00,30.200000000000003,1,48.78974951543827,4.925391050781336,0.9724533966316868,0.23309738604174696,0.2125569536452321,0.7000156138421174,0.009771889398876604,0.5,0.0,0.03929630785943525,0.1469258146797734,19.224305522539446,36.88301844545403,0.08150222459740954,5.447408062937294,0.9724823601373237,1115.0541088582945,200.87806033533286,542.8604352843045,11988.772167214407,4,1,0,0
SYN_000,synthetic,synthetic_track_0,DRV_00,30.400000000000002,1,50.16841450708346,6.893324958225975,0.9751340925961964,0.22161566157786003,0.21443348247274893,0.7925445769639419,0.0013820832852158315,0.625,0.0,0.03480509221867415,0.12848788648806603,19.224305522539446,36.88301844545403,0.08179636828903956,5.447408062937294,0.9721794421319667,1125.0877917597113,188.6978417460005,541.0179343621962,13460.025749543738,5,1,0,0
SYN_000,synthetic,synthetic_track_0,DRV_00,30.6,1,51.68565221655729,7.586188547369126,0.9777491748913333,0.20977738438477342,0.21636303687686756,0.8818504179873138,0.0045352258089975395,0.625,0.0,0.029980431026952224,0.10870524484826746,19.224305522539446,36.88301844545403,0.08208892227555058,5.447408062937294,0.9718709349121822,1135.4249222030228,176.7214827577999,539.06300482285,13286.293311533165,5,1,0,0
SYN_000,synthetic,synthetic_track_0,DRV_00,30.8,1,53.49684309919005,9.055954413163825,0.9802930428185023,0.19754885522736393,0.2183509465775044,0.9986595300637127,0.0013404699362872972,0.625,0.0,0.024810955496045048,0.08753904967351812,19.224305522539446,36.88301844545403,0.08237987845297273,5.447408062937294,0.9715562311892028,1146.1242908228608,164.9566594918084,537.0231295350604,13588.745602502924,5,1,0,0
SYN_000,synthetic,synthetic_track_0,DRV_00,31.0,1,55.439140837095074,9.711488689525112,0.9827649830044878,0.18485937406631228,0.22040851746593476,0.9984007607950037,0.0015992392049962744,0.625,1.0,0.019288989607298596,0.06496887067445842,19.224305522539446,36.88301844545403,0.08266922876159674,5.447408062937294,0.9712340399869791,1157.2121189902798,153.40854176340397,534.9261089439433,13397.995273705546,5,1,0,0
SYN_000,synthetic,synthetic_track_0,DRV_00,31.200000000000003,1,57.41377116961199,9.873151662584583,0.9851533599837301,0.17167660677205557,0.22254079211351535,1.0,0.0,0.625,1.0,0.013412608441587537,0.041001782405269485,19.224305522539446,36.88301844545403,0.08295696518619709,5.447408062937294,0.9709037868399157,1168.6948732242022,142.07975618323627,532.7997947996455,13772.049479697329,5,1,0,0
SYN_000,synthetic,synthetic_track_0,DRV_00,31.400000000000002,1,59.253999614481245,9.20114222434627,0.9874404168072943,0.15799184553462517,0.22474901408157735,1.0,0.0,0.625,1.0,0.007973370368187361,0.009152812138499791,19.224305522539446,36.88301844545403,0.08324307975625411,5.447408062937294,0.9705653318757524,1180.5456731470983,128.22707956967616,530.1427684633909,13956.049852100643,5,1,0,0
SYN_000,synthetic,synthetic_track_0,DRV_00,31.6,1,61.01029730991412,8.781488477164388,0.989601451701277,0.14383659753597172,0.2270280140667497,0.9997323282542029,0.0002676717457971154,0.625,1.0,-0.0010534134700374625,0.01771025591960268,19.224305522539446,36.88301844545403,0.08352756454617473,5.447408062937294,0.9702192688404725,1192.7477326090811,117.38819824373759,528.0508336853809,13825.362493733843,5,1,0,0
SYN_000,synthetic,synthetic_track_0,DRV_00,31.8,1,62.53125960338699,7.60481146736435,0.9916145162538392,0.12923099920167935,0.22937456396328484,0.9609483413135669,0.0,0.75,1.0,-0.011076142710867801,0.05271826918260853,19.224305522539446,36.88301844545403,0.08381041167551205,5.447408062937294,0.9698659693935077,1205.2539845297586,104.13453722069643,525.5209781220617,15000.0,6,1,0,0
SYN_000,synthetic,synthetic_track_0,DRV_00,32.0,1,62.64604889317732,0.5739464489516521,0.9934540816413754,0.11423216565438714,0.23177961240956896,0.5055093502371736,0.0,0.75,0.0,-0.022313573651681445,0.08879181702275363,19.224305522539446,36.88301844545403,0.0840916133091836,5.447408062937294,0.9695064713611513,1217.783194308394,91.1932598131257,523.1310314828605,15000.0,6,1,0,0
SYN_000,synthetic,synthetic_track_0,DRV_00,32.2,1,60.571088273883475,-10.374803096469236,0.995069544409544,0.0991796440232697,0.23418907582853732,0.18974284023636723,0.2943895329857307,0.625,0.0,-0.03376883090207006,0.12513200613245665,19.224305522539446,36.88301844545403,0.08437116165768847,5.447408062937294,0.9691469642414698,1229.8974119631707,78.54268843501698,520.9264692682422,14105.519220386153,5,1,0,0
SYN_000,synthetic,synthetic_track_0,DRV_00,32.4,1,57.205392281816344,-16.828479960335656,0.9964146507257982,0.08460404138683705,0.23651873306984053,0.030136826463704778,0.5036065274585371,0.625,0.0,-0.04514679026668874,0.16066598572925428,19.224305522539446,36.88301844545403,0.08464904897732294,5.447408062937294,0.9687970852571745,1241.338490419534,66.15600778675054,518.9487890151518,13360.004339195742,5,1,0,0
SYN_000,synthetic,synthetic_track_0,DRV_00,32.6,1,53.98712846591716,-16.091319079495925,0.997488994366685,0.07082165006083468,0.23871894046529502,0.028287382012785557,0.5066009555452345,0.625,0.0,-0.04401630123503549,0.18762219073384767,19.224305522539446,36.88301844545403,0.08492526757039508,5.447408062937294,0.9684625159532128,1252.1359161127175,56.415663734157846,517.5549657234972,13670.29664703952,5,1,0,0
SYN_000,synthetic,synthetic_track_0,DRV_00,32.800000000000004,1,50.70570463694308,-16.407119144870386,0.9983280568767854,0.05780216996464748,0.2407953684832149,0.024894817629368196,0.5123430510974184,0.625,0.0,-0.0641669501163215,0.21819776989475312,19.224305522539446,36.88301844545403,0.08519980978543802,5.447408062937294,0.9681426099234499,1262.277057040106,44.421936938028146,516.075218946758,12762.255610589804,5,1,0,0
SYN_000,synthetic,synthetic_track_0,DRV_00,33.0,1,48.147678355475975,-12.790131407335537,0.9989613744664292,0.045565034007916845,0.24274558789232809,0.08112597627910086,0.4376446991902952,0.5,0.0,-0.05783039163375944,0.23915244782293632,19.224305522539446,36.88301844545403,0.08547266801742176,5.447408062937294,0.9678376473534522,1271.9065927112013,34.94837143546344,515.1184829724774,12107.878261969396,4,1,0,0
SYN_000,synthetic,synthetic_track_0,DRV_00,33.2,1,46.10122781904327,-10.23225268216354,0.9994239102056653,0.033938881967711255,0.24459742167523102,0.14240900698339648,0.35590873000666984,0.5,0.0,-0.046583689991670015,0.25228963178077224,19.224305522539446,36.88301844545403,0.08574383470796401,5.447408062937294,0.9675444475615255,1281.12683827501,27.900325337054966,514.540970357261,11615.607304698813,4,1,0,0
SYN_000,synthetic,synthetic_track_0,DRV_00,33.4,1,44.44027703386453,-8.304753925893671,0.9997399879020927,0.022802556644454967,0.2463705458221173,0.1836642507671207,0.30131381225399534,0.5,0.0,-0.0655271405319439,0.26578147737854413,19.224305522539446,36.88301844545403,0.0860133023455394,5.447408062937294,0.967260761867849,1290.014893681783,18.561565317567904,513.9649175381467,11773.119889873407,4,1,0,0
SYN_000,synthetic,synthetic_track_0,DRV_00,33.6,1,43.23897698675788,-6.006500235533245,0.9999272181362524,0.012064759852380064,0.2480797872464967,0.2325729812442956,0.23781195871148753,0.5,0.0,-0.06829737880916663,0.27413609876211253,19.224305522539446,36.88301844545403,0.0862810634656877,5.447408062937294,0.9669848963128556,1298.6626890791345,9.269135152573266,513.6165698584085,11830.832187398702,4,1,0,0
SYN_000,synthetic,synthetic_track_0,DRV_00,33.800000000000004,1,42.41733362197495,-4.108216823914681,0.9999986944673376,0.001615878590865975,0.24974282482291046,0.26972796474446326,0.1859477351314612,0.5,0.0,-0.05223093833423749,0.2767882753007547,19.224305522539446,36.88301844545403,0.08654711065122048,5.447408062937294,0.966714830658454,1307.1461558035294,2.316371821470389,513.5072922743776,11950.33533600069,4,1,0,0
SYN_000,synthetic,synthetic_track_0,DRV_00,34.0,1,41.86338652637301,-2.7697354780096717,0.9999627209087795,-0.008634627537445202,0.251374260731448,0.306787318479698,0.13609250451989152,0.5,0.0,-0.052432260659169345,0.2762562406130468,19.224305522539446,36.88301844545403,0.08681143653242661,5.447408062937294,0.9664488966261555,1315.518833108804,-4.633108582532666,513.5291637696563,11861.561304751887,4,1,0,0
SYN_000,synthetic,synthetic_track_0,DRV_00,34.2,1,41.823643455909306,-0.198715352318537,0.9998241961208384,-0.01875038269794023,0.25298439098246234,0.355115998815294,0.07287800781605269,0.5,0.0,-0.0691812518327654,0.270630713242108,19.224305522539446,36.88301844545403,0.0870740337872764,5.447408062937294,0.9661859185489845,1323.883561799986,-13.910989546162543,513.7619628091643,11538.880396493512,4,1,0,0
SYN_000,synthetic,synthetic_track_0,DRV_00,34.4,1,42.04676020963789,1.1155837686429138,0.9995836188103657,-0.028854618451358605,0.25459299265384344,0.39284113677475063,0.025164809763234337,0.5,0.0,-0.05057653035480422,0.26286995070608665,19.224305522539446,36.88301844545403,0.0873348951416245,5.447408062937294,0.965923636111474,1332.2929138419136,-20.891021511990978,514.0878015900989,11679.520601824548,4,1,0,0
SYN_000,synthetic,synthetic_track_0,DRV_00,34.6,1,42.44219314255221,1.9771646645716245,0.9992388286761557,-0.03900978423298978,0.25621017573882954,0.42343718483209614,0.0,0.5,0.0,-0.048835198032625024,0.252289631780655,19.224305522539446,36.88301844545403,0.08759401336941129,5.447408062937294,0.9656608948982156,1340.781352470424,-27.900325337054706,514.540970357261,11489.3405769994,4,1,0,0
SYN_000,synthetic,synthetic_track_0,DRV_00,34.800000000000004,1,42.986799275871945,2.7230306665986603,0.9987861684448378,-0.0492563673374335,0.25784256778277387,0.46930604448222774,0.0021144982410588684,0.5,0.0,-0.061530762903022,0.23425761277900725,19.224305522539446,36.88301844545403,0.08785138129286307,5.447408062937294,0.9653969388713528,1349.3787123255984,-37.30793241233122,515.3379837373035,11412.305319939185,4,1,0,0
SYN_000,synthetic,synthetic_track_0,DRV_00,35.0,1,43.634566126966874,3.238834255474643,0.9982205993893406,-0.05962914517906132,0.25949590621646124,0.5202165705123796,0.0,0.5,0.0,-0.04288331872239512,0.2181977698939813,19.224305522539446,36.88301844545403,0.08810699178269095,5.447408062937294,0.9651311138075906,1358.1056255509918,-44.42193693802822,516.075218946758,11942.85307718489,4,1,0,0
SYN_000,synthetic,synthetic_track_0,DRV_00,35.2,1,44.33003869315047,3.4773628309179827,0.9975363386545179,-0.07015164334311089,0.2611741587598061,0.5614624113889244,0.01128636461121548,0.5,0.0,-0.03966521895333308,0.20034543317912534,19.224305522539446,36.88301844545403,0.0883608377582883,5.447408062937294,0.9648629679239528,1366.9716332896219,-51.59573307534873,516.9266557033051,11477.888247832643,4,1,0,0
SYN_000,synthetic,synthetic_track_0,DRV_00,35.4,1,45.40563970474189,5.378005057957083,0.9967275891220985,-0.08083386099184696,0.26287916024800423,0.6752027075061993,0.0038947841180122667,0.5,0.0,-0.047361532238550844,0.17436228831245626,19.224305522539446,36.88301844545403,0.08861291218792686,5.447408062937294,0.9645922934248113,1376.0527612305702,-61.26832094217665,518.2296770253239,11819.105788227267,4,1,0,0
SYN_000,synthetic,synthetic_track_0,DRV_00,35.6,1,46.67174006945023,6.3305018235417165,0.9957806322193895,-0.09176563897643271,0.2646255310058789,0.7530189936677442,0.0011944029734768389,0.5,0.0,-0.031080241852113024,0.15368436190852144,19.224305522539446,36.88301844545403,0.08886320808895155,5.447408062937294,0.9643174198398031,1385.3871092444604,-68.61368029807231,519.3243324379366,11970.272987825854,4,1,0,0
SYN_000,synthetic,synthetic_track_0,DRV_00,35.800000000000004,1,48.308919602599495,8.185897665746324,0.9946823176285559,-0.10299071315941394,0.266420597931627,0.8884771371113529,0.00475416372631847,0.5,0.0,-0.03522304857397475,0.12513200613343367,19.224305522539446,36.88301844545403,0.08911171852797396,5.447408062937294,0.9640375110517907,1395.0488931649802,-78.54268843501688,520.926469268242,12159.359648838355,4,1,0,0
SYN_000,synthetic,synthetic_track_0,DRV_00,36.0,1,50.23743237780081,9.642563876006562,0.9934122097292685,-0.11459573098860117,0.26827863330095775,1.0,0.0,0.625,0.0,-0.02793381384170611,0.09606884988054917,19.224305522539446,36.88301844545403,0.08935843662106426,5.447408062937294,0.9637509363776122,1405.0963796405404,-88.64067603140808,522.6738989692726,13318.78834470261,5,1,0,0
SYN_000,synthetic,synthetic_track_0,DRV_00,36.2,1,52.242250484965226,10.02409053582209,0.9919477942251063,-0.1266474379209713,0.27021084223856545,1.0,0.0,0.625,1.0,-0.020589453144216462,0.06705858677700655,19.224305522539446,36.88301844545403,0.08960335553394205,5.447408062937294,0.9634564160012866,1415.5448297375335,-98.92163393892102,524.5455823138503,13340.471302222515,5,1,0,0
SYN_000,synthetic,synthetic_track_0,DRV_00,36.4,1,54.14794897491966,9.528492449772159,0.9902698723498826,-0.1391602670166564,0.2722201595649103,0.9964479271534873,0.0035520728465127647,0.625,1.0,-0.013317931697045784,0.03855126276936392,19.224305522539446,36.88301844545403,0.08984646848216556,5.447408062937294,0.9631536162146858,1426.3744195325175,-109.39748410889435,526.5187963797122,13295.611761601584,5,1,0,0
SYN_000,synthetic,synthetic_track_0,DRV_00,36.6,1,56.05359477521812,9.528229001492328,0.98836416994976,-0.15210610625324014,0.2743027729870226,0.9958102757156099,0.004189724284390136,0.625,1.0,-0.006219022089959392,0.010888774914850963,19.224305522539446,36.88301844545403,0.09008776873131961,5.447408062937294,0.9628429751644498,1437.5851384875612,-120.0779376600169,528.5693517069964,13703.656783518767,5,1,0,0
SYN_000,synthetic,synthetic_track_0,DRV_00,36.800000000000004,1,57.8889474094325,9.176763171071869,0.9862131311095088,-0.16548008951888699,0.27645868047837713,1.0,0.0,0.625,1.0,0.001828458023825055,0.022135410778676808,19.224305522539446,36.88301844545403,0.09032724959720226,5.447408062937294,0.962524495087674,1449.1629279694478,-133.72724346615098,531.2024759049033,13924.814803136705,5,1,0,0
SYN_000,synthetic,synthetic_track_0,DRV_00,37.0,1,59.66176969273998,8.864111416537419,0.9838017206234461,-0.17926007502605557,0.27868517845566304,1.0,0.0,0.625,1.0,0.008776176298642814,0.047122792789248094,19.224305522539446,36.88301844545403,0.09056490444600977,5.447408062937294,0.9621984872644302,1461.0952819079957,-144.89134260945394,533.3326020615231,13760.49012398845,5,1,0,0
SYN_000,synthetic,synthetic_track_0,DRV_00,37.2,1,60.49497131040612,4.166008088330706,0.9811149996708767,-0.19342532776452953,0.2809798619053838,0.73113503912022,0.0,0.625,0.0,0.01956166418782823,0.07642978070631502,19.224305522539446,36.88301844545403,0.09080072669452055,5.447408062937294,0.961865228803229,1473.194276170077,-159.1552884157655,535.98001974141,13671.51022848169,5,1,0,0
SYN_000,synthetic,synthetic_track_0,DRV_00,37.4,1,60.47534721848311,-0.09812045961506755,0.978182520965157,-0.20774733615199512,0.28330659157116866,0.43651891615894595,0.00032045385952119814,0.625,0.0,0.028466834059140102,0.10354457996378467,19.224305522539446,36.88301844545403,0.09103470981027742,5.447408062937294,0.9615288559947361,1485.2893456137738,-173.76020031148593,538.5599170956139,13768.952507633607,5,1,0,0
SYN_000,synthetic,synthetic_track_0,DRV_00,37.6,1,59.16948322507898,-6.529319967020655,0.9750420386364498,-0.2220203208980563,0.2856325664641873,0.27655434005767887,0.17822584912411957,0.625,0.0,0.028720765627978897,0.12367005056166057,19.224305522539446,36.88301844545403,0.0912668473117686,5.447408062937294,0.9611931232165274,1497.1232422587896,-185.68429798333895,540.5386765285062,14086.529907632324,5,1,0,0
SYN_000,synthetic,synthetic_track_0,DRV_00,37.800000000000004,1,57.08090366444876,-10.442897803151077,0.9717678113561716,-0.2359392311847185,0.287908315818998,0.17604584700673215,0.3138997850605109,0.625,0.0,0.04276580899949348,0.14692581467981244,19.224305522539446,36.88301844545403,0.09149713276860721,5.447408062937294,0.9608636918532856,1508.5394229916792,-200.87806033533275,542.8604352843045,13775.680519000203,5,1,0,0
SYN_000,synthetic,synthetic_track_0,DRV_00,38.0,1,54.566873745149294,-12.570149596497338,0.9684208624585992,-0.24932114462063365,0.29010373519070753,0.12049342106471925,0.3822220410759448,0.625,0.0,0.04978432526912854,0.16815899150569433,19.224305522539446,36.88301844545403,0.09172555980170946,5.447408062937294,0.9605440077672314,1519.452797740709,-216.37436962195278,544.9645515624078,13493.966587807321,5,1,0,0
SYN_000,synthetic,synthetic_track_0,DRV_00,38.2,1,52.45550168927073,-10.556860279392808,0.9650490411677923,-0.2620693575012626,0.2922024611039825,0.15168633980884674,0.3427335618724906,0.625,0.0,0.04446198953492618,0.18376213546661327,19.224305522539446,36.88301844545403,0.09195212208347131,5.447408062937294,0.960235944838224,1529.943898078563,-228.97269872523808,546.4570299183214,13769.120985337238,5,1,0,0
SYN_000,synthetic,synthetic_track_0,DRV_00,38.400000000000006,1,50.5010171533538,-9.772422679584665,0.9616494847149719,-0.2742813674813312,0.2942199803997237,0.1705729527114639,0.31738723835686494,0.625,0.0,0.04825326084194984,0.19819685559699574,19.224305522539446,36.88301844545403,0.09217681333794377,5.447408062937294,0.9599377332544495,1540.0441015092338,-241.73356976669652,547.7530957433617,13324.946821263784,5,1,0,0
SYN_000,synthetic,synthetic_track_0,DRV_00,38.6,1,48.86820692015993,-8.164051165969362,0.9582305902558241,-0.2859967410618081,0.2961623272133142,0.20645824841973737,0.2739205625846261,0.5,0.0,0.05175637863162268,0.21151706207745335,19.224305522539446,36.88301844545403,0.09239962734100671,5.447408062937294,0.959648684578056,1549.8177428932659,-254.63966643937732,548.8294721787579,12121.259951825647,4,1,0,0
SYN_000,synthetic,synthetic_track_0,DRV_00,38.800000000000004,1,47.4110886237587,-7.285591482006133,0.9547863601189625,-0.2972927959617973,0.29804187363332035,0.22445342539538615,0.2502572551477175,0.5,0.0,0.05498439474972293,0.2237718759991025,19.224305522539446,36.88301844545403,0.09262055792054136,5.447408062937294,0.9593673852937468,1559.2999606180176,-267.67177401464954,549.664493181923,11751.128303312065,4,1,0,0
SYN_000,synthetic,synthetic_track_0,DRV_00,39.0,1,46.10144783048941,-6.548203966346442,0.9513175614541188,-0.3082124223145277,0.29986537704192645,0.23039168512496064,0.23881213651085667,0.5,0.0,0.057948944572024555,0.23500409059924848,19.224305522539446,36.88301844545403,0.09283959895660117,5.447408062937294,0.9590930641929843,1568.5202501841154,-280.808965346918,550.2383121655756,12042.862340777468,4,1,0,0
SYN_000,synthetic,synthetic_track_0,DRV_00,39.2,1,45.01961866201707,-5.409145842361696,0.9478248241020303,-0.31879162914975584,0.3016385096507914,0.25979158296699484,0.20065761134605006,0.5,0.0,0.045254336697210365,0.24277876611542412,19.224305522539446,36.88301844545403,0.09305674438158143,5.447408062937294,0.9588250741950362,1577.5241739165187,-290.7173745280326,550.4864527061694,11919.049085553255,4,1,0,0
SYN_000,synthetic,synthetic_track_0,DRV_00,39.400000000000006,1,44.14511903676331,-4.372498126268809,0.9443005105845167,-0.3290844051452773,0.30337003344548436,0.2662212036550465,0.1907975700380223,0.5,0.0,0.062531595413198,0.2523017609714662,19.224305522539446,36.88301844545403,0.09327198818038732,5.447408062937294,0.9585624147332814,1586.3531977238715,-303.9836951906458,550.5615584850746,11656.46698083097,4,1,0,0
SYN_000,synthetic,synthetic_track_0,DRV_00,39.6,1,43.37724363320217,-3.8393770178057096,0.9407361199145484,-0.33913942956860743,0.30506792263920607,0.27976355747723325,0.17264827103309127,0.5,0.0,0.04841126093007637,0.2588230263703073,19.224305522539446,36.88301844545403,0.09348532439060048,5.447408062937294,0.9583041753464557,1595.028646450512,-313.9613455939021,550.4184647469618,11856.847602978789,4,1,0,0
SYN_000,synthetic,synthetic_track_0,DRV_00,39.800000000000004,1,42.61306756249419,-3.8208803535399127,0.9371294407279789,-0.348981964177041,0.30673627816356,0.28962848453313156,0.16119945628937712,0.5,0.0,0.06637481670584607,0.2667007352209128,19.224305522539446,36.88301844545403,0.09369674710264424,5.447408062937294,0.9580498886608565,1603.5512599630108,-327.2817900169897,549.9523163348822,11766.695590749207,4,1,0,0
SYN_000,synthetic,synthetic_track_0,DRV_00,40.0,1,42.01979746942814,-2.9663504653302297,0.9334860280356879,-0.35861376920324023,0.308375242300579,0.2973913547658017,0.14851964329254153,0.5,0.0,0.05102237776071217,0.2719990674933008,19.224305522539446,36.88301844545403,0.0939062504599473,5.447408062937294,0.9577995401563907,1611.9552194568964,-337.27064518395696,549.390947074477,11375.014637141,4,1,0,0
SYN_000,synthetic,synthetic_track_0,DRV_00,40.2,1,41.526181451275946,-2.468080090760978,0.9297964032122631,-0.3680742432900442,0.30999138835709544,0.3137007254556311,0.12910034250417599,0.5,0.0,0.05197629443306484,0.2767738048901092,19.224305522539446,36.88301844545403,0.09411382865910596,5.447408062937294,0.9575523795877776,1620.2604557471516,-347.2459260087815,548.6445724558688,11368.327557286044,4,1,0,0
SYN_000,synthetic,synthetic_track_0,DRV_00,40.400000000000006,1,41.11500501003224,-2.05588220621852,0.9260559275968898,-0.377386299383886,0.3115885491821445,0.31750452682892033,0.12444892920005435,0.5,0.0,0.07061355418724756,0.2823187893522544,19.224305522539446,36.88301844545403,0.09431947595004489,5.447408062937294,0.9573079702021102,1628.483456749158,-360.5058998958005,547.3578817259095,11461.959501401374,4,1,0,0
SYN_000,synthetic,synthetic_track_0,DRV_00,40.6,1,40.76112905428923,-1.76937977871507,0.9222606090817409,-0.3865687117915472,0.31316989552868424,0.3270277814777986,0.1129098743378263,0.5,0.0,0.053813545781019226,0.2858525109405793,19.224305522539446,36.88301844545403,0.09452318663617634,5.447408062937294,0.9570659509742268,1636.6356825600158,-370.40611958342595,546.1726227090679,11555.25276984357,4,1,0,0
SYN_000,synthetic,synthetic_track_0,DRV_00,40.800000000000004,1,40.415196145931915,-1.729664541786562,0.9184080811736113,-0.3956344227124397,0.3147376312615415,0.326927483678744,0.11118590107760193,0.5,0.0,0.05443124734696806,0.2888395024871145,19.224305522539446,36.88301844545403,0.09472495507455811,5.447408062937294,0.9568260714748733,1644.7187217892022,-380.2556629335411,544.7982597839368,11611.792282297563,4,1,0,0
SYN_000,synthetic,synthetic_track_0,DRV_00,41.0,1,40.11900673724834,-1.4809470434178706,0.9145002668816805,-0.404585296165512,0.3162920618825389,0.33023645645190747,0.10551317319697018,0.5,0.0,0.05494424337175853,0.29126697704036253,19.224305522539446,36.88301844545403,0.09492477567604962,5.447408062937294,0.9565882984313837,1652.742523136652,-390.04360027247594,543.2354414694004,11753.011113085744,4,1,0,0
SYN_000,synthetic,synthetic_track_0,DRV_00,41.2,1,39.79061488255883,-1.6419592734475685,0.9105348139459473,-0.41343240389744385,0.3178351006032023,0.33466760077241753,0.09880811727438919,0.5,0.0,0.05534986462471463,0.2931195466021289,19.224305522539446,36.88301844545403,0.09512264290546696,5.447408062937294,0.9563524146329146,1660.7006461131637,-399.7592066512377,541.4856830486985,11776.358626468465,4,1,0,0
SYN_000,synthetic,synthetic_track_0,DRV_00,41.400000000000006,1,39.747770563632216,-0.21422159463305945,0.9065172802098461,-0.4221687111581616,0.3193655088679161,0.36091606237170787,0.06945103081902158,0.5,0.0,0.07423923146963915,0.29466400527008624,19.224305522539446,36.88301844545403,0.09531855128173608,5.447408062937294,0.9561185634145507,1668.65020022589,-412.58280299725527,538.8661028059198,11134.97423932446,4,1,0,0
SYN_000,synthetic,synthetic_track_0,DRV_00,41.6,1,39.617034782545005,-0.6536789054360526,0.9024203876363611,-0.43085663970541266,0.3208942692742096,0.34754015107972974,0.08279193245349989,0.5,0.0,0.05586013268431432,0.2951011679194406,19.224305522539446,36.88301844545403,0.0955124953780447,5.447408062937294,0.9558854899951781,1676.5736071823992,-422.08953780482045,536.6908479455807,11440.920969481418,4,1,0,0
SYN_000,synthetic,synthetic_track_0,DRV_00,41.800000000000004,1,39.55012969477678,-0.3345254388411334,0.8982541187294819,-0.4394764364394544,0.3224180013812306,0.349914486806725,0.07836454151148625,0.5,0.0,0.0558824083656965,0.2948942018079754,19.224305522539446,36.88301844545403,0.09570446982199257,5.447408062937294,0.9556535827089505,1684.4836331213546,-431.4904505996951,534.3398347156185,11565.169757711987,4,1,0,0
SYN_000,synthetic,synthetic_track_0,DRV_00,42.0,1,39.52400929619402,-0.13060199291377472,0.8940127612326649,-0.44804149668657484,0.3239391602156451,0.3535918683925928,0.07286266990983281,0.5,0.0,0.055780285711618895,0.2940172321298554,19.224305522539446,36.88301844545403,0.09589446929574033,5.447408062937294,0.9554225622961692,1692.3884349805935,-440.7763952363615,531.818190413905,11838.543901002873,4,1,0,0
SYN_000,synthetic,synthetic_track_0,DRV_00,42.2,1,39.56324065192727,0.19615677866624992,0.889692618185726,-0.4565600126443707,0.3254593144193449,0.3673852325262662,0.057089892694756526,0.5,0.0,0.05554865165162805,0.2924421528796929,19.224305522539446,36.88301844545403,0.09608248853615681,5.447408062937294,0.9551922508831411,1700.3010831109789,-449.9387383767099,529.1318174466829,11446.050063781919,4,1,0,0
SYN_000,synthetic,synthetic_track_0,DRV_00,42.400000000000006,1,39.60765571657966,0.2220753232619188,0.8852869006841366,-0.46504527035233423,0.3269809775213421,0.374914036458248,0.04774804290193081,0.5,0.0,0.05518197708540069,0.2901386953954843,19.224305522539446,36.88301844545403,0.09626852233496484,5.447408062937294,0.9549623624846301,1708.2226142542947,-458.9694096819335,526.2873623812985,11504.08794811359,4,1,0,0
SYN_000,synthetic,synthetic_track_0,DRV_00,42.6,1,39.828794768611914,1.1056952601612835,0.8807951769743464,-0.4734974722411196,0.3285043488950567,0.3779951222311261,0.042059631040857345,0.5,0.0,0.05467432962029919,0.28707449423751297,19.224305522539446,36.88301844545403,0.09645256553888548,5.447408062937294,0.9547328758383009,1716.188373208017,-467.8609488295109,523.2921809879022,11457.52056787488,4,1,0,0
SYN_000,synthetic,synthetic_track_0,DRV_00,42.800000000000004,1,40.01893857979562,0.9507190559185474,0.8761970043007904,-0.4819531197682205,0.33003622561692636,0.39039389528872265,0.02876223890701059,0.5,0.0,0.054019385784378725,0.28321515042064666,19.224305522539446,36.88301844545403,0.09663461304978081,5.447408062937294,0.9545030148880504,1724.1921609239762,-476.60654906699733,520.1542994528041,11606.937657711218,4,1,0,0
SYN_000,synthetic,synthetic_track_0,DRV_00,43.0,1,40.28513876942086,1.3310009481261886,0.8714951263969007,-0.4904041646096106,0.33157541556230313,0.3973259783446676,0.017400571885674346,0.5,0.0,0.07073986341261292,0.2767693308156635,19.224305522539446,36.88301844545403,0.09681465982479512,5.447408062937294,0.9542729175257951,1732.2491886778603,-488.0298714002588,515.763522046779,11550.465320647005,4,1,0,0
SYN_000,synthetic,synthetic_track_0,DRV_00,43.2,1,40.669609250877315,1.9223524072822684,0.8666796491616532,-0.49886509772586185,0.3331248439765116,0.4098860867413075,0.0020571254838308174,0.5,0.0,0.05188002637920667,0.2709099226618646,19.224305522539446,36.88301844545403,0.09699270087649464,5.447408062937294,0.9540422505996997,1740.3831105280358,-496.41243836809156,512.3273279547152,11238.971324456466,4,1,0,0
SYN_000,synthetic,synthetic_track_0,DRV_00,43.400000000000006,1,41.036378446714686,1.8338459791868544,0.8617348955591058,-0.5073588175795677,0.33468905971692997,0.4110142357665906,8.278985489683573e-05,0.5,0.0,0.05068364467447381,0.2641268332069137,19.224305522539446,36.88301844545403,0.09716873127300568,5.447408062937294,0.9538104952000427,1748.5903862173786,-504.6315784846167,508.7794600131086,11505.743230076956,4,1,0,0
SYN_000,synthetic,synthetic_track_0,DRV_00,43.6,1,41.39668262551058,1.8015208939794647,0.8566611826598702,-0.515879460847001,0.3362673819648805,0.4228113934394053,0.00038459866481411136,0.5,0.0,0.049308339835835775,0.2563776209702235,19.224305522539446,36.88301844545403,0.0973427461381512,5.447408062937294,0.9535777306753334,1756.8697227424807,-512.6837245015174,505.13031758745296,11299.965869580466,4,1,0,0
SYN_000,synthetic,synthetic_track_0,DRV_00,43.800000000000004,1,41.8560098787169,2.296636266031591,0.8514575632459258,-0.5244235101435768,0.33785956206586165,0.44281321518074385,0.0,0.5,0.0,0.04774591895349258,0.24761823674458014,19.224305522539446,36.88301844545403,0.09751474065158598,5.447408062937294,0.9533439869177507,1765.240924718224,-520.5661263566903,501.3907081427499,11158.986660588896,4,1,0,0
SYN_000,synthetic,synthetic_track_0,DRV_00,44.0,1,42.43719669133726,2.9059340631018316,0.8461095717227154,-0.533008998647493,0.33946940859965846,0.4774208415117741,0.0,0.5,0.0,0.06089146647797472,0.23428887053440003,19.224305522539446,36.88301844545403,0.09768471004893005,5.447408062937294,0.9531088296550811,1773.7283640564915,-530.8087578791021,496.2831642225441,11529.920316610356,4,1,0,0
SYN_000,synthetic,synthetic_track_0,DRV_00,44.2,1,43.03863581983957,3.007195642511533,0.8405989456827863,-0.5416580217415672,0.34110160847240223,0.4895228549500108,0.0062074394595473875,0.5,0.0,0.04332447897964374,0.22299346102891052,19.224305522539446,36.88301844545403,0.09785264962190071,5.447408062937294,0.952871724117748,1782.3360912204594,-538.2890976471764,492.3763513794295,11760.39444035045,4,1,0,0
SYN_000,synthetic,synthetic_track_0,DRV_00,44.400000000000006,1,43.767938843651116,3.6465151190577316,0.8349199270987407,-0.5503714339729429,0.3427569406193191,0.5360906271983321,0.0,0.5,0.0,0.041075755592974904,0.21053213955656255,19.224305522539446,36.88301844545403,0.098018554718443,5.447408062937294,0.952632582591178,1791.0896789891897,-545.596600036853,488.41729050155266,11814.702590264485,4,1,0,0
SYN_000,synthetic,synthetic_track_0,DRV_00,44.6,1,44.62521376915026,4.286374627495704,0.8290520534368907,-0.5591714340808862,0.34444032288253645,0.5814333013717383,0.0007868858198687289,0.5,0.0,0.05087884836876771,0.19202056897027783,19.224305522539446,36.88301844545403,0.09818242074285845,5.447408062937294,0.9523908438529414,1800.0147217430197,-555.0727823134816,483.077827992293,11913.154231219434,4,1,0,0
SYN_000,synthetic,synthetic_track_0,DRV_00,44.800000000000004,1,45.55297180804277,4.638790194462565,0.8229737608267895,-0.568079386169407,0.34615667725827304,0.6308938393845489,0.0,0.5,0.0,0.034936732294118165,0.1766533665516354,19.224305522539446,36.88301844545403,0.0983442431559325,5.447408062937294,0.9521459461884348,1809.1253161046282,-561.9820176711316,479.0432190796156,11782.569822392867,4,1,0,0
SYN_000,synthetic,synthetic_track_0,DRV_00,45.0,1,46.7363315030009,5.916798474790639,0.8166703906738679,-0.577104386568489,0.34790871463550543,0.713132244250133,0.002258456635744489,0.5,0.0,0.041817879708680755,0.15410030903986038,19.224305522539446,36.88301844545403,0.09850401747506016,5.447408062937294,0.9518975808167411,1818.4725824052284,-570.9359216585494,473.6464954877234,12207.56894694847,4,1,0,0
SYN_000,synthetic,synthetic_track_0,DRV_00,45.2,1,48.16484925288115,7.1425887494012485,0.8101004242267251,-0.5862911415565478,0.3497062658471593,0.8271507691799261,0.0021629398831336344,0.5,0.0,0.035816076241724906,0.1291017432195437,19.224305522539446,36.88301844545403,0.09866173927437027,5.447408062937294,0.951644624418335,1828.1055522558047,-579.6029392571887,468.2558804077801,12087.24910173384,4,1,0,0
SYN_000,synthetic,synthetic_track_0,DRV_00,45.400000000000006,1,49.877207396480664,8.561790717997582,0.8032215294800551,-0.5956804299116439,0.35155876004919323,0.9196905550277513,0.0011585013922118827,0.5,0.0,0.022546423322042684,0.10870132274170875,19.224305522539446,36.88301844545403,0.09881740418484798,5.447408062937294,0.9513859996084789,1838.0809937351007,-585.9217724588094,464.23361570182107,11736.698568459815,4,1,0,0
SYN_000,synthetic,synthetic_track_0,DRV_00,45.6,1,51.688417427679155,9.056050155992459,0.7959833971912053,-0.6053184545311237,0.3534771141798271,0.9961029740307106,0.003897025969289474,0.625,0.0,0.023792934703635735,0.07926018657958676,19.224305522539446,36.88301844545403,0.09897100789445584,5.447408062937294,0.9511204587830522,1848.4186772206365,-594.1158703697561,458.9198981063177,12942.083050569638,5,1,0,0
SYN_000,synthetic,synthetic_track_0,DRV_00,45.800000000000004,1,53.5972163412661,9.54399456793471,0.7883604200383114,-0.6152136605416181,0.3554651302347378,0.9954574802020189,0.004542519797981163,0.625,1.0,0.01603415389643074,0.04725471010102603,19.224305522539446,36.88301844545403,0.09912254614825332,5.447408062937294,0.9508475682702311,1859.1381204888896,-602.0603106458714,453.6864986397152,13447.620224368906,5,1,0,0
SYN_000,synthetic,synthetic_track_0,DRV_00,46.0,1,55.54612505152315,9.744543551285254,0.7803260486860715,-0.6253728949530695,0.35752656163247876,1.0,0.0,0.625,1.0,0.008156067597057485,0.0037402730653134,19.224305522539446,36.88301844545403,0.09927201474851448,5.447408062937294,0.9505668999382512,1870.2473454991944,-611.66675832635,447.29567472377465,13424.951658700198,5,1,0,0
SYN_000,synthetic,synthetic_track_0,DRV_00,46.2,1,57.453917386558246,9.538961675175486,0.7718614128521512,-0.6357908141439927,0.3596629510575374,0.9997315205380615,0.0002684794619384998,0.625,1.0,-0.0037281574773611542,0.033674317767326725,19.224305522539446,36.88301844545403,0.0994194095548445,5.447408062937294,0.9502782785461255,1881.738128976506,-619.1166125374489,442.33224217090793,13558.832043225604,5,1,0,0
SYN_000,synthetic,synthetic_track_0,DRV_00,46.400000000000006,1,58.323745735295994,4.34914174368874,0.762959744947189,-0.6464459974275658,0.36187271711086655,0.720992031154188,0.004292382129344075,0.625,0.0,-0.018366545791331172,0.08317990498528331,19.224305522539446,36.88301844545403,0.09956472648429417,5.447408062937294,0.9499818862307896,1893.4028781235652,-628.1700484673779,436.3496671942427,13751.166971962695,5,1,0,0
SYN_000,synthetic,synthetic_track_0,DRV_00,46.6,1,57.686779969717186,-3.1848288278940373,0.7537728838204603,-0.6571350238854925,0.3641159381006856,0.34054291362854144,0.09362684668496395,0.625,0.0,-0.0261794035715468,0.12435604738076692,19.224305522539446,36.88301844545403,0.09970796151147303,5.447408062937294,0.9496822912414007,1904.9402341175087,-635.2337199983789,431.76444691707354,13875.94015468774,5,1,0,0
SYN_000,synthetic,synthetic_track_0,DRV_00,46.800000000000004,1,54.38380359670013,-16.514881865085265,0.7445390520045735,-0.6675789092235695,0.3663346604072132,0.026611530459472364,0.5095581990287824,0.625,0.0,-0.04749243684333517,0.17657176524556786,19.224305522539446,36.88301844545403,0.099849110668661,5.447408062937294,0.9493861246623776,1915.8169948368486,-643.8791253433611,426.31156427166445,13497.023031200139,5,1,0,0
SYN_000,synthetic,synthetic_track_0,DRV_00,47.0,1,50.69263611093381,-18.455837428831607,0.7357013879837898,-0.6773060369720066,0.3684263451609324,0.0,0.5869131492602904,0.625,0.0,-0.049812191933387394,0.2177151464260481,19.224305522539446,36.88301844545403,0.09998817004591813,5.447408062937294,0.949105118113375,1925.9555220590353,-650.6785860983713,422.1894458761432,13418.456173560138,5,1,0,0
SYN_000,synthetic,synthetic_track_0,DRV_00,47.2,1,47.153053884545045,-17.697911131943833,0.7273491003166529,-0.6862676491490441,0.37037606193442985,0.0,0.5780173419924649,0.5,0.0,-0.059992485789053494,0.2569444113410609,19.224305522539446,36.88301844545403,0.10012513579119302,5.447408062937294,0.9488409807909044,1935.3861328359442,-657.4017573050543,418.2932906276283,11947.63629384923,4,1,0,0
SYN_000,synthetic,synthetic_track_0,DRV_00,47.400000000000006,1,43.91214196506893,-16.20455959738056,0.7194819917643507,-0.6945110967628975,0.37218964092998924,0.01602199772556863,0.5270764686365744,0.5,0.0,-0.06950985848857869,0.2928093220432856,19.224305522539446,36.88301844545403,0.10026000411042944,5.447408062937294,0.9485930468580415,1944.168561228958,-664.074229679473,414.6317986900969,11484.894263546883,4,1,0,0
SYN_000,synthetic,synthetic_track_0,DRV_00,47.6,1,41.440575153182536,-12.357834059431987,0.7120715712832381,-0.7021068845768573,0.3738785694671073,0.0779106341621012,0.44133568181855176,0.5,0.0,-0.057764929673774654,0.31656982863783006,19.224305522539446,36.88301844545403,0.10039277126767152,5.447408062937294,0.9483600032862226,1952.4566762595946,-669.0606027659571,412.0433679987492,11644.503041882337,4,1,0,0
SYN_000,synthetic,synthetic_track_0,DRV_00,47.800000000000004,1,39.42528491976554,-10.07645116708499,0.7050046833580962,-0.7092026483616305,0.3754724377422297,0.13858558177204774,0.3630915830627273,0.5,0.0,-0.06195422477249431,0.3369210254329561,19.224305522539446,36.88301844545403,0.10052343358516713,5.447408062937294,0.9481384660602998,1960.3417332435477,-674.043289325507,409.5918248967698,11261.127062236066,4,1,0,0
SYN_000,synthetic,synthetic_track_0,DRV_00,48.0,1,37.78914857833114,-8.180681707172006,0.6982158220591352,-0.7158873276055988,0.3769887948545284,0.17230010845331295,0.3176368422225777,0.375,0.0,-0.08789085201583847,0.35773415834493916,19.224305522539446,36.88301844545403,0.10065198744346987,5.447408062937294,0.9479264286491621,1967.8995629592139,-680.6989097878426,406.5369054235697,10355.067644987066,3,1,0,0
SYN_000,synthetic,synthetic_track_0,DRV_00,48.2,1,36.58282076007042,-6.031639091303589,0.6916491994345076,-0.7222336082747774,0.37844222364600266,0.21696364072002078,0.2570869233525043,0.375,0.0,-0.06881449701704827,0.36797340235741294,19.224305522539446,36.88301844545403,0.10077842928153924,5.447408062937294,0.9477222238439966,1975.216127111228,-685.7125444840502,404.40544497872855,10206.344784687497,3,1,0,0
SYN_000,synthetic,synthetic_track_0,DRV_00,48.400000000000006,1,35.83200881521985,-3.7540597242528406,0.6852372468185075,-0.7283199266617603,0.37984925521369767,0.2655512463149464,0.19382045074608478,0.375,0.0,-0.04675309023913653,0.3720462869912772,19.224305522539446,36.88301844545403,0.10090275559683934,5.447408062937294,0.9475239615380623,1982.3825288742719,-689.0707170893694,403.0597597396309,9837.503613998771,3,1,0,0
SYN_000,synthetic,synthetic_track_0,DRV_00,48.6,1,35.25364371916498,-2.8918254802743704,0.6789049691166698,-0.7342261524276384,0.38122740939889843,0.28034538902776446,0.16934166247617102,0.375,0.0,-0.07073562345581985,0.3738840663885457,19.224305522539446,36.88301844545403,0.10102496294543586,5.447408062937294,0.9473296384946963,1989.4332576181048,-694.1383476018578,401.1524618592153,10305.277358532872,3,1,0,0
SYN_000,synthetic,synthetic_track_0,DRV_00,48.800000000000004,1,34.90383657497798,-1.7490357209349838,0.6726252190355602,-0.7399833205670009,0.38258331877271246,0.31990335240319506,0.11852514984986269,0.375,0.0,-0.07059494949442173,0.3705699886800664,19.224305522539446,36.88301844545403,0.10114504794209153,5.447408062937294,0.9471384969633353,1996.4140249331003,-699.250097866767,399.3758641304672,10086.575645154866,3,1,0,0
SYN_000,synthetic,synthetic_track_0,DRV_00,49.0,1,35.08330447998735,0.8973395250468386,0.6663596837040974,-0.7456304526598785,0.38392577402559624,0.36516831964346036,0.061238207813767154,0.375,0.0,-0.06948778550379922,0.3622365249609727,19.224305522539446,36.88301844545403,0.10126300726035979,5.447408062937294,0.9469495322869249,2003.430685829098,-704.4140694719251,397.72603000213644,10173.34835417744,3,1,0,0
SYN_000,synthetic,synthetic_track_0,DRV_00,49.2,1,35.32752550897529,1.2211051449397203,0.6600141573368601,-0.7512531611347233,0.3852751318902111,0.3841869812115038,0.033833276784573325,0.375,0.0,-0.06745501050765298,0.34917850516452253,19.224305522539446,36.88301844545403,0.10137883763267706,5.447408062937294,0.9467604166355178,2010.496190930893,-709.63772591286,396.198150680893,10098.350390584112,3,1,0,0
SYN_000,synthetic,synthetic_track_0,DRV_00,49.400000000000006,1,35.72585091581997,1.9916270342233844,0.6535765210105793,-0.7568604436642913,0.38663388287132555,0.4030549363546838,0.008789847691360294,0.375,0.0,-0.0434142192764855,0.3380560555129737,19.224305522539446,36.88301844545403,0.10149253585045317,5.447408062937294,0.9465708660579454,2017.641361114057,-713.1566933128628,395.2445562682628,10490.956326683689,3,1,0,0
SYN_000,synthetic,synthetic_track_0,DRV_00,49.6,1,36.37986646881733,3.270077764986823,0.6470178562975073,-0.7624748478685565,0.38800795406039557,0.45120273757219653,0.0,0.375,0.0,-0.062208431739004436,0.3181283153703621,19.224305522539446,36.88301844545403,0.10160409876416028,5.447408062937294,0.9463802034398038,2024.9173344078204,-718.4944891431769,393.90694745395575,9998.938248867484,3,1,0,0
SYN_000,synthetic,synthetic_track_0,DRV_00,49.800000000000004,1,37.113245443681016,3.666894874318416,0.6402895688660496,-0.7681336263966891,0.3894071796938116,0.4888846102610454,0.0,0.375,0.0,-0.05810264160106795,0.29481873933094355,19.224305522539446,36.88301844545403,0.1017135232834201,5.447408062937294,0.946187304671563,2032.3399834965567,-723.908309422014,392.6743776298542,10292.019166195996,3,1,0,0
SYN_000,synthetic,synthetic_track_0,DRV_00,50.0,1,37.99841731033444,4.425859333267113,0.6333746544724542,-0.7738452991857606,0.3908346122108763,0.5460973236000941,0.0,0.375,0.0,-0.05341297246480704,0.2687272609760358,19.224305522539446,36.88301844545403,0.10182080637708948,5.447408062937294,0.94599182146351,2039.9396669586235,-729.402793198969,391.5390504166624,10403.099687706517,3,1,0,0
SYN_000,synthetic,synthetic_track_0,DRV_00,50.2,1,39.04174387035808,5.216632800118219,0.6262420346863765,-0.7796287026475277,0.3922960897997353,0.6107707117825815,0.0,0.5,0.0,-0.04825304405099922,0.24044688948571744,19.224305522539446,36.88301844545403,0.10192594507334449,5.447408062937294,0.945793086818468,2047.7480157326952,-734.9816933862345,390.4924304288996,11116.663348224722,4,1,0,0
SYN_000,synthetic,synthetic_track_0,DRV_00,50.400000000000006,1,40.25744233793855,6.078492337902333,0.6188585788221518,-0.7855024248328114,0.39379769533321063,0.6906057357947838,0.0,0.5,0.0,-0.042732166656211934,0.21053364963558188,19.224305522539446,36.88301844545403,0.10202893645976255,5.447408062937294,0.945590405729513,2055.799504200283,-740.6478351068015,389.52528309743576,11286.362379590802,4,1,0,0
SYN_000,synthetic,synthetic_track_0,DRV_00,50.6,1,41.84622283154516,7.943902468033066,0.6111875328567519,-0.7914858177380546,0.39534605850005444,0.798856468465675,0.0,0.5,0.0,-0.036950419970972606,0.17948481292621005,19.224305522539446,36.88301844545403,0.10212977768340326,5.447408062937294,0.9453830206161339,2064.168748766592,-746.4030787352356,388.6277180513135,11864.664192103646,4,1,0,0
SYN_000,synthetic,synthetic_track_0,DRV_00,50.800000000000004,1,43.69402726980573,9.239022191302837,0.6031524394592879,-0.7976259366233711,0.39695552860896005,0.9076564222086506,0.0,0.5,0.0,-0.030995330202940628,0.14772546707979325,19.224305522539446,36.88301844545403,0.10222846595088736,5.447408062937294,0.9451692907554299,2072.9075542205533,-752.2482878727635,387.7892358339322,11742.281345045702,4,1,0,0
SYN_000,synthetic,synthetic_track_0,DRV_00,51.0,1,45.67551698476413,9.907448574792,0.594696727040412,-0.803950124601907,0.39863606811933716,1.0,0.0,0.5,0.0,-0.0318991368586325,0.10486259014735463,19.224305522539446,36.88301844545403,0.10232499852847417,5.447408062937294,0.9449480772621667,2082.042657617506,-760.1814195779264,386.74397828672113,11940.367038819459,4,1,0,0
SYN_000,synthetic,synthetic_track_0,DRV_00,51.2,1,47.762910804956,10.436969100959352,0.585786686156226,-0.8104652727428284,0.4003928187725973,1.0,0.0,0.5,1.0,-0.021057704565464862,0.061951312559885535,19.224305522539446,36.88301844545403,0.10241937274213722,5.447408062937294,0.9447187927233348,2091.595239778497,-768.2708076834143,385.75644954144167,11995.373722195152,4,1,0,0
SYN_000,synthetic,synthetic_track_0,DRV_00,51.400000000000006,1,49.93949912657791,10.882941608109533,0.5763931328865092,-0.8171725376940141,0.40222985380355714,0.9996241607789516,0.00037583922104849607,0.5,1.0,-0.008699999411724649,0.029972018401963868,19.224305522539446,36.88301844545403,0.10251158597763842,5.447408062937294,0.9444809719451426,2101.583139603813,-774.4365241240032,385.03631374254536,12307.025842359979,4,1,0,0
SYN_000,synthetic,synthetic_track_0,DRV_00,51.6,1,52.00947422505059,10.34987549236341,0.5664894099286917,-0.8240690192202609,0.40415060376996403,1.0,0.0,0.625,1.0,-0.002227177713446752,0.012231032303556478,19.224305522539446,36.88301844545403,0.10260163568060038,5.447408062937294,0.9442342232380971,2111.985034448823,-782.7813362130316,384.07945433216827,13388.574052687045,5,1,0,0
SYN_000,synthetic,synthetic_track_0,DRV_00,51.800000000000004,1,53.91977969163797,9.551527332936907,0.5560874952458341,-0.8311237559059508,0.4061509681632352,0.9990434786007061,0.0009565213992938779,0.625,1.0,0.008361176144081975,0.05389247650209666,19.224305522539446,36.88301844545403,0.10268951935657727,5.447408062937294,0.9439790164487138,2122.7689903871506,-791.2559666826528,383.09815721052433,13477.596341987222,5,1,0,0
SYN_000,synthetic,synthetic_track_0,DRV_00,52.0,1,54.66654496968226,3.7338263902214663,0.5452107964044893,-0.838298984541901,0.4082248058436828,0.6650141430752686,0.003517051568343375,0.625,0.0,0.025146788516614314,0.1053390325083907,19.224305522539446,36.88301844545403,0.10277523457112386,5.447408062937294,0.9437160548537067,2133.702299381087,-802.0071814700516,381.7892735861318,13645.345349647901,5,1,0,0
SYN_000,synthetic,synthetic_track_0,DRV_00,52.2,1,54.03486776254869,-3.158386035667853,0.534088967447716,-0.8454282789513446,0.41032736526559366,0.336851859337705,0.09814565169719236,0.625,0.0,0.031765387808330776,0.14623107402776275,19.224305522539446,36.88301844545403,0.10285877894986296,5.447408062937294,0.9434504587422183,2144.5092729335965,-810.7105090529714,380.6375597243875,13490.183169816542,5,1,0,0
SYN_000,synthetic,synthetic_track_0,DRV_00,52.400000000000006,1,51.75043834735941,-11.422147075946398,0.5230040440315356,-0.8523302000555064,0.412405629410307,0.1299025373822943,0.3750278375284126,0.625,0.0,0.04209228841007088,0.18718817329781334,19.224305522539446,36.88301844545403,0.10294015017855117,5.447408062937294,0.9431882939554566,2154.8593606030686,-819.4798085781063,379.3582774881204,13548.429124297705,5,1,0,0
SYN_000,synthetic,synthetic_track_0,DRV_00,52.6,1,48.619054535069594,-15.656919061449095,0.5123041293590043,-0.8588040981747308,0.4143960308852055,0.03298642471389415,0.5027459117004001,0.5,0.0,0.052476970127960744,0.22854619951742838,19.224305522539446,36.88301844545403,0.10301934600314305,5.447408062937294,0.9429368332793507,2164.5831715100826,-828.2887302160701,377.91971626791127,11865.172755855074,4,1,0,0
SYN_000,synthetic,synthetic_track_0,DRV_00,52.800000000000004,1,45.418474305515225,-16.002901147771844,0.502178629897972,-0.8647639121019075,0.41626599452116975,0.011180489675378139,0.5323008277109766,0.5,0.0,0.06300919060742766,0.2706769844272271,19.224305522539446,36.88301844545403,0.10309636422985351,5.447408062937294,0.9426998039713832,2173.6668663711857,-837.1080227989836,376.29065031148417,12083.920429947402,4,1,0,0
SYN_000,synthetic,synthetic_track_0,DRV_00,53.0,1,42.31531497009552,-15.515796677098521,0.4926570334769956,-0.8702235617159803,0.4180128589175357,0.017700208234832718,0.5247947963802845,0.5,0.0,0.07378564486216271,0.3139712705560871,19.224305522539446,36.88301844545403,0.10317120272521858,5.447408062937294,0.9424775111358294,2182.129929365205,-845.9057266542222,374.44060452795776,11426.538414861254,4,1,0,0
SYN_000,synthetic,synthetic_track_0,DRV_00,53.2,1,39.63499486992444,-13.401600500855402,0.48373255864580184,-0.875215865775973,0.4196403710317702,0.05660338610882795,0.4706940702841025,0.5,0.0,0.06261417701490184,0.34744129759534575,19.224305522539446,36.88301844545403,0.10324385941615456,5.447408062937294,0.9422695267426803,2190.05692833919,-852.4692017364292,372.8902817596469,11439.899682374997,4,1,0,0
SYN_000,synthetic,synthetic_track_0,DRV_00,53.400000000000006,1,37.29754600828094,-11.687244308217508,0.47532747745180415,-0.879808950385994,0.42116479391138273,0.09023893369614945,0.42544003848854983,0.375,0.0,0.0690479187535151,0.3819437997099928,19.224305522539446,36.88301844545403,0.10331433229001534,5.447408062937294,0.9420739909030943,2197.5164375408463,-858.985831878471,371.1870805528829,10133.62809708435,3,1,0,0
SYN_000,synthetic,synthetic_track_0,DRV_00,53.6,1,35.22847731658601,-10.345343458474652,0.467378241071383,-0.8840574527557699,0.4225993149117012,0.11647295691893478,0.3903825052070268,0.375,0.0,0.07569113669336151,0.41762220028408364,19.224305522539446,36.88301844545403,0.10338261939464827,5.447408062937294,0.941889395569268,2204.5621330041636,-865.4396013505752,369.3194794888856,10017.492361154835,3,1,0,0
SYN_000,synthetic,synthetic_track_0,DRV_00,53.800000000000004,1,33.3953205221698,-9.165783972081059,0.4598351061267248,-0.8880043215961416,0.42395425634695455,0.14107966785089723,0.3589440061635752,0.375,0.0,0.08256898931009696,0.454596699299787,19.224305522539446,36.88301844545403,0.1034487188384482,5.447408062937294,0.941714560435935,2211.2411971085976,-871.8139179513485,367.2764674435347,9765.598613744554,3,1,0,0
SYN_000,synthetic,synthetic_track_0,DRV_00,54.0,1,31.933444458202004,-7.309380319838965,0.45265370753494405,-0.8916863916506012,0.4252386917516534,0.1747092818404897,0.31296477928381183,0.375,0.0,0.05899204211978019,0.4800105270612652,19.224305522539446,36.88301844545403,0.10351262879040977,5.447408062937294,0.941548448040049,2217.627886000238,-876.0108976146627,365.8118243322225,9666.499577490958,3,1,0,0
SYN_000,synthetic,synthetic_track_0,DRV_00,54.2,1,30.31941507666435,-8.070146907688276,0.4457590935608776,-0.8951529648656618,0.4264669011538919,0.16887453921981085,0.3181746972739651,0.375,0.0,0.09460362503628619,0.5193120257555143,19.224305522539446,36.88301844545403,0.10357434748017835,5.447408062937294,0.9413894252775024,2223.691769015571,-882.2145854311926,363.45354122669363,9776.001770366984,3,1,0,0
SYN_000,synthetic,synthetic_track_0,DRV_00,54.400000000000006,1,29.15002514461253,-5.846949660259089,0.4391883838607331,-0.8983949930191047,0.42763303250299445,0.21155233465878284,0.26464546770298925,0.25,0.0,0.06726235145727195,0.546298385105194,19.224305522539446,36.88301844545403,0.10363387319809886,5.447408062937294,0.9412381621357888,2229.5217740444937,-886.2815105769536,361.7697427065068,8813.305803606945,2,1,0,0
SYN_000,synthetic,synthetic_track_0,DRV_00,54.6,1,27.890445383699134,-6.297898804566984,0.4328488643713906,-0.9014665055410531,0.42875418731624876,0.1950583281977863,0.28238904830732225,0.25,0.0,0.10737843634195264,0.5879049326511797,19.224305522539446,36.88301844545403,0.10369120429526325,5.447408062937294,0.9410927026960033,2235.0998631212333,-892.2652480523911,359.070085339151,8793.937826265088,2,1,0,0
SYN_000,synthetic,synthetic_track_0,DRV_00,54.800000000000004,1,26.85117155785562,-5.1963691292175795,0.42676316541954656,-0.9043634228788163,0.4298268967540833,0.22373929390273772,0.24657551664238309,0.25,0.0,0.07601548217987346,0.6163300398333114,19.224305522539446,36.88301844545403,0.10374633918355616,5.447408062937294,0.9409534442698271,2240.4700974328043,-896.1687671242668,357.1507809754387,8309.805606159463,2,1,0,0
SYN_000,synthetic,synthetic_track_0,DRV_00,55.0,1,25.94816181423247,-4.5150487181157395,0.42088591612239157,-0.9071135792224782,0.43085963412169315,0.2381571034087585,0.22771856858917827,0.25,0.0,0.07963541052320691,0.6452245565871583,19.224305522539446,36.88301844545403,0.10379927633569888,5.447408062937294,0.9408194179693298,2245.659729795651,-899.9974332800971,355.1331964127745,8643.577868988321,2,1,0,0
SYN_000,synthetic,synthetic_track_0,DRV_00,55.2,1,25.221466262893905,-3.6334777566928267,0.41518947950816765,-0.9097349592632663,0.4318576403453175,0.2600280912505052,0.20284964627633978,0.25,0.0,0.08330885441932463,0.6744904635145075,19.224305522539446,36.88301844545403,0.10385001428529171,5.447408062937294,0.9406900246724693,2250.70402304823,-903.7457875501436,353.01522872023037,8682.306145619708,2,1,0,0
SYN_000,synthetic,synthetic_track_0,DRV_00,55.400000000000006,1,24.549300116604158,-3.3608307314487362,0.40963692712612465,-0.912248643701193,0.4328276967400442,0.25439015078638993,0.207535700571702,0.25,0.0,0.08702164926877032,0.7040007079741216,19.224305522539446,36.88301844545403,0.10389855162685452,5.447408062937294,0.9405644890184437,2255.613883071551,-907.4083627679053,350.79493250092105,8278.910750641642,2,1,0,0
SYN_000,synthetic,synthetic_track_0,DRV_00,55.6,1,23.848534152015706,-3.5038298229422615,0.4042177367532445,-0.9146627910296148,0.4337719005906829,0.2570373220072681,0.20415616959799088,0.25,0.0,0.09075579462533136,0.7335966351947087,19.224305522539446,36.88301844545403,0.1039448870158657,5.447408062937294,0.9404425714812272,2260.383589901954,-910.9796951292041,348.47052381933565,8822.348382167176,2,1,0,0
SYN_000,synthetic,synthetic_track_0,DRV_00,55.800000000000004,1,23.179726036078698,-3.344040579685039,0.39893961341893136,-0.9169771997411679,0.43468915190422197,0.2657203494974228,0.19371049958534642,0.25,0.0,0.09448916617050211,0.7630860710216343,19.224305522539446,36.88301844545403,0.10398901916879945,5.447408062937294,0.9403243982850783,2265.0195351091697,-914.4543358316757,346.0403837735758,8381.10180899477,2,1,0,0
SYN_000,synthetic,synthetic_track_0,DRV_00,56.0,1,22.533608083411856,-3.2305897633342084,0.393796809552112,-0.919197515655138,0.4355806798286865,0.2656710557783526,0.19187004175915245,0.25,0.0,0.09819532997658771,0.7922423843301624,19.224305522539446,36.88301844545403,0.10403094686316125,5.447408062937294,0.940209829182211,2269.526256725852,-917.8268627687978,343.5030617055178,8328.23277020235,2,1,0,0
SYN_000,synthetic,synthetic_track_0,DRV_00,56.2,1,22.09064226250809,-2.2148291045188273,0.38878551135120526,-0.9213282944550123,0.43644735706266385,0.2850268882695293,0.16667966068851442,0.25,0.0,0.05047067351485622,0.8066154419008261,19.224305522539446,36.88301844545403,0.10407066893752184,5.447408062937294,0.9400987646843357,2273.9443851783535,-919.4731493513764,342.1938007936481,8138.409086998779,2,1,0,0
SYN_000,synthetic,synthetic_track_0,DRV_00,56.400000000000006,1,21.6501786228671,-2.20231819820496,0.3838615332750977,-0.9233906666583169,0.43729699714968334,0.28474537120137394,0.16753504765490268,0.25,0.0,0.10363506698516994,0.8347731713708298,19.224305522539446,36.88301844545403,0.10410818429154928,5.447408062937294,0.9399903112521726,2278.274420902927,-922.6824264372752,339.49336064350734,7758.607562599386,2,1,0,0
SYN_000,synthetic,synthetic_track_0,DRV_00,56.6,1,21.16643100941759,-2.4187380672475456,0.37902511848380566,-0.9253863839274582,0.43812969632748594,0.28634502660983996,0.1659206891449058,0.25,0.0,0.10712945659685502,0.8618873936649475,19.224305522539446,36.88301844545403,0.10414349188603947,5.447408062937294,0.9398844581878848,2282.5077071048104,-925.7762282135939,336.682865622561,7816.20417121145,2,1,0,0
SYN_000,synthetic,synthetic_track_0,DRV_00,56.800000000000004,1,20.815713119158833,-1.7535894512937844,0.3742867364928522,-0.927313020983492,0.43894378982784815,0.2954802217688222,0.1526012555583616,0.25,0.0,0.05482916788198924,0.8749502086276092,19.224305522539446,36.88301844545403,0.104176590742945,5.447408062937294,0.9397813962343718,2286.670849728642,-927.2781865217838,335.23607750574774,7928.190243122313,2,1,0,0
SYN_000,synthetic,synthetic_track_0,DRV_00,57.0,1,20.428383374895358,-1.9366487213173755,0.3696173157535168,-0.9291840721273503,0.439744394178585,0.29855069982037596,0.1499048743170499,0.25,0.0,0.11207192965772982,0.8998708648181858,19.224305522539446,36.88301844545403,0.1042074799454021,5.447408062937294,0.9396805403359103,2290.756526403621,-930.1889813983069,332.258977239601,7954.595044589138,2,1,0,0
SYN_000,synthetic,synthetic_track_0,DRV_00,57.2,1,20.069508832994003,-1.7943727095067707,0.3650256873701707,-0.9309974476656391,0.4405301012314656,0.29434985330799995,0.1532811778973121,0.25,0.0,0.11510393008500935,0.9228886658910502,19.224305522539446,36.88301844545403,0.10423615863775618,5.447408062937294,0.9395820518413546,2294.77042817022,-932.9713622261635,329.17005163008116,8054.713645381114,2,1,0,0
SYN_000,synthetic,synthetic_track_0,DRV_00,57.400000000000006,1,19.812812749442372,-1.283480417758156,0.36050605840750266,-0.9327568717792897,0.44130200541735,0.3017298103536685,0.14277654211608876,0.25,0.0,0.05860859760002205,0.933572547383119,19.224305522539446,36.88301844545403,0.10426262602558546,5.447408062937294,0.9394858057861406,2298.7329907201083,-934.3128256012689,327.5835239377871,7999.173255014,2,1,0,0
SYN_000,synthetic,synthetic_track_0,DRV_00,57.6,1,19.416371265683203,-1.982207418795845,0.35603591859901396,-0.9344722706786737,0.4420640366769439,0.2971295348578772,0.14752112231813697,0.125,0.0,0.11914526111340448,0.9530721550093422,19.224305522539446,36.88301844545403,0.104286881375723,5.447408062937294,0.9393913528050019,2302.616264973245,-936.8932124985024,324.3261765090026,6859.846659542132,1,1,0,0
SYN_000,synthetic,synthetic_track_0,DRV_00,57.800000000000004,1,19.26339404772218,-0.7648860898051169,0.3516473040231842,-0.9361325619661065,0.4428108201871625,0.317572369773136,0.12288963248070772,0.125,0.0,0.06045445637051412,0.9618043626419314,19.224305522539446,36.88301844545403,0.10430892401627702,5.447408062937294,0.9392993079792666,2306.4689437827897,-938.1309232023343,322.65532568017255,6847.083770926502,1,1,0,0
SYN_000,synthetic,synthetic_track_0,DRV_00,58.0,1,19.14879459973016,-0.5729972399601024,0.34728561531428537,-0.9377594048559461,0.4435517199582288,0.317596683812766,0.12355884567311742,0.125,0.0,0.12244794363086194,0.9770395706901728,19.224305522539446,36.88301844545403,0.10432875333664943,5.447408062937294,0.9392086002493448,2310.2987027027357,-940.4984049672967,319.22927659159507,6644.6727668173,1,1,0,0
SYN_000,synthetic,synthetic_track_0,DRV_00,58.2,1,18.919349279026953,-1.1472266035160317,0.34294241546710824,-0.9393564284517274,0.4442882120582184,0.3124121717397775,0.12827557543656706,0.125,0.0,0.0618966053354998,0.9834727848521747,19.224305522539446,36.88301844545403,0.10434636878755287,5.447408062937294,0.939119060917835,2314.082572558541,-941.6270109626126,317.47411482137284,6881.762703227119,1,1,0,0
SYN_000,synthetic,synthetic_track_0,DRV_00,58.400000000000006,1,18.83639188030637,-0.41478699360292026,0.3386440442277527,-0.9409145611101317,0.44501587933818093,0.3282171972841809,0.11099993333630619,0.125,0.0,0.12488093123203597,0.9938207020180858,19.224305522539446,36.88301844545403,0.1043617698810258,5.447408062937294,0.9390311954529654,2317.8498509346023,-943.7711060537657,313.87969225337326,6374.059500271176,1,1,0,0
SYN_000,synthetic,synthetic_track_0,DRV_00,58.6,1,18.653874156536574,-0.9125886188489751,0.3343574878720455,-0.9424463222401024,0.445740355948962,0.31582723812298136,0.12288618405595952,0.125,0.0,0.06287612070907173,0.9976870451718794,19.224305522539446,36.88301844545403,0.10437495619044616,5.447408062937294,0.938944359435866,2321.5806257659096,-944.785483910719,312.0405351891447,6712.1106204257385,1,1,0,0
SYN_000,synthetic,synthetic_track_0,DRV_00,58.800000000000004,1,18.597732956662856,-0.280705999368589,0.3301056385891326,-0.9439439958872883,0.44645781264729034,0.327298486227895,0.10962698051349176,0.125,0.0,0.12634319611638645,1.0027163614051124,19.224305522539446,36.88301844545403,0.10438592735054306,5.447408062937294,0.9388589910415481,2325.300172357242,-946.6961950957038,308.2786723048003,6752.738302635045,1,1,0,0
SYN_000,synthetic,synthetic_track_0,DRV_00,59.0,1,18.577812710419952,-0.09960123121452114,0.3258599077938751,-0.9454180665147918,0.44717311006870036,0.33600651599495035,0.10030681490914538,0.125,0.0,0.06335220571114489,1.0038582229476973,19.224305522539446,36.88301844545403,0.10439468305740693,5.447408062937294,0.9387745343044797,2329.015734899326,-947.5914768864814,306.35613680424916,6652.340593471699,1,1,0,0
SYN_000,synthetic,synthetic_track_0,DRV_00,59.2,1,18.51467778289655,-0.3156746376170183,0.32161215310917657,-0.946871492322205,0.4478876413267935,0.3344174149039499,0.10152924132593961,0.125,0.0,0.1267753167589758,1.0033807742074463,19.224305522539446,36.88301844545403,0.10440122306849797,5.447408062937294,0.9386908299252265,2332.7186704559053,-949.2593440940213,302.428365830759,6873.598562845876,1,1,0,0
SYN_000,synthetic,synthetic_track_0,DRV_00,59.400000000000006,1,18.527922212561283,0.06622214832367135,0.31737238455324873,-0.948300990995467,0.44859974431844335,0.33631475598599064,0.09840813470663255,0.125,0.0,0.06330706374358089,1.0017703251437904,19.224305522539446,36.88301844545403,0.10440554720265287,5.447408062937294,0.9386080681027353,2336.4242548984175,-950.0309433195367,300.42336629045474,7090.2046431033505,1,1,0,0
SYN_000,synthetic,synthetic_track_0,DRV_00,59.6,1,18.62924414882723,0.5066096813297349,0.31312322277968385,-0.9497125077390866,0.44931235671123415,0.3355240343981651,0.09832360762967444,0.125,0.0,0.12616680895753468,0.9958652007732389,19.224305522539446,36.88301844545403,0.1044076553400898,5.447408062937294,0.938525912803769,2340.150103728183,-951.4470944191429,296.3318097671992,6770.323208812712,1,1,0,0
SYN_000,synthetic,synthetic_track_0,DRV_00,59.800000000000004,1,18.60903666728229,-0.10103740772470005,0.3088444951597599,-0.9511125473935842,0.4500288661015736,0.3302036249740341,0.10438857992332384,0.125,0.0,0.06274817640918368,0.9916083799714666,19.224305522539446,36.88301844545403,0.10440754742241173,5.447408062937294,0.9384439765048176,2343.8719110616394,-952.090730832522,294.245553048926,6615.8632473159705,1,1,0,0
SYN_000,synthetic,synthetic_track_0,DRV_00,60.0,1,18.68317564044229,0.3706948658000009,0.30456415936041076,-0.952491822974395,0.4507445982810845,0.33976810275888103,0.09246128931103711,0.125,0.0,0.12455762298369964,0.9806132589768517,19.224305522539446,36.88301844545403,0.10440522345260807,5.447408062937294,0.9383627939344227,2347.608546189728,-953.2469300763628,289.99291230386166,6914.4111925857715,1,1,0,0
SYN_000,synthetic,synthetic_track_0,DRV_00,60.2,1,18.789099003871065,0.5296168171438786,0.3002605744230884,-0.9538572154400873,0.45146318195956303,0.340827544462364,0.09125232332912862,0.125,0.0,0.06170748487320675,0.973937345718598,19.224305522539446,36.88301844545403,0.10440068349505455,5.447408062937294,0.9382819499488707,2351.366365990502,-953.7586532730037,287.82689129312985,7029.642831695423,1,1,0,0
SYN_000,synthetic,synthetic_track_0,DRV_00,60.400000000000006,1,18.982907393042073,0.9690419458550359,0.29592641768084293,-0.9552107386951757,0.45218583961355807,0.3548149976004918,0.07583687633926191,0.125,0.0,0.1220334760161812,0.9584090107384183,19.224305522539446,36.88301844545403,0.10439392767551148,5.447408062937294,0.9382013046591166,2355.1629474691103,-954.6473471451054,283.4164322234859,7079.306148723161,1,1,0,0
SYN_000,synthetic,synthetic_track_0,DRV_00,60.6,1,19.001163523361544,0.09128065159735854,0.2915413588729618,-0.9565582240859711,0.45291595143636737,0.33565102844898026,0.09617664753589729,0.125,0.0,0.060237658479965636,0.9496365393865378,19.224305522539446,36.88301844545403,0.10438495618112026,5.447408062937294,0.9381204713149046,2358.963180173783,-955.0235587948384,281.1724180616956,6679.0146828802835,1,1,0,0
SYN_000,synthetic,synthetic_track_0,DRV_00,60.800000000000004,1,19.173896070620234,0.863662736293449,0.2871459387384478,-0.9578868460658678,0.45364676541803517,0.3560697802168884,0.07209430031826962,0.125,0.0,0.11871604992278831,0.9302891032690145,19.224305522539446,36.88301844545403,0.10437376926039814,5.447408062937294,0.9380402222716184,2362.7979593879068,-955.6379190249137,276.60795430874117,6816.394833039363,1,1,0,0
SYN_000,synthetic,synthetic_track_0,DRV_00,61.0,1,19.40929657609373,1.1770025273674811,0.2827044244832427,-0.9592070727312213,0.4543842229592128,0.3631501404367561,0.06542395678085844,0.125,0.0,0.05840625622238132,0.9198035716666576,19.224305522539446,36.88301844545403,0.10436036722323144,5.447408062937294,0.9379598777400577,2366.6798187031254,-955.8753936281892,274.2879873472382,6936.086894540332,1,1,0,0
SYN_000,synthetic,synthetic_track_0,DRV_00,61.2,1,19.618384732367257,1.0454407813676347,0.27820219964478865,-0.9605225328501155,0.45513073436598567,0.35703197158550004,0.07025907111663048,0.25,0.0,0.11475009404263097,0.8974366962018367,19.224305522539446,36.88301844545403,0.10434475044086684,5.447408062937294,0.9378791618698323,2370.6034956495987,-956.2093571408424,269.5738609681488,7976.278010082365,2,1,0,0
SYN_000,synthetic,synthetic_track_0,DRV_00,61.400000000000006,1,19.87852146049459,1.3006836406366595,0.2736452547669069,-0.9618306891254587,0.4558852876249228,0.3586515648375642,0.06916903562635127,0.25,0.0,0.0562889405004954,0.8856464729828357,19.224305522539446,36.88301844545403,0.1043269193459012,5.447408062937294,0.9377981903054996,2374.5791999416974,-956.3052611978936,267.180240498895,8288.634814500747,2,1,0,0
SYN_000,synthetic,synthetic_track_0,DRV_00,61.6,1,20.156580501738823,1.3902952062211682,0.2690216123644101,-0.9631341402322177,0.4566498461426341,0.36321340681097974,0.06286863291446286,0.25,0.0,0.11028983364574055,0.8610759202589273,19.224305522539446,36.88301844545403,0.10430687443226953,5.447408062937294,0.9377167382851629,2378.610516042045,-956.3535667825985,262.32130025140674,7803.022120959621,2,1,0,0
SYN_000,synthetic,synthetic_track_0,DRV_00,61.800000000000004,1,20.4031502882205,1.232848932408377,0.2643269562660555,-0.9644331289369537,0.4574250992388548,0.35784507464506876,0.06940181900207787,0.25,0.0,0.0539629090259434,0.8483819438004849,19.224305522539446,36.88301844545403,0.10428461625523133,5.447408062937294,0.9376347267840667,2382.6911460996894,-956.3054762721597,259.8565730751548,8182.079123649421,2,1,0,0
SYN_000,synthetic,synthetic_track_0,DRV_00,62.0,1,20.728829848209315,1.6283977999440857,0.25956848494191653,-0.9657247028138807,0.4582098357884018,0.3673972682763627,0.05713614646724643,0.25,0.0,0.1054867861888267,0.8223818479629037,19.224305522539446,36.88301844545403,0.10426014543135514,5.447408062937294,0.9375522941699613,2386.8369120693314,-956.0636977752159,254.8581504426689,8135.711947752493,2,1,0,0
SYN_000,synthetic,synthetic_track_0,DRV_00,62.2,1,21.115149065794675,1.931596087926799,0.2547275961647134,-0.9670128498381739,0.4590070984748714,0.37808423568884225,0.0444404038254262,0.25,0.0,0.10216386452130224,0.7958191382119464,19.224305522539446,36.88301844545403,0.1042334626385016,5.447408062937294,0.9374690921564853,2391.0599418824904,-955.6264967727536,249.7699281195243,8008.4589924738675,2,1,0,0
SYN_000,synthetic,synthetic_track_0,DRV_00,62.400000000000006,1,21.2836914408394,0.8427118752236318,0.24978991763651814,-0.9683000552758124,0.4598192195927866,0.3674459499871736,0.057266443567724014,0.25,0.0,0.049817926552335,0.7824146090633302,19.224305522539446,36.88301844545403,0.10420456861580449,5.447408062937294,0.937384853707405,2395.3166801706584,-955.3341897040805,247.1929814373714,8152.35937620387,2,1,0,0
SYN_000,synthetic,synthetic_track_0,DRV_00,62.6,1,21.50215526166351,1.092319104120545,0.24480624461034442,-0.969572020326381,0.460637823109742,0.3637777895802611,0.05589683185680633,0.25,0.0,0.09709046213024733,0.7555166604914423,19.224305522539446,36.88301844545403,0.10417346416365043,5.447408062937294,0.9373005368007115,2399.6171112229913,-954.601461862847,241.975163484714,8178.9584401775055,2,1,0,0
SYN_000,synthetic,synthetic_track_0,DRV_00,62.800000000000004,1,22.002698947064147,2.502718427003181,0.23976484136969625,-0.970830994994991,0.4614648290813445,0.3973357375608894,0.017636029152565215,0.25,0.0,0.09369521560448223,0.7286852041385937,19.224305522539446,36.88301844545403,0.10414015014365662,5.447408062937294,0.9372159215235583,2404.0176510124043,-953.6705119724588,236.6745277398141,8001.99706402096,2,1,0,0
SYN_000,synthetic,synthetic_track_0,DRV_00,63.0,1,22.466646322551238,2.3197368774354565,0.23459937992446522,-0.9720921411774999,0.4623110867331547,0.3913894325002752,0.026967632686763447,0.25,0.0,0.04558005841069542,0.7153558114247803,19.224305522539446,36.88301844545403,0.10410462747864693,5.447408062937294,0.9371297664476941,2408.5109802769143,-953.1304913543091,233.9940854330198,8564.057667198367,2,1,0,0
SYN_000,synthetic,synthetic_track_0,DRV_00,63.2,1,22.959771722786982,2.4656270011787207,0.22931815701329067,-0.9733515207077184,0.4631751885147912,0.3896849990460179,0.027083651257053188,0.25,0.0,0.08864893915821644,0.6889744124522637,19.224305522539446,36.88301844545403,0.10406689715262644,5.447408062937294,0.937042232301681,2413.102934621472,-951.9010847501212,228.57487576643456,8483.422553710903,2,1,0,0
SYN_000,synthetic,synthetic_track_0,DRV_00,63.400000000000006,1,23.43667966404245,2.3845397062773444,0.22391403267231594,-0.974608898980725,0.46405825665797534,0.3947977516952223,0.020475548426066397,0.25,0.0,0.08534670392791445,0.6630796704557647,19.224305522539446,36.88301844545403,0.10402696021075415,5.447408062937294,0.9369531903886624,2417.79027055428,-950.4723618443593,223.0805393208912,8203.633236857788,2,1,0,0
SYN_000,synthetic,synthetic_track_0,DRV_00,63.6,1,23.944058215609683,2.53689275783616,0.2183905483946701,-0.9758614493727453,0.4649596674142846,0.40018123352909235,0.013035733175874618,0.25,0.0,0.08211360236254597,0.6377864107452674,19.224305522539446,36.88301844545403,0.10398481775931397,5.447408062937294,0.9368627117335727,2422.579082197402,-948.8443729232287,217.5143286632811,8210.314011173281,2,1,0,0
SYN_000,synthetic,synthetic_track_0,DRV_00,63.800000000000004,1,24.56521367660966,3.1057773049998794,0.2127402534157722,-0.9771087885064759,0.4658805927302696,0.40252270074750296,0.008803519600412976,0.25,0.0,0.07896242243275638,0.6131831321459108,19.224305522539446,36.88301844545403,0.10394047096568412,5.447408062937294,0.9367706619155131,2427.492124932724,-947.0174501559262,211.87958695585417,8302.969026332974,2,1,0,0
SYN_000,synthetic,synthetic_track_0,DRV_00,64.0,1,25.16656036965825,3.0067334652429523,0.20693597801981267,-0.978354486370346,0.46682540864090843,0.40603848332295867,0.004837662875344531,0.25,0.0,0.07590282190717249,0.5893350993527734,19.224305522539446,36.88301844545403,0.1038939210583048,5.447408062937294,0.9366765399475497,2432.5254370066555,-944.9922088328384,206.17974103223128,8375.988387340896,2,1,0,0
SYN_000,synthetic,synthetic_track_0,DRV_00,64.2,1,25.767723627655688,3.005816289987191,0.20098205531792454,-0.9795949231392447,0.4677933532705107,0.413246059865387,0.0,0.25,0.0,0.07294172191118559,0.5662874464138113,19.224305522539446,36.88301844545403,0.10384516932664417,5.447408062937294,0.9365804326014214,2437.6789817321865,-942.7695480276038,200.41829434116616,8187.4162619257895,2,1,0,0
SYN_000,synthetic,synthetic_track_0,DRV_00,64.4,1,26.40359827250584,3.1793732242507566,0.19487820841918835,-0.9808274485776423,0.468784419563882,0.41917710766670824,0.0,0.25,0.0,0.07008369299691027,0.5440681621320596,19.224305522539446,36.88301844545403,0.10379421712116259,5.447408062937294,0.9364823402791043,2442.959701386688,-940.3506506800082,194.5988197750922,8161.202311045441,2,1,0,0
SYN_000,synthetic,synthetic_track_0,DRV_00,64.60000000000001,1,27.06749646490752,3.319490962008409,0.18861589921437785,-0.9820509368477541,0.469799942574363,0.41872200865894493,0.0,0.25,0.0,0.06733132025761929,0.5226908715383127,19.224305522539446,36.88301844545403,0.10374106585327522,5.447408062937294,0.9363821098270714,2448.3732006796695,-937.7369830979688,188.72495240067596,8183.858523912782,2,1,0,0
SYN_000,synthetic,synthetic_track_0,DRV_00,64.8,1,27.738144911976434,3.353242235344567,0.18218816001518326,-0.9832636850561918,0.4708410001307057,0.4196408229918377,0.0,0.25,0.0,0.06468553899818819,0.5021573624859026,19.224305522539446,36.88301844545403,0.10368571699531297,5.447408062937294,0.9362796175000145,2453.920829662065,-934.9302938781528,182.80038210876927,8570.368980585596,2,1,0,0
SYN_000,synthetic,synthetic_track_0,DRV_00,65.0,1,28.327022286961732,2.94438687492649,0.17559307645790634,-0.984462833986153,0.4719078518580894,0.42363749236979525,0.0,0.25,0.0,0.06214593634219747,0.48245983342691057,19.224305522539446,36.88301844545403,0.10362817208048165,5.447408062937294,0.9361748331368511,2459.5862341194575,-931.9326122460772,176.82884620127095,8600.843676551827,2,1,0,0
SYN_000,synthetic,synthetic_track_0,DRV_00,65.2,1,28.946310650002204,3.0964418152023576,0.16884983929092212,-0.9856417867417299,0.47299735271528026,0.4254340363940395,0.0014265269891294333,0.25,0.0,0.05971101710850037,0.4635828580612795,19.224305522539446,36.88301844545403,0.10356843270281955,5.447408062937294,0.9360681160520871,2465.3754962494577,-928.7462458178173,170.81412193246135,8738.210201945694,2,1,0,0
SYN_000,synthetic,synthetic_track_0,DRV_00,65.4,1,29.69343945054151,3.7356440026965387,0.16195100927032557,-0.9867987994501832,0.47411067235566495,0.43904430572408526,0.0,0.375,0.0,0.0573784343569682,0.4455050762281195,19.224305522539446,36.88301844545403,0.10350650051715325,5.447408062937294,0.9359593319409271,2471.314184139566,-925.373777786764,164.7600190224329,9966.73898115626,3,1,0,0
SYN_000,synthetic,synthetic_track_0,DRV_00,65.60000000000001,1,30.400359077661424,3.5345981355995626,0.15486588349602542,-0.9879355030208173,0.4752527277191473,0.44824566603175864,0.0005172787527140166,0.375,0.0,0.0819104097714993,0.4198293951884245,19.224305522539446,36.88301844545403,0.10344237723905181,5.447408062937294,0.9358479177907751,2477.3942559550983,-919.9724548624071,155.61342307116567,9914.051456969155,3,1,0,0
SYN_000,synthetic,synthetic_track_0,DRV_00,65.8,1,31.10021345238688,3.499271873627272,0.14760382200467537,-0.9890465670177578,0.47642197229905736,0.45137793011070737,0.0,0.375,0.0,0.051973833105275105,0.4036295311770574,19.224305522539446,36.88301844545403,0.10337606464477922,5.447408062937294,0.9357340499891151,2483.6142986455757,-916.1478107149784,149.47768651612378,9969.78943814286,3,1,0,0
SYN_000,synthetic,synthetic_track_0,DRV_00,66.0,1,31.810881680416028,3.553341140145747,0.14016633818745447,-0.9901279703347038,0.4776181343549184,0.4703761997915135,0.00027945397448925625,0.375,0.0,0.07423602025566664,0.3806250509391307,19.224305522539446,36.88301844545403,0.1033075645712452,5.447408062937294,0.9356177590719849,2489.976474981659,-910.0839934927583,140.22673219094054,9793.102157376588,3,1,0,0
SYN_000,synthetic,synthetic_track_0,DRV_00,66.2,1,32.557972935200205,3.735456273920885,0.13255071357263423,-0.9911762246600679,0.4788416298041652,0.47612326197254345,0.0,0.375,0.0,0.047131143028258625,0.3661032879396314,19.224305522539446,36.88301844545403,0.10323687891595432,5.447408062937294,0.9354989968891783,2496.4880695686993,-905.8291423245013,134.03349428857857,9977.506036624314,3,1,0,0
SYN_000,synthetic,synthetic_track_0,DRV_00,66.4,1,33.333577282075034,3.878021734374144,0.12474812521933815,-0.9921884424111482,0.48009385953244216,0.49485156274706393,0.0,0.375,0.0,0.06735594148052668,0.345457354020748,19.224305522539446,36.88301844545403,0.10316400963695348,5.447408062937294,0.9353776025919637,2503.1547850251145,-899.1387699269854,124.71435318253545,10102.807192788243,3,1,0,0
SYN_000,synthetic,synthetic_track_0,DRV_00,66.60000000000001,1,34.05940929475304,3.6291600633900245,0.11675166491784852,-0.9931611393620425,0.48137592019713743,0.49355167191068217,0.0,0.375,0.0,0.04278475599130724,0.3324017774811909,19.224305522539446,36.88301844545403,0.10308895875277758,5.447408062937294,0.9352534501171753,2509.966666884065,-894.4796069381922,118.48764388630597,10273.476466572472,3,1,0,0
SYN_000,synthetic,synthetic_track_0,DRV_00,66.8,1,34.79455660497843,3.675736551126967,0.10857326197470059,-0.994088450181458,0.4826858974777048,0.5096868086098495,0.0023604733969914585,0.375,0.0,0.06117017096572851,0.31379783801377276,19.224305522539446,36.88301844545403,0.10301172834239372,5.447408062937294,0.9351267578393936,2516.925578205061,-887.2043222711065,109.1361219718172,9873.538311598064,3,1,0,0
SYN_000,synthetic,synthetic_track_0,DRV_00,67.0,1,35.627748156369506,4.165957756955372,0.10021074305639972,-0.9949662340884158,0.4840241496548194,0.5275805686021074,0.0048131307796174146,0.375,0.0,0.05775097041928282,0.29627259385239074,19.224305522539446,36.88301844545403,0.10293232054514347,5.447408062937294,0.9349974841295067,2524.0511278363347,-879.6002947210438,99.7820512798809,10066.510539165694,3,1,0,0
SYN_000,synthetic,synthetic_track_0,DRV_00,67.2,1,36.539700344266926,4.559760939487099,0.09164063824443323,-0.9957921436836871,0.4853944476608336,0.5472748033089057,0.001587800788295196,0.375,0.0,0.054526087208856606,0.2797217065680071,19.224305522539446,36.88301844545403,0.10285073756068375,5.447408062937294,0.9348651969329566,2531.359067905188,-871.6854829172132,90.43781263412133,10236.258087392036,3,1,0,0
SYN_000,synthetic,synthetic_track_0,DRV_00,67.4,1,37.4286318125533,4.4446573414318635,0.08284411654347842,-0.9965625180359386,0.4867998207509977,0.5455423039705962,0.0,0.375,0.0,0.03464632709386301,0.26917991442409206,19.224305522539446,36.88301844545403,0.10276698164892578,5.447408062937294,0.9347295490249692,2538.844794267699,-866.245601760059,84.21976855706032,10343.765308056367,3,1,0,0
SYN_000,synthetic,synthetic_track_0,DRV_00,67.60000000000001,1,38.240317992970404,4.058430902085526,0.07382690318861207,-0.9972710706551049,0.48823938351301904,0.5491552602498344,0.00993673492812609,0.375,0.0,0.049531203772897506,0.2540353014740945,19.224305522539446,36.88301844545403,0.1026810551299726,5.447408062937294,0.93459064100068,2546.492857866293,-857.8553748816395,74.91863249973815,9893.182857934971,3,1,0,0
SYN_000,synthetic,synthetic_track_0,DRV_00,67.8,1,39.17688005611813,4.682810315738628,0.06460790808234203,-0.9979107265748894,0.4897101649742871,0.5785955471134022,0.0,0.5,0.0,0.04673300653955782,0.23961255341074028,19.224305522539446,36.88301844545403,0.10259296038405467,5.447408062937294,0.9344488120252862,2554.3282338775166,-849.2068821507971,65.65882152619916,11634.693013109822,4,1,0,0
SYN_000,synthetic,synthetic_track_0,DRV_00,68.0,1,40.21578455556885,5.194522497253615,0.055157410987661824,-0.9984776712641791,0.49121696805336856,0.6180211688997864,0.0,0.5,0.0,0.05817784683564111,0.22135865902936014,19.224305522539446,36.88301844545403,0.10250269985146405,5.447408062937294,0.9343035119128165,2562.3713907886304,-837.3105727022845,53.39583187131197,11423.961002180533,4,1,0,0
SYN_000,synthetic,synthetic_track_0,DRV_00,68.2,1,41.22948612246871,5.068507834499272,0.045451168171341046,-0.9989665616585274,0.4927637289978135,0.6264432546040618,0.0,0.5,0.0,0.04067686818453166,0.2082973159397197,19.224305522539446,36.88301844545403,0.10241027603248672,5.447408062937294,0.9341542896064652,2570.617288013124,-828.1431354904917,44.274882801381295,11579.665920700663,4,1,0,0
SYN_000,synthetic,synthetic_track_0,DRV_00,68.4,1,42.268726432018255,5.196201547747741,0.03549581582024107,-0.9993698249693431,0.4943494784640623,0.6431980134551145,0.0,0.5,0.0,0.038247740751256525,0.19569176903805593,19.224305522539446,36.88301844545403,0.10231569148733335,5.447408062937294,0.9340012552310724,2579.0710332995277,-818.7906928809937,35.23050343365674,11792.489373144837,4,1,0,0
SYN_000,synthetic,synthetic_track_0,DRV_00,68.60000000000001,1,43.309227050041095,5.202503090114199,0.025285877016288604,-0.999680261095275,0.49597519871144763,0.656822573567388,0.0,0.5,0.0,0.03589814140922471,0.1834709514665861,19.224305522539446,36.88301844545403,0.1022189488360684,5.447408062937294,0.9338442956301509,2587.7328787095357,-809.2764341462918,26.27218404632988,11890.400701331802,4,1,0,0
SYN_000,synthetic,synthetic_track_0,DRV_00,68.8,1,44.48114327993744,5.859581149481734,0.014821879604345516,-0.9998901499089758,0.49764093821337224,0.6961877661040684,0.0,0.5,0.0,0.044322155361226696,0.16765797248758213,19.224305522539446,36.88301844545403,0.10212005075853756,5.447408062937294,0.93368340445439,2596.6291073655234,-796.3798493243773,14.476988401930798,11654.056090750957,4,1,0,0
SYN_000,synthetic,synthetic_track_0,DRV_00,69.0,1,45.606382113291914,5.626194166772365,0.004073054713654143,-0.999991705078247,0.49935175141644683,0.7037951235195508,0.004050233127094247,0.5,0.0,0.030652145427394965,0.15607510380127795,19.224305522539446,36.88301844545403,0.10201899999429337,5.447408062937294,0.9335180026532316,2605.750383788182,-786.5802383301332,5.753212319363449,11962.081840756528,4,1,0,0
SYN_000,synthetic,synthetic_track_0,DRV_00,69.2,1,46.86885380410662,6.312358454073532,-0.006948160809824738,-0.9999758612393406,0.5011058430361888,0.7484185306981778,0.004504745807659521,0.5,0.0,0.037488464858554456,0.14088115885869984,19.224305522539446,36.88301844545403,0.10191579934251956,5.447408062937294,0.9333482947674653,2615.124154549003,-773.3903951107249,-5.700656534690141,11722.95950206882,4,1,0,0
SYN_000,synthetic,synthetic_track_0,DRV_00,69.4,1,48.16864321553182,6.49894705712601,-0.01827357239870278,-0.9998330243354584,0.5029084912594236,0.771702781308639,0.0009619640959495444,0.5,0.0,0.025611609615080095,0.12959375653834243,19.224305522539446,36.88301844545403,0.10181045166195334,5.447408062937294,0.933173676114897,2624.757883192109,-763.4366127041944,-14.148859786606518,12471.085235120174,4,1,0,0
SYN_000,synthetic,synthetic_track_0,DRV_00,69.60000000000001,1,49.59806763253372,7.147122085009485,-0.02991060906154687,-0.9995525776393993,0.5047611313830979,0.8179947426644804,0.006492563336209309,0.5,0.0,0.030829192239480007,0.11457304199251903,19.224305522539446,36.88301844545403,0.10170295987080627,5.447408062937294,0.9329939816220928,2634.677496718616,-750.1289289461868,-25.212023543758878,12150.846030632403,4,1,0,0
SYN_000,synthetic,synthetic_track_0,DRV_00,69.8,1,51.14923386223876,7.755831148525196,-0.04188872825144227,-0.9991222820283195,0.5066687493689647,0.8839938869287645,0.0,0.625,0.0,0.02702718862031735,0.09945438158534024,19.224305522539446,36.88301844545403,0.10159332694668341,5.447408062937294,0.9328086400017466,2644.907343491064,-736.8321159430241,-36.03397985564409,13404.751028320661,5,1,0,0
SYN_000,synthetic,synthetic_track_0,DRV_00,70.0,1,52.8900622479146,8.704141928379201,-0.05423513811194135,-0.9985281917872818,0.5086360275944354,0.9482804892996168,0.0007244601264082433,0.625,0.0,0.023182204421121375,0.08409269440727535,19.224305522539446,36.88301844545403,0.10148155592650086,5.447408062937294,0.9326171146788075,2655.4853559406465,-723.6020115611552,-46.604285945507044,13355.689240153999,5,1,0,0
SYN_000,synthetic,synthetic_track_0,DRV_00,70.2,1,54.78425369031987,9.470957212026363,-0.06699301265429197,-0.9977534446222183,0.5106702607578166,1.0,0.0,0.625,1.0,0.019257141580044903,0.06833883785637662,19.224305522539446,36.88301844545403,0.10136764990640164,5.447408062937294,0.9324185702109463,2666.4422066787106,-710.4931426759604,-56.914589985601786,13550.13115751856,5,1,0,0
SYN_000,synthetic,synthetic_track_0,DRV_00,70.4,1,56.644636248001966,9.301912788410469,-0.0801962291349398,-0.9967790953027337,0.5127773474382136,0.9949468484316623,0.005053151568337714,0.625,1.0,0.018367528298419207,0.04785767086273138,19.224305522539446,36.88301844545403,0.10125161204166984,5.447408062937294,0.9322123308541285,2677.771133928311,-694.3578278543276,-69.42746631187745,13942.024028366905,5,1,0,0
SYN_000,synthetic,synthetic_track_0,DRV_00,70.60000000000001,1,58.467833566635726,9.115986593168799,-0.0938329970295836,-0.9955879512471242,0.5149559872939059,0.999635348734387,0.0003646512656129934,0.625,1.0,0.009931130477839703,0.030640946168765844,19.224305522539446,36.88301844545403,0.10113344554664336,5.447408062937294,0.9319985444031453,2689.464700641638,-681.7116836523362,-79.13288442574533,13599.778128479096,5,1,0,0
SYN_000,synthetic,synthetic_track_0,DRV_00,70.8,1,60.191671418000254,8.619189256822644,-0.10789021673051333,-0.9941628141978772,0.517204750123392,0.9989191315224298,0.001080868477570169,0.625,1.0,0.006111938329842223,0.0077910748741402075,19.224305522539446,36.88301844545403,0.10101315369462473,5.447408062937294,0.9317773734910577,2701.503034925238,-666.3097934739492,-90.88059238696819,13748.140604560627,5,1,0,0
SYN_000,synthetic,synthetic_track_0,DRV_00,71.0,1,61.97598309027015,8.921558361349469,-0.12233936330407767,-0.9924883274811613,0.5195198144086995,1.0,0.0,0.75,1.0,-0.0004740554958779539,0.011783063834409479,19.224305522539446,36.88301844545403,0.10089073981779054,5.447408062937294,0.9315492542998687,2713.898231543292,-654.367039619198,-99.97186421750666,15000.0,6,1,0,0
SYN_000,synthetic,synthetic_track_0,DRV_00,71.2,1,63.5658742340425,7.949455718861742,-0.13718975926349533,-0.9905447844258352,0.5219035060660177,0.9664924553891641,0.002765118367481034,0.75,1.0,-0.007822301329533468,0.03820278238778189,19.224305522539446,36.88301844545403,0.10076620730709908,5.447408062937294,0.9313139197274789,2726.6114063901005,-639.9789689428353,-110.95604528140318,15000.0,6,1,0,0
SYN_000,synthetic,synthetic_track_0,DRV_00,71.4,1,63.78771806679167,1.1092191637458626,-0.15238912043902408,-0.9883205734840395,0.5243483473827116,0.5534748289895384,0.0007129701328940828,0.75,0.0,-0.016554256496611092,0.06718832581688142,19.224305522539446,36.88301844545403,0.10063955961219641,5.447408062937294,0.93107222418932,2739.368950003459,-626.2580287431267,-121.52572030932382,15000.0,6,1,0,0
SYN_000,synthetic,synthetic_track_0,DRV_00,71.60000000000001,1,62.11973598662319,-8.339910400842392,-0.1676053755703136,-0.9858541667406666,0.5268017211545113,0.24078961765260865,0.22578730887043325,0.75,0.0,-0.026165886577691724,0.09918417198680779,19.224305522539446,36.88301844545403,0.10051080024132082,5.447408062937294,0.9308301860410887,2751.7928972007835,-613.2668539148099,-131.69241994382037,14886.123100366714,6,1,0,0
SYN_000,synthetic,synthetic_track_0,DRV_00,71.8,1,58.81716513361289,-16.51285426505151,-0.1823854942958223,-0.983227100659084,0.5291909417693814,0.037603149642728324,0.4941036224282936,0.625,0.0,-0.036798400533388786,0.13463560036327227,19.224305522539446,36.88301844545403,0.1003799327612057,5.447408062937294,0.9305961194467821,2763.556330227506,-601.0581845880486,-141.47079457101546,13773.309717469408,5,1,0,0
SYN_000,synthetic,synthetic_track_0,DRV_00,72.0,1,54.95902130494286,-19.290719143350152,-0.1963420066469385,-0.9805354743332102,0.5314531404283666,0.0,0.6130453257850226,0.625,0.0,-0.048587870575215554,0.1739504668893094,19.224305522539446,36.88301844545403,0.10024696079698057,5.447408062937294,0.9303772155094617,2774.5481344884943,-589.6743867490309,-150.8781336534634,13715.424190346099,5,1,0,0
SYN_000,synthetic,synthetic_track_0,DRV_00,72.2,1,51.19659322592653,-18.812140395081656,-0.20934724042104724,-0.9778413638868486,0.533566948940095,0.000850222183254651,0.6097821464703184,0.625,0.0,-0.048210505887366945,0.2083944676702264,19.224305522539446,36.88301844545403,0.1001118880320709,5.447408062937294,0.9301759176451929,2784.7874531336797,-581.1828894897811,-158.1498528142666,13548.511291702036,5,1,0,0
SYN_000,synthetic,synthetic_track_0,DRV_00,72.4,1,47.68720247580453,-17.546953750609973,-0.22142897646626342,-0.9751765011427946,0.5355360486795538,0.007444162749938467,0.5881731977098318,0.5,0.0,-0.057253706746187814,0.24557569574478477,19.224305522539446,36.88301844545403,0.09997471820809584,5.447408062937294,0.9299918035821915,2794.3248936288405,-573.2509499368762,-165.2072195150153,12174.92759296923,4,1,0,0
SYN_000,synthetic,synthetic_track_0,DRV_00,72.60000000000001,1,44.36066201877665,-16.63270228513941,-0.23265209076415255,-0.9725600262518856,0.5373701718517001,0.005854506850359939,0.5697538944549005,0.5,0.0,-0.06698340029331155,0.28542617775442186,19.224305522539446,36.88301844545403,0.09983545512476476,5.447408062937294,0.9298237588162971,2803.1970260325957,-565.8852406905526,-172.06143110919376,11893.980883100754,4,1,0,0
SYN_000,synthetic,synthetic_track_0,DRV_00,72.8,1,41.18390446120777,-15.883787787844419,-0.24306460022647133,-0.970010103100347,0.5390763511601145,0.0028205633796413655,0.5442369013063224,0.5,0.0,-0.07735906888438986,0.3276794687679519,19.224305522539446,36.88301844545403,0.0996941026397719,5.447408062937294,0.9296709776489124,2811.4338069248374,-559.087943539806,-178.7239982560193,11379.433008560036,4,1,0,0
SYN_000,synthetic,synthetic_track_0,DRV_00,73.0,1,38.481195501946495,-13.513544796306363,-0.2527064695148439,-0.9675429914300157,0.5406603474855457,0.05911451213606776,0.46894836939528967,0.375,0.0,-0.06516253435186778,0.36063225071258387,19.224305522539446,36.88301844545403,0.09955066466868949,5.447408062937294,0.9295327998606078,2819.130046025227,-554.3617961617415,-183.60216636817887,10158.249805704014,3,1,0,0
SYN_000,synthetic,synthetic_track_0,DRV_00,73.2,1,36.30377447792647,-10.887105120100138,-0.26169298537484975,-0.9651511702347972,0.5421403934663898,0.10472194826432021,0.40908570516858583,0.375,0.0,-0.07147736779836834,0.39427911139321015,19.224305522539446,36.88301844545403,0.0994051451848594,5.447408062937294,0.9294071384455482,2826.390800920812,-549.9516312731797,-188.38400449231239,10427.477033208675,3,1,0,0
SYN_000,synthetic,synthetic_track_0,DRV_00,73.4,1,34.26390246531224,-10.199360063071126,-0.2701502752088637,-0.9628181701674389,0.5435366924847715,0.1243822428075606,0.3803967919918095,0.375,0.0,-0.07787963955991906,0.4281259953391366,19.224305522539446,36.88301844545403,0.09925754821928293,5.447408062937294,0.9292916809275183,2833.2435814138744,-545.8535295403485,-193.0743810971943,9983.874964772634,3,1,0,0
SYN_000,synthetic,synthetic_track_0,DRV_00,73.60000000000001,1,32.74174040149692,-7.610810319076613,-0.2781132963187676,-0.9605482780218334,0.5448545348872835,0.17505106352664837,0.3134255712744247,0.375,0.0,-0.055471941340674076,0.4504899632507257,19.224305522539446,36.88301844545403,0.09910787786050924,5.447408062937294,0.9291858208643031,2839.791929494174,-543.2922966677669,-196.15285447292632,10132.275612273506,3,1,0,0
SYN_000,synthetic,synthetic_track_0,DRV_00,73.8,1,31.330073172869774,-7.058336143135726,-0.28570475428420294,-0.9583176891717085,0.5461138325950334,0.18376923408412452,0.30107335393627327,0.375,0.0,-0.08843896219146656,0.4831602983894519,19.224305522539446,36.88301844545403,0.09895613825452212,5.447408062937294,0.9290872790883327,2846.0579441287477,-539.7020272093708,-200.70137190842036,9658.501869338306,3,1,0,0
SYN_000,synthetic,synthetic_track_0,DRV_00,74.0,1,30.20738621122169,-5.613434808240427,-0.292952164678275,-0.9561270988787594,0.5473188354093745,0.21716058339866254,0.2578268094959298,0.375,0.0,-0.06233276242497205,0.5039655438637977,19.224305522539446,36.88301844545403,0.098802333604625,5.447408062937294,0.9289955681613411,2852.099421370992,-537.4730595703815,-203.68956316624835,9628.513702838196,3,1,0,0
SYN_000,synthetic,synthetic_track_0,DRV_00,74.2,1,29.123481688050138,-5.419522615857755,-0.29992397365681495,-0.9539631072666837,0.54848065795596,0.22035773914198345,0.25248578713243,0.25,0.0,-0.09825085505435667,0.5329537094750612,19.224305522539446,36.88301844545403,0.09864646817132468,5.447408062937294,0.9289094152920019,2857.924117708602,-534.3702406008192,-208.10889873561138,8544.39838644258,2,1,0,0
SYN_000,synthetic,synthetic_track_0,DRV_00,74.4,1,28.33116482017013,-3.961584339400037,-0.3066304909769085,-0.951828630586021,0.5496007918670388,0.25376655232429796,0.211094587094873,0.25,0.0,-0.06841543270194655,0.5503172324101954,19.224305522539446,36.88301844545403,0.09848854627221325,5.447408062937294,0.9288286485423078,2863.590350672636,-532.4580897664719,-211.01499713383419,8497.624413479138,2,1,0,0
SYN_000,synthetic,synthetic_track_0,DRV_00,74.60000000000001,1,27.515522093892535,-4.078213631387975,-0.3131399832407193,-0.9497069815980096,0.55069045205243,0.25010241107745684,0.20990104273939086,0.25,0.0,-0.07048871458368547,0.5657073810032273,19.224305522539446,36.88301844545403,0.0983285722818484,5.447408062937294,0.9287519836142086,2869.0934550914144,-530.6675445286695,-213.8904122085565,8441.155719700871,2,1,0,0
SYN_000,synthetic,synthetic_track_0,DRV_00,74.8,1,27.016535593034146,-2.494932504291949,-0.3194480220592512,-0.947603799698182,0.5517487413637335,0.276201193417479,0.17732072264581686,0.25,0.0,-0.07229068381498197,0.5787738924154101,19.224305522539446,36.88301844545403,0.09816655063163243,5.447408062937294,0.9286795218120603,2874.496762210021,-528.995357826848,-216.7363053388192,8426.386013975902,2,1,0,0
SYN_000,synthetic,synthetic_track_0,DRV_00,75.0,1,26.569539691613574,-2.2349795071028566,-0.32562792552994213,-0.9454979926552285,0.5527878388865425,0.2894788980269447,0.16271934601466376,0.25,0.0,-0.11111366717260454,0.5932745503150745,19.224305522539446,36.88301844545403,0.09800248580968932,5.447408062937294,0.9286098685020339,2879.810670148344,-526.7014014511926,-220.95220595639353,8433.721090510766,2,1,0,0
SYN_000,synthetic,synthetic_track_0,DRV_00,75.2,1,26.192120768125456,-1.8870946174405923,-0.33169204471742686,-0.943387718528905,0.5538097442592969,0.29583891766638615,0.15207524983291626,0.25,0.0,-0.07532558921853955,0.5990855905489223,19.224305522539446,36.88301844545403,0.09783638236074046,5.447408062937294,0.9285427935620754,2885.049094301969,-525.3095996369543,-223.72903394434059,8711.870950477129,2,1,0,0
SYN_000,synthetic,synthetic_track_0,DRV_00,75.4,1,25.78733211861642,-2.0239432475451835,-0.3376566399551211,-0.941269352254825,0.5548171335196095,0.2992867380674438,0.14397285855536335,0.25,0.0,-0.07584838423149658,0.6014950395973424,19.224305522539446,36.88301844545403,0.09766824488597883,5.447408062937294,0.9284779894731241,2890.2065607256923,-524.0232577747935,-226.47998471392992,8278.405838119967,2,1,0,0
SYN_000,synthetic,synthetic_track_0,DRV_00,75.60000000000001,1,25.743716785063956,-0.2180766677623147,-0.3435158401355144,-0.9391468828548555,0.5558089539857101,0.32991548976324503,0.10680217476652598,0.25,0.0,-0.0759272025696515,0.6002873583347924,19.224305522539446,36.88301844545403,0.09749807804294146,5.447408062937294,0.9284155752647134,2895.355304082705,-522.8382907103291,-229.20596822219088,8458.497286674103,2,1,0,0
SYN_000,synthetic,synthetic_track_0,DRV_00,75.8,1,25.771270484846337,0.13776849891190324,-0.34935182385437913,-0.9369916238524327,0.5567990969389818,0.33606900173430604,0.09797089549027126,0.25,0.0,-0.07553850353846986,0.5953072033825794,19.224305522539446,36.88301844545403,0.09732588654538042,5.447408062937294,0.9283539603601274,2900.5095581796745,-521.7504536163201,-231.90783172946868,8560.567754082504,2,1,0,0
SYN_000,synthetic,synthetic_track_0,DRV_00,76.0,1,25.901133195369717,0.6493135526168992,-0.355180510816051,-0.9347977346658736,0.5577902996499374,0.3485250325032006,0.08225583496143357,0.25,0.0,-0.07466680532654103,0.5864658787254508,19.224305522539446,36.88301844545403,0.09715167516313228,5.447408062937294,0.9282928301846686,2905.6897848187486,-520.7553523024241,-234.58635787969277,8432.649805116815,2,1,0,0
SYN_000,synthetic,synthetic_track_0,DRV_00,76.2,1,26.086698520581844,0.9278266260606394,-0.361024687839862,-0.9325562582333198,0.5587864970805286,0.355485612351656,0.07180358715252633,0.25,0.0,-0.0733052858011692,0.5737442831617322,19.224305522539446,36.88301844545403,0.09697544872198594,5.447408062937294,0.9282317331309529,2910.907124522865,-519.8484537799307,-237.24226305063817,8415.545765901981,2,1,0,0
SYN_000,synthetic,synthetic_track_0,DRV_00,76.4,1,26.440467755864375,1.768846176412655,-0.36689643734705507,-0.9302617934012116,0.5597898316390125,0.3718533275920883,0.050864335189792206,0.25,0.0,-0.07145591664540331,0.5571920597911336,19.224305522539446,36.88301844545403,0.09679721210354904,5.447408062937294,0.9281704226429933,2916.195218074038,-519.0250970570509,-239.87619597851815,7977.47342099397,2,1,0,0
SYN_000,synthetic,synthetic_track_0,DRV_00,76.60000000000001,1,26.74661874340976,1.5307549377269147,-0.3728329351138602,-0.9278984871710828,0.5608067727065458,0.3776141138476607,0.04095356236805758,0.25,0.0,-0.06912911694706055,0.5369230261698821,19.224305522539446,36.88301844545403,0.09661697024511261,5.447408062937294,0.9281081571423985,2921.54454182272,-518.2805041399095,-242.48873666046276,8373.143301759248,2,1,0,0
SYN_000,synthetic,synthetic_track_0,DRV_00,76.80000000000001,1,27.264169394125883,2.5877532535806225,-0.3788226827931076,-0.9254692728564425,0.5618354888120616,0.4047026816983165,0.006663023090909626,0.25,0.0,-0.06634295967478603,0.513107325765269,19.224305522539446,36.88301844545403,0.09643472813951437,5.447408062937294,0.9280451446516069,2926.997375701545,-517.6097912139819,-245.08039553765332,8294.842564802233,2,1,0,0
SYN_000,synthetic,synthetic_track_0,DRV_00,77.0,1,27.998095972497016,3.669632891855663,-0.384912042388171,-0.9229532597182627,0.5628841107118355,0.4218552848846123,0.004057943506168447,0.25,0.0,-0.0631220067403805,0.48596103707732213,19.224305522539446,36.88301844545403,0.09625049083500051,5.447408062937294,0.9279804534976269,2932.5969948960446,-517.0079799803934,-247.65161296107524,8844.189788806792,2,1,0,0
SYN_000,synthetic,synthetic_track_0,DRV_00,77.2,1,28.68315104208602,3.425275347945025,-0.3911479295043456,-0.9203278205316101,0.5639609605569317,0.4433310569659767,0.0019409560635211664,0.25,0.0,-0.05949587952147863,0.4557341669322042,19.224305522539446,36.88301844545403,0.0960642634350856,5.447408062937294,0.9279131300953224,2938.333625104462,-516.4700091212162,-250.2027589410608,8357.548098241698,2,1,0,0
SYN_000,synthetic,synthetic_track_0,DRV_00,77.4,1,29.521846554172235,4.193477560431074,-0.39751782436845184,-0.917594452527571,0.565064158673935,0.5045880340623321,0.008994784537558817,0.375,0.0,-0.081640492440507,0.4052140248817679,19.224305522539446,36.88301844545403,0.09587605109841152,5.447408062937294,0.9278433879317395,2944.2379944152963,-515.7715089300696,-253.99248040346433,9539.30666903727,3,1,0,0
SYN_000,synthetic,synthetic_track_0,DRV_00,77.60000000000001,1,30.482338432986527,4.802459394071459,-0.40405402653723194,-0.9147351221195401,0.5661996143106339,0.5583756415772706,0.0003999790815697189,0.375,0.0,-0.0488795122383238,0.3684892087653121,19.224305522539446,36.88301844545403,0.09568585903860437,5.447408062937294,0.9277705494248433,2950.3344621018937,-515.3705555152654,-256.4946060312445,9644.196595648278,3,1,0,0
SYN_000,synthetic,synthetic_track_0,DRV_00,77.80000000000001,1,31.677456348413187,5.975589577133302,-0.41078130000552393,-0.9117339105055662,0.5673720119426718,0.6162871257514495,0.0,0.375,0.0,-0.044104847118401715,0.32964863815632944,19.224305522539446,36.88301844545403,0.09549369252413008,5.447408062937294,0.9276940770900804,2956.6699533715764,-515.0152417240994,-258.9774043618818,9934.179615220419,3,1,0,0
SYN_000,synthetic,synthetic_track_0,DRV_00,78.0,1,33.22680243578498,7.746730436858975,-0.4177487054898346,-0.9085626115252418,0.5685903756483801,0.7480013456586968,0.0062246866432133395,0.375,0.0,-0.05666526619523271,0.26797829861170325,19.224305522539446,36.88301844545403,0.09529955687814853,5.447408062937294,0.9276129369759418,2963.3153138587336,-514.5562660710714,-262.6654717287036,9815.70405293769,3,1,0,0
SYN_000,synthetic,synthetic_track_0,DRV_00,78.2,1,35.323699829528316,10.484486968716666,-0.4250305738361772,-0.9051789940693995,0.569868329588218,0.9531506772213938,0.0,0.375,0.0,-0.04464857500158854,0.20289401501852702,19.224305522539446,36.88301844545403,0.09510345747836602,5.447408062937294,0.9275255688651591,2970.380053824639,-514.170146860876,-266.3100835553752,9848.29073908531,3,1,0,0
SYN_000,synthetic,synthetic_track_0,DRV_00,78.4,1,37.53044156415095,11.03370867311316,-0.43274192768952485,-0.9015178445375078,0.5712269334278153,0.9985094675897068,0.0014905324102932227,0.375,0.0,-0.02279688347878049,0.15792785913259358,19.224305522539446,36.88301844545403,0.09490539975688632,5.447408062937294,0.927429561902353,2977.8861421374695,-513.9443527987057,-268.71549386682256,10349.81247015524,3,1,0,0
SYN_000,synthetic,synthetic_track_0,DRV_00,78.60000000000001,1,39.78257938952436,11.26068912686705,-0.44090046242343667,-0.897556005068653,0.5726704119495134,0.9993353935605626,0.0006646064394374658,0.5,0.0,-0.02337787403013812,0.08849815062436377,19.224305522539446,36.88301844545403,0.09470538920006027,5.447408062937294,0.9273244311265186,2985.8426580153746,-513.6398510981969,-272.2866178903195,11667.219599096665,4,1,0,0
SYN_000,synthetic,synthetic_track_0,DRV_00,78.80000000000001,1,42.130311489005805,11.738660497407238,-0.4495089649558321,-0.8932758199035371,0.5742005111568028,0.9987901516260667,0.0012098483739333276,0.5,1.0,-0.010030491984805125,0.017049216534360798,19.224305522539446,36.88301844545403,0.09450343134833375,5.447408062937294,0.9272099751327227,2994.268720313176,-513.360612153764,-275.8125176353587,11986.55307411925,4,1,0,0
SYN_000,synthetic,synthetic_track_0,DRV_00,79.0,1,44.169138260487664,10.194133857409291,-0.4585801767605396,-0.8886530377387297,0.5758209077525338,1.0,0.0,0.5,0.0,0.007988261651689952,0.08082963286864951,19.224305522539446,36.88301844545403,0.09429953179609413,5.447408062937294,0.927085771627843,3003.1025479652735,-512.9973430426937,-280.44127131759285,11604.218026923412,4,1,0,0
SYN_000,synthetic,synthetic_track_0,DRV_00,79.2,1,45.33217245866071,5.815170990865219,-0.4680393173652027,-0.883707642492875,0.5775197207625526,0.7145387259433479,0.0,0.5,0.0,0.02239075307629691,0.15587734067403972,19.224305522539446,36.88301844545403,0.0940936961915154,5.447408062937294,0.9269531781008704,3012.1689824570058,-512.7094372959672,-283.8565765512377,11608.533805820445,4,1,0,0
SYN_000,synthetic,synthetic_track_0,DRV_00,79.4,1,43.625167009367516,-8.535027246465958,-0.4776920709230598,-0.87852733900388,0.5792632658571165,0.17329512984266604,0.31484253257923633,0.5,0.0,0.05217119010713213,0.25763147971806816,19.224305522539446,36.88301844545403,0.09388593023640174,5.447408062937294,0.9268160463285864,3020.8940158588794,-512.2732413501973,-288.3319874040877,11717.204448418892,4,1,0,0
SYN_000,synthetic,synthetic_track_0,DRV_00,79.60000000000001,1,40.45349881354524,-15.85834097911139,-0.48692722797838706,-0.873442542273551,0.5809411568959384,0.005516241305909034,0.5382894421207398,0.5,0.0,0.056088002294147406,0.33475230978900605,19.224305522539446,36.88301844545403,0.09367623968602944,5.447408062937294,0.9266870027588568,3028.9847156215883,-511.8859758175255,-291.62725087846104,11401.256751286151,4,1,0,0
SYN_000,synthetic,synthetic_track_0,DRV_00,79.80000000000001,1,37.188844905074205,-16.323269542355163,-0.49544262629709,-0.8686406645142984,0.5824970606964592,0.0,0.5935587880249696,0.375,0.0,0.0707159349985837,0.41197180855505644,19.224305522539446,36.88301844545403,0.09346463034898764,5.447408062937294,0.9265724901651898,3036.422484602603,-511.4299794753675,-294.867606362566,10270.826911643224,3,1,0,0
SYN_000,synthetic,synthetic_track_0,DRV_00,80.0,1,33.938107774808074,-16.253685651330656,-0.5032290673971118,-0.8641530568867029,0.583927400885116,0.004180116084213569,0.5781782978466486,0.375,0.0,0.08529327485805717,0.48850327187627657,19.224305522539446,36.88301844545403,0.09325110808701725,5.447408062937294,0.9264729159261986,3043.210106157565,-510.8904759852406,-298.05079166742,9972.504803469037,3,1,0,0
SYN_000,synthetic,synthetic_track_0,DRV_00,80.2,1,30.822146823666973,-15.579804755705506,-0.510299428478494,-0.8599967984210886,0.5852327127226087,0.004947073024661116,0.5389493558736234,0.375,0.0,0.09964397358265634,0.5632650372026704,19.224305522539446,36.88301844545403,0.09303567881484875,5.447408062937294,0.92638821703364,3049.374535522298,-510.2534076772246,-301.17446203094465,9555.397873705739,3,1,0,0
SYN_000,synthetic,synthetic_track_0,DRV_00,80.4,1,28.418057496300957,-12.02044663683008,-0.5166909082843809,-0.8561720068398998,0.5864181799081343,0.07906339625904124,0.4384037644894509,0.25,0.0,0.07418533672923901,0.6114420595624754,19.224305522539446,36.88301844545403,0.0928183485000382,5.447408062937294,0.9263177986820591,3055.0581470215584,-509.7679013843542,-303.2226650123376,8332.009121885903,2,1,0,0
SYN_000,synthetic,synthetic_track_0,DRV_00,80.60000000000001,1,26.516444022020462,-9.508067371402475,-0.5225584693522182,-0.8526034518510155,0.5875111821195305,0.12678081632199417,0.37970749234119394,0.25,0.0,0.12239112814586622,0.6799749524715352,19.224305522539446,36.88301844545403,0.09259912316280208,5.447408062937294,0.9262585268302461,3060.3614358259624,-508.939124857386,-306.24182375169573,8655.870338649142,2,1,0,0
SYN_000,synthetic,synthetic_track_0,DRV_00,80.80000000000001,1,25.026965646236764,-7.447391878918488,-0.5280111773778882,-0.8492374206098177,0.5885310453511466,0.16704202218889344,0.32458975082588415,0.25,0.0,0.08857746104969798,0.7223587280538701,19.224305522539446,36.88301844545403,0.09237800887585035,5.447408062937294,0.9262081887626348,3065.3668289552097,-508.3144691910498,-308.2181341875369,8164.591307850566,2,1,0,0
SYN_000,synthetic,synthetic_track_0,DRV_00,81.0,1,23.836636405575046,-5.9516462033085915,-0.5331377117224483,-0.8460284748986594,0.5894936209529249,0.20000451080453366,0.28081727417502667,0.25,0.0,0.09372754602610851,0.7614015732574536,19.224305522539446,36.88301844545403,0.09215501176421838,5.447408062937294,0.9261649692472809,3070.1341562363245,-507.62823735433705,-310.1644625135769,8145.584853760314,2,1,0,0
SYN_000,synthetic,synthetic_track_0,DRV_00,81.2,1,22.867986075750398,-4.843251649123239,-0.5380022890279791,-0.8429433771023146,0.5904104146608317,0.2249343963259037,0.24763334876527202,0.25,0.0,0.09841737168068872,0.7964966952875793,19.224305522539446,36.88301844545403,0.09193013800509724,5.447408062937294,0.9261275501748327,3074.7077534514747,-506.8773246406719,-312.080129632727,8087.499623120361,2,1,0,0
SYN_000,synthetic,synthetic_track_0,DRV_00,81.4,1,22.057217668633143,-4.053842035586275,-0.5426524078399592,-0.8399573585995271,0.591289952586822,0.24819588973154305,0.21397459812476227,0.25,0.0,0.050802751623771035,0.8123797604349605,19.224305522539446,36.88301844545403,0.09170339382766252,5.447408062937294,0.92609495428933,3079.119196985201,-506.47669490208,-313.02625863435605,8149.290146007017,2,1,0,0
SYN_000,synthetic,synthetic_track_0,DRV_00,81.60000000000001,1,21.45198783231213,-3.02614918160506,-0.5471219599170613,-0.8370529021373223,0.5921383071125387,0.27052802425726047,0.18647646770579968,0.25,0.0,0.10442492893152602,0.8404756373936842,19.224305522539446,36.88301844545403,0.09147478551290189,5.447408062937294,0.9260664850260161,3083.4095945516638,-505.623359195496,-314.8947080744012,8099.1645705389865,2,1,0,0
SYN_000,synthetic,synthetic_track_0,DRV_00,81.80000000000001,1,21.01212806847618,-2.199298819179756,-0.5514539614153087,-0.8342053275059824,0.5929633835676277,0.28268423336164544,0.17065084520481313,0.25,0.0,0.1076452592848387,0.8632806462680149,19.224305522539446,36.88301844545403,0.091244319393441,5.447408062937294,0.9260412361153922,3087.612020165359,-504.69842752487955,-316.7309018994708,8345.126746073,2,1,0,0
SYN_000,synthetic,synthetic_track_0,DRV_00,82.0,1,20.604522927484425,-2.038025704958777,-0.5556827710927681,-0.8313944057489576,0.5937715423394921,0.2940619278407726,0.15659062703161603,0.25,0.0,0.1101715395198778,0.880412434160752,19.224305522539446,36.88301844545403,0.0910120018533682,5.447408062937294,0.9260184780139128,3091.732924750856,-503.69948362814375,-318.53425719423876,8342.339508003332,2,1,0,0
SYN_000,synthetic,synthetic_track_0,DRV_00,82.2,1,20.346760380044824,-1.288812737198004,-0.5598156350369129,-0.8286171943474369,0.5945640239905492,0.2996087927660876,0.14635394842390062,0.25,0.0,0.05580473060549589,0.886766856848351,19.224305522539446,36.88301844545403,0.09077783932805751,5.447408062937294,0.925998066870625,3095.802276826865,-503.17155803680316,-319.42344876138924,8034.77701739211,2,1,0,0
SYN_000,synthetic,synthetic_track_0,DRV_00,82.4,1,20.035042114605417,-1.558591327197032,-0.5638831768752611,-0.8258545651850954,0.5953465916974741,0.3063337444267053,0.13757406028146318,0.25,0.0,0.11257627233117616,0.8949659649767788,19.224305522539446,36.88301844545403,0.09054183830399053,5.447408062937294,0.9259793414321729,3099.809285249786,-502.057514942099,-321.1765400246962,7971.39612561041,2,1,0,0
SYN_000,synthetic,synthetic_track_0,DRV_00,82.60000000000001,1,19.912474606371582,-0.6128375411691778,-0.5678750819631656,-0.8231147497678121,0.5961171702403435,0.3137349489321224,0.12590312931178427,0.25,0.0,0.056581107246822526,0.8968056644601007,19.224305522539446,36.88301844545403,0.09030400531857663,5.447408062937294,0.9259625371424928,3103.7917801710605,-501.47092287511293,-322.0403206638422,8267.333527699217,2,1,0,0
SYN_000,synthetic,synthetic_track_0,DRV_00,82.80000000000001,1,19.8428645352833,-0.34805035544140495,-0.5718293759760282,-0.8203725768032877,0.5968830346482809,0.32334112305626334,0.11429297625748518,0.25,0.0,0.11327471005108238,0.8960283167404272,19.224305522539446,36.88301844545403,0.09006434695997197,5.447408062937294,0.9259468197618062,3107.760353078117,-500.23751028898766,-323.7420782397813,7859.215720831979,2,1,0,0
SYN_000,synthetic,synthetic_track_0,DRV_00,83.0,1,19.84109618511425,-0.008841750845256513,-0.5757566747630841,-0.8176210928454306,0.5976462217457917,0.32893775756843313,0.10709544651836968,0.25,0.0,0.056507928533753055,0.8934658345205454,19.224305522539446,36.88301844545403,0.0898228698668969,5.447408062937294,0.9259319542857735,3111.72857231514,-499.59029462515616,-324.57995590118855,7982.7343649006125,2,1,0,0
SYN_000,synthetic,synthetic_track_0,DRV_00,83.2,1,19.922995825148806,0.40949820017278427,-0.5796703861861626,-0.8148510559475179,0.5984093408298345,0.3463181055681271,0.08764271630843302,0.25,0.0,0.11230927033405447,0.884197676520783,19.224305522539446,36.88301844545403,0.08957958072845214,5.447408062937294,0.9259176402040924,3115.71317148017,-498.2339567345012,-326.22948811621393,8174.87526848008,2,1,0,0
SYN_000,synthetic,synthetic_track_0,DRV_00,83.4,1,20.056059967648498,0.6653207124984561,-0.5835868430262557,-0.8120507352663676,0.5991756099000327,0.3446617840194813,0.08727068782988222,0.25,0.0,0.11080579346124263,0.8697704302644274,19.224305522539446,36.88301844545403,0.08933448628393346,5.447408062937294,0.9259035073558174,3119.7243834736996,-496.79404912611994,-327.8438069874088,7923.155519577763,2,1,0,0
SYN_000,synthetic,synthetic_track_0,DRV_00,83.60000000000001,1,20.14942444327592,0.46682237813710614,-0.5875157937515604,-0.8092126989194337,0.5999469968218654,0.34419619090128406,0.08766053990957275,0.25,0.0,0.054642795847580236,0.8607835641487971,19.224305522539446,36.88301844545403,0.08908759332264495,5.447408062937294,0.9258893285803462,3123.7542683623547,-496.04242159063324,-328.6376833886968,7859.222308140693,2,1,0,0
SYN_000,synthetic,synthetic_track_0,DRV_00,83.80000000000001,1,20.393594397754878,1.2208497723947964,-0.5914491363714374,-0.8063423088772416,0.6007219746850682,0.3584159588530354,0.06981905586363132,0.25,0.0,0.10741100594481424,0.8396292076420339,19.224305522539446,36.88301844545403,0.08883890868371103,5.447408062937294,0.925875276504476,3127.832987241906,-494.47526621823033,-330.19875201640366,8132.423480937069,2,1,0,0
SYN_000,synthetic,synthetic_track_0,DRV_00,84.0,1,20.67827167538737,1.4233863881624664,-0.5954158633208937,-0.803417668280848,0.6015063437003665,0.36037560723200357,0.06858090420015592,0.25,0.0,0.0526408149533333,0.8276177694569715,19.224305522539446,36.88301844545403,0.088588439255887,5.447408062937294,0.925860685517473,3131.9686415769834,-493.6595574263897,-330.9659106739686,7976.597614727335,2,1,0,0
SYN_000,synthetic,synthetic_track_0,DRV_00,84.2,1,20.906239745619573,1.1398403511610056,-0.5994231960123045,-0.800432278261187,0.6023016618417276,0.3622931991337363,0.06419524809571911,0.25,0.0,0.10287147867343242,0.801128378777706,19.224305522539446,36.88301844545403,0.08833619197736811,5.447408062937294,0.925845375305657,3136.1498895261075,-491.963525414859,-332.47342854055466,8063.109540365892,2,1,0,0
SYN_000,synthetic,synthetic_track_0,DRV_00,84.4,1,21.309090865611395,2.014255599959114,-0.6034594904642152,-0.7973936564637756,0.6031057479857899,0.37103336905494333,0.0510131165272946,0.25,0.0,0.09934310631394272,0.7718870324134377,19.224305522539446,36.88301844545403,0.08808217383559744,5.447408062937294,0.9258295932933075,3140.4117076992297,-490.1810263496536,-333.9452077040122,8150.556573326474,2,1,0,0
SYN_000,synthetic,synthetic_track_0,DRV_00,84.60000000000001,1,21.660026170328997,1.7546765235880102,-0.6075577099739353,-0.7942755372358056,0.6039253284036981,0.36774035782558434,0.05600359854649342,0.25,0.0,0.04824925159840898,0.7564308533117339,19.224305522539446,36.88301844545403,0.08782639186707243,5.447408062937294,0.9258125678840563,3144.7437129332957,-489.2572833170947,-334.66771239864624,7717.190927308211,2,1,0,0
SYN_000,synthetic,synthetic_track_0,DRV_00,84.80000000000001,1,22.046855937860293,1.9341488376564797,-0.6117069102172306,-0.7910844809452964,0.6047584063333261,0.37205373101682726,0.047430248809985226,0.25,0.0,0.09349801217745954,0.7242196460246958,19.224305522539446,36.88301844545403,0.08756885315714977,5.447408062937294,0.9257945253818837,3149.153084120868,-487.3447883640344,-336.0860332471601,8143.929956622045,2,1,0,0
SYN_000,synthetic,synthetic_track_0,DRV_00,85.0,1,22.54872562803012,2.5093484508491315,-0.615912999351255,-0.7878141768400344,0.6056063623309361,0.39719356946349516,0.017468769112466274,0.25,0.0,0.089342260690084,0.6907341927301861,19.224305522539446,36.88301844545403,0.08730956483984931,5.447408062937294,0.9257753057109472,3153.662829246474,-485.34573725287026,-337.46894272874476,8161.485097868892,2,1,0,0
SYN_000,synthetic,synthetic_track_0,DRV_00,85.2,1,23.269094447065783,3.601844095178315,-0.6201967491590379,-0.7844462966529713,0.6064736210089373,0.4180420565981143,0.0,0.25,0.0,0.08505785178172243,0.6564685136796238,19.224305522539446,36.88301844545403,0.08704853409765631,5.447408062937294,0.9257544005408418,3158.316648135887,-483.2604564558957,-338.8167296466628,8243.03831718498,2,1,0,0
SYN_000,synthetic,synthetic_track_0,DRV_00,85.4,1,23.76724701332088,2.490762831275486,-0.6245980439261211,-0.7809464024654081,0.6073685861799782,0.39292294270566225,0.02207952059060458,0.25,0.0,0.040898201327855946,0.6391789035545761,19.224305522539446,36.88301844545403,0.08678576816132255,5.447408062937294,0.9257308463061747,3163.070097538551,-482.1856373853447,-339.4775683546272,7861.615435809854,2,1,0,0
SYN_000,synthetic,synthetic_track_0,DRV_00,85.60000000000001,1,24.468827635281926,3.5079031098052305,-0.6290731731102123,-0.7773460895077873,0.608282711065106,0.41393388675492104,0.0,0.25,0.0,0.07851477097997606,0.6045195555523092,19.224305522539446,36.88301844545403,0.08652127430966604,5.447408062937294,0.9257056185748131,3167.9638630656077,-479.97206592886795,-340.77342212193867,8006.862317402614,2,1,0,0
SYN_000,synthetic,synthetic_track_0,DRV_00,85.80000000000001,1,25.095075297921774,3.1312383131992405,-0.6336587207852206,-0.7736127103227027,0.6092238198203092,0.4215435998583037,0.003117869928893168,0.25,0.0,0.07414386415064299,0.5700145465296548,19.224305522539446,36.88301844545403,0.08625505986936939,5.447408062937294,0.9256778200653069,3172.982878125192,-477.67395827241404,-342.03529860868605,8157.416679299338,2,1,0,0
SYN_000,synthetic,synthetic_track_0,DRV_00,86.0,1,25.75727246507131,3.3109858357476796,-0.6383386141923646,-0.7697556843771739,0.6101890150240754,0.44368746936674014,0.0,0.25,0.0,0.06980963163277663,0.5359203976777965,19.224305522539446,36.88301844545403,0.08598713221477677,5.447408062937294,0.9256477800303737,3178.1343326182064,-475.29233222379963,-343.26383270905313,8484.791389133907,2,1,0,0
SYN_000,synthetic,synthetic_track_0,DRV_00,86.2,1,26.556834029555137,3.997807822419137,-0.6431175826120245,-0.7657674418093694,0.6111796793496551,0.467689849828521,0.0,0.25,0.0,0.06554058451607601,0.5024337944126308,19.224305522539446,36.88301844545403,0.08571749876768972,5.447408062937294,0.9256153380656537,3183.4456994241173,-472.8283931978657,-344.4597640681685,7979.666680123866,2,1,0,0
SYN_000,synthetic,synthetic_track_0,DRV_00,86.4,1,27.41859293843886,4.30879454441861,-0.6480188089883906,-0.7616243320675015,0.6122010960430995,0.4776427128259118,0.004697043130795593,0.25,0.0,0.06135809340629529,0.4696983400976624,19.224305522539446,36.88301844545403,0.0854461669971616,5.447408062937294,0.9255798875270821,3188.929418011805,-470.28352902378435,-345.62393919502244,7982.169570467384,2,1,0,0
SYN_000,synthetic,synthetic_track_0,DRV_00,86.60000000000001,1,28.25212011772057,4.167635896408548,-0.6530510725904117,-0.7573138692698773,0.6132556573099625,0.49997403454419426,0.001638199460986692,0.25,0.0,0.05727727862231783,0.4378117508816521,19.224305522539446,36.88301844545403,0.08517314441929055,5.447408062937294,0.9255411524915143,3194.579842035349,-467.6593043475928,-346.75731328945733,8681.210461937108,2,1,0,0
SYN_000,synthetic,synthetic_track_0,DRV_00,86.80000000000001,1,29.296211726524465,5.22045804401948,-0.6582063229633782,-0.7528375896639521,0.6143422773144902,0.5558178417661543,0.0031824368479961606,0.375,0.0,0.07850976085957849,0.3916934995515965,19.224305522539446,36.88301844545403,0.0848984385970114,5.447408062937294,0.9254992549096799,3200.439084380654,-463.5780079005016,-348.40198355613154,9806.036637674528,3,1,0,0
SYN_000,synthetic,synthetic_track_0,DRV_00,87.0,1,30.411545153335663,5.576667134055988,-0.6635196856202416,-0.7481588245783216,0.6154690546885874,0.589574040702059,0.0,0.375,0.0,0.04757347655513191,0.36211850376926713,19.224305522539446,36.88301844545403,0.08462205713988624,5.447408062937294,0.9254532660152208,3206.5213934113212,-460.7633326336569,-349.4632603577587,9844.438421498888,3,1,0,0
SYN_000,synthetic,synthetic_track_0,DRV_00,87.2,1,31.563240121479772,5.758474840720549,-0.6690001485835311,-0.7432622694548764,0.6166387295021771,0.5976304185328281,0.0070004408338600775,0.375,0.0,0.04389822844257867,0.3334714818080996,19.224305522539446,36.88301844545403,0.08434400770389332,5.447408062937294,0.925402870047344,3212.834041435617,-457.8760758167617,-350.497954637633,9714.71901524334,3,1,0,0
SYN_000,synthetic,synthetic_track_0,DRV_00,87.4,1,32.8804238952391,6.585918868796625,-0.6746499421402694,-0.7381378296565833,0.6178527002760802,0.671614709398284,0.0026433533313808743,0.375,0.0,0.05920800461459831,0.29217502722302124,19.224305522539446,36.88301844545403,0.08406429799121534,5.447408062937294,0.9253479047046129,3219.410126214665,-453.41412829179257,-352.00337600875605,9655.908371029369,3,1,0,0
SYN_000,synthetic,synthetic_track_0,DRV_00,87.60000000000001,1,34.32279053525244,7.2118332000667,-0.6804937632869407,-0.7327538728164985,0.6191173319643587,0.7050330155733656,0.0,0.375,0.0,0.03520567323458154,0.2656943826601378,19.224305522539446,36.88301844545403,0.08378293575002593,5.447408062937294,0.9252876395118307,3226.2746843217155,-450.3557001999375,-352.978244126135,10083.709473020921,3,1,0,0
SYN_000,synthetic,synthetic_track_0,DRV_00,87.80000000000001,1,35.87827009238109,7.777397785643281,-0.6865480968835507,-0.7270843903327692,0.6204374392926376,0.7793578385700592,0.007489944682492951,0.375,0.0,0.04666275247529544,0.22740717744017272,19.224305522539446,36.88301844545403,0.08349992877427498,5.447408062937294,0.9252215213262008,3233.4503383401916,-445.648899548602,-354.4017807425371,10265.65275854108,3,1,0,0
SYN_000,synthetic,synthetic_track_0,DRV_00,88.0,1,37.637691829632715,8.797108686258106,-0.6928263085433938,-0.7211045043474171,0.6218173727577292,0.8765809388607098,0.008852699059110429,0.375,0.0,0.039560416603144785,0.19064601354600433,19.224305522539446,36.88301844545403,0.08321528490347282,5.447408062937294,0.925149050099035,3240.977876706118,-440.8074380455257,-355.78448458441,10404.2278176608,3,1,0,0
SYN_000,synthetic,synthetic_track_0,DRV_00,88.2,1,39.80797722285905,10.851426966131683,-0.699356409992956,-0.7147731191096686,0.6232649762896381,1.0,0.0,0.5,0.0,0.03272519423752001,0.1551773765151588,19.224305522539446,36.88301844545403,0.082929012022473,5.447408062937294,0.9250693261192846,3248.9394721506897,-435.8411776549145,-357.13326377054614,11822.227584858034,4,1,0,0
SYN_000,synthetic,synthetic_track_0,DRV_00,88.4,1,41.957553100902636,10.747879390217925,-0.7062000852741143,-0.708012315965502,0.6247960523366711,1.0,0.0,0.5,0.0,0.02611211539383805,0.12076176880158665,19.224305522539446,36.88301844545403,0.0826411180612539,5.447408062937294,0.9249805392078697,3257.3309827708704,-430.76045404217507,-358.4555725519813,12115.17514645797,4,1,0,0
SYN_000,synthetic,synthetic_track_0,DRV_00,88.60000000000001,1,44.011116638751325,10.267817689243444,-0.7133425536169062,-0.7008155257978459,0.6264098043790135,0.9989921412499676,0.0010078587500323567,0.5,0.0,0.019675869219078674,0.08716153103207028,19.224305522539446,36.88301844545403,0.08235161099469912,5.447408062937294,0.9248827780941922,3266.1332060986206,-425.57600792139976,-359.75939496674516,11837.725933203319,4,1,0,0
SYN_000,synthetic,synthetic_track_0,DRV_00,88.80000000000001,1,46.197202038060745,10.930426996547098,-0.7207557792071593,-0.6931890844058932,0.6281025396343501,1.0,0.0,0.5,1.0,0.016445279060676537,0.04323330176530335,19.224305522539446,36.88301844545403,0.08206049884237648,5.447408062937294,0.9247764628266785,3275.3726465062327,-418.52124930838744,-361.483819103387,11716.986668954076,4,1,0,0
SYN_000,synthetic,synthetic_track_0,DRV_00,89.0,1,48.385037045204314,10.939175035717845,-0.728449507860246,-0.6850994924083402,0.6298793550973525,1.0,0.0,0.5,1.0,0.005099780662700917,0.01066111284693361,19.224305522539446,36.88301844545403,0.0817677896683159,5.447408062937294,0.9246610078899292,3285.0496539152737,-413.1383009456857,-362.7783728970585,11913.216039285906,4,1,0,0
SYN_000,synthetic,synthetic_track_0,DRV_00,89.2,1,50.47651786942886,10.457404121122735,-0.7364102430396563,-0.6765352569868582,0.6317403180606296,1.0,0.0,0.625,1.0,-0.002774736654413227,0.0326447417957841,19.224305522539446,36.88301844545403,0.08147349158078598,5.447408062937294,0.9245364031531892,3295.1449574891594,-405.8605364485269,-364.52430830768793,13235.455001175666,5,1,0,0
SYN_000,synthetic,synthetic_track_0,DRV_00,89.4,1,52.28619192267403,9.048370266225838,-0.7446077669190444,-0.6675022647480936,0.6336817225940691,1.0,0.0,0.625,0.0,-0.013730736403975522,0.07618223337854073,19.224305522539446,36.88301844545403,0.08117761273206958,5.447408062937294,0.9244030701291787,3305.602195873694,-398.4932966564464,-366.3148781256689,13462.075371678902,5,1,0,0
SYN_000,synthetic,synthetic_track_0,DRV_00,89.60000000000001,1,52.94101448024062,3.274112787832948,-0.7529823487311906,-0.6580407149251933,0.6356927299757105,0.5820007934352759,0.0,0.625,0.0,-0.024789149091778796,0.1202823171553915,19.224305522539446,36.88301844545403,0.0808801613182377,5.447408062937294,0.9242622463088684,3316.1903987697424,-391.06425437980823,-368.1750865789546,13373.447762534617,5,1,0,0
SYN_000,synthetic,synthetic_track_0,DRV_00,89.80000000000001,1,51.13938254178677,-9.008159692269224,-0.7613393217785549,-0.6483536358452616,0.6377289228403351,0.18623791182680294,0.297552632066679,0.625,0.0,-0.04680641416792388,0.17653515798689492,19.224305522539446,36.88301844545403,0.0805811455789227,5.447408062937294,0.92411901056695,3326.4182752781,-381.73268797117464,-370.6379469282008,13278.34658316754,5,1,0,0
SYN_001,synthetic,synthetic_track_1,DRV_01,0.0,1,59.54737126712381,7.689128298030425,0.0,1.0,0.0,0.9348078749324584,0.0,0.625,1.0,1.0,0.05015845386763996,20.4617253917471,28.46638761751263,0.062410311456853176,6.768425766794612,0.9109256484229562,11.909474253424762,866.9693877770883,41.87414967044992,14019.820925154936,5,0,0,0
SYN_001,synthetic,synthetic_track_1,DRV_01,0.2,1,58.263983966853374,-6.416936501352168,0.014389779049706218,0.9998964617693678,0.0022902835102739925,0.2733445180299809,0.1830209452003105,0.625,0.0,0.030854904415245077,0.11209898465777186,20.4617253917471,28.46638761751263,0.06273163497279938,6.768425766794612,0.9104124197693024,23.562271046795438,878.8594450337391,53.235649107354774,13782.785428766723,5,0,0,0
SYN_001,synthetic,synthetic_track_1,DRV_01,0.4,1,56.31906614159775,-9.724589126278111,0.02846656075233407,0.9995947453437987,0.004531205970537584,0.1816162745211246,0.3052442377074861,0.625,0.0,0.05113215031560259,0.13268997635272775,20.4617253917471,28.46638761751263,0.06305152196190944,6.768425766794612,0.9099086057848014,34.82608427511499,893.2888830542914,67.4541893325855,13692.646345254649,5,0,0,0
SYN_001,synthetic,synthetic_track_1,DRV_01,0.6000000000000001,1,54.22506096600976,-10.470025877939975,0.04206810905834429,0.9991147452621522,0.006697323899060574,0.15340640088648008,0.34271008561623184,0.625,0.0,0.047335174967101504,0.1504821714152904,20.4617253917471,28.46638761751263,0.0633699635630684,6.768425766794612,0.9094188398414625,45.67109646831694,904.4198420318115,78.82013260469267,13745.315066574556,5,0,0,0
SYN_001,synthetic,synthetic_track_1,DRV_01,0.8,1,51.82711276950355,-11.989740982531032,0.05515660307304193,0.9984777158942721,0.008782903166984027,0.11619203430644422,0.3859820435674515,0.625,0.0,0.05352397303890477,0.16973488713891427,20.4617253917471,28.46638761751263,0.06368695095519963,6.768425766794612,0.9089441681970611,56.03651902221765,915.1266471147358,90.15704037970181,13339.12514505982,5,0,0,0
SYN_001,synthetic,synthetic_track_1,DRV_01,1.0,1,49.301596450111596,-12.627581596959772,0.06765747463734444,0.997708607823796,0.010776253658118778,0.09354169026929515,0.4184232263699142,0.5,0.0,0.07644026440384558,0.19633513169067426,20.4617253917471,28.46638761751263,0.06400247535750922,6.768425766794612,0.9084867210869817,65.89683831223996,927.835694798024,104.25575724281614,12329.380168291145,4,0,0,0
SYN_001,synthetic,synthetic_track_1,DRV_01,1.2000000000000002,1,47.152010002429506,-10.74793223841045,0.07953936300236177,0.9968317258861591,0.012672468906199993,0.12965414066622802,0.3716108073414699,0.5,0.0,0.0514447609846807,0.21392275406213718,20.4617253917471,28.46638761751263,0.06431652802972919,6.768425766794612,0.908047394110165,75.32724031272586,935.0645145961678,112.66009060460178,11800.03242424456,4,0,0,0
SYN_001,synthetic,synthetic_track_1,DRV_01,1.4000000000000001,1,45.023095144128206,-10.644574291506501,0.09089265228128357,0.995860695961676,0.014486007752447282,0.12156619701798509,0.3832280646435665,0.5,0.0,0.07579741822685405,0.23964622846966813,20.4617253917471,28.46638761751263,0.0646291002723596,6.768425766794612,0.9076235583673589,84.3318593415515,944.1992536646482,123.78210993477461,11728.840776748204,4,0,0,0
SYN_001,synthetic,synthetic_track_1,DRV_01,1.6,1,42.76334582849868,-11.298746578147636,0.10172234657244959,0.9948128287310103,0.016217665257990673,0.11799370448331947,0.39027063423901415,0.5,0.0,0.08489898722281453,0.2684220542785922,20.4617253917471,28.46638761751263,0.06494018342690959,6.768425766794612,0.907215071754985,92.88452850725125,952.7179104251576,134.78713078225022,12014.834639903493,4,0,0,0
SYN_001,synthetic,synthetic_track_1,DRV_01,1.8,1,40.8177770709634,-9.727843787676385,0.11199735819198677,0.9937085044206957,0.017862409328317546,0.14143958124303613,0.3592917069355403,0.5,0.0,0.0703095287640861,0.2923428866524181,20.4617253917471,28.46638761751263,0.06524976887613715,6.768425766794612,0.9068228526994172,101.04808392144393,958.6776539057402,142.94987790395984,11656.753881412602,4,0,0,0
SYN_001,synthetic,synthetic_track_1,DRV_01,2.0,1,38.95775845402657,-9.300093084684171,0.1217937546475245,0.9925554298520857,0.01943232383104691,0.13851029548626026,0.35915296332383,0.5,0.0,0.07659373684334571,0.31855923148350995,20.4617253917471,28.46638761751263,0.06555784804428783,6.768425766794612,0.9064447045094752,108.83963561224925,964.251380489425,151.02335911483556,11373.93703992237,4,0,0,0
SYN_001,synthetic,synthetic_track_1,DRV_01,2.2,1,37.167988069604384,-8.948851922110919,0.1311327015087196,0.9913648241666763,0.02093069915620178,0.15202671525045142,0.34355426184853344,0.375,0.0,0.08348907044018657,0.34735378713266024,20.4617253917471,28.46638761751263,0.06586441239733237,6.768425766794612,0.9060800308943836,116.27323322617013,969.4240200618267,158.9973726958316,10111.40197203008,3,0,0,0
SYN_001,synthetic,synthetic_track_1,DRV_01,2.4000000000000004,1,35.511119069418356,-8.284345000930138,0.14003178267410854,0.9901470092067699,0.022360237158878873,0.16164266498973714,0.3325391905370697,0.375,0.0,0.0910682963715153,0.37902195488820245,20.4617253917471,28.46638761751263,0.06616945344320303,6.768425766794612,0.9057283426641353,123.3754570400538,974.1816856776829,166.86169422810138,10225.537404964742,3,0,0,0
SYN_001,synthetic,synthetic_track_1,DRV_01,2.6,1,33.855772735087406,-8.276731671654751,0.14852361877428813,0.9889088606470213,0.023726049430779578,0.1570195190593466,0.3372896332630134,0.375,0.0,0.09940603052180425,0.41385981848934716,20.4617253917471,28.46638761751263,0.06647296273202885,6.768425766794612,0.9053887120440015,130.14661158707128,978.5117299482455,174.60612313271122,9925.232453874174,3,0,0,0
SYN_001,synthetic,synthetic_track_1,DRV_01,2.8000000000000003,1,32.24521421212625,-8.052792614805782,0.15660943304997452,0.9876606124979195,0.025028194535975247,0.17182890020891112,0.3220425509649206,0.375,0.0,0.10857478645236944,0.452144076496584,20.4617253917471,28.46638761751263,0.06677493185636972,6.768425766794612,0.9050611308975537,136.59565442949653,982.4027957974699,182.22053033319872,10122.907642029542,3,0,0,0
SYN_001,synthetic,synthetic_track_1,DRV_01,3.0,1,30.863586091878187,-6.908140601240316,0.16430085668208194,0.9864102739192927,0.026268395082595486,0.19138259731117285,0.29423894925135163,0.375,0.0,0.07791678183440472,0.4796965133272058,20.4617253917471,28.46638761751263,0.06707535245144926,6.768425766794612,0.9047452882195449,142.7683716478722,984.7479575621966,187.21961836114218,10207.402345872157,3,0,0,0
SYN_001,synthetic,synthetic_track_1,DRV_01,3.2,1,29.492343191647315,-6.8562145011543585,0.1716533834511478,0.9851574066867554,0.027455456086129267,0.18207393834893187,0.3059020490057504,0.375,0.0,0.12586888096617097,0.5241811434900897,20.4617253917471,28.46638761751263,0.06737421619538651,6.768425766794612,0.9044395839937207,148.66684028620165,987.8857989865309,194.59516188919287,9722.046301121733,3,0,0,0
SYN_001,synthetic,synthetic_track_1,DRV_01,3.4000000000000004,1,28.18696235016519,-6.526904207410631,0.17867032735058688,0.9839089968713743,0.0285897769781157,0.19186156755524433,0.29041468458064656,0.25,0.0,0.09032178075191805,0.5559553645185406,20.4617253917471,28.46638761751263,0.06767151480942656,6.768425766794612,0.9041439480071671,154.30423275623468,989.7210923003345,199.42593973055773,8602.44806009825,2,0,0,0
SYN_001,synthetic,synthetic_track_1,DRV_01,3.6,1,27.115664584132762,-5.356488830162132,0.185368212319077,0.9826691334633594,0.029673890914660515,0.21729766633617473,0.2597524042258936,0.25,0.0,0.09577741830225145,0.5893816957027065,20.4617253917471,28.46638761751263,0.06796724005816969,6.768425766794612,0.903857921696093,159.72736567306123,991.3488066523502,204.18442641530754,8298.458345803918,2,0,0,0
SYN_001,synthetic,synthetic_track_1,DRV_01,3.8000000000000003,1,26.119035799656828,-4.983143922379671,0.19180341870392056,0.981433364306252,0.030716801090973314,0.22068632107114103,0.254075086864213,0.25,0.0,0.10150264068892313,0.6243629106397462,20.4617253917471,28.46638761751263,0.06826138374979972,6.768425766794612,0.9035798689365151,164.9511728329926,992.7672919661267,208.86786426388042,8515.576042098295,2,0,0,0
SYN_001,synthetic,synthetic_track_1,DRV_01,4.0,1,25.126578942089463,-4.962284287836827,0.19799431669655854,0.9802031679992994,0.03172137939096011,0.22562363900212376,0.24733337464039554,0.25,0.0,0.10747563326297177,0.6607316811604952,20.4617253917471,28.46638761751263,0.06855393773631073,6.768425766794612,0.9033092694899643,169.97648862141048,993.9751851692776,213.47355828786692,8166.009581152311,2,0,0,0
SYN_001,synthetic,synthetic_track_1,DRV_01,4.2,1,24.08281876095789,-5.218800905657872,0.2039425349647486,0.9789828611534281,0.03268778627334817,0.22321836894930192,0.24729736931888924,0.25,0.0,0.11366157211761077,0.6982351495958291,20.4617253917471,28.46638761751263,0.06884489391373289,6.768425766794612,0.9030460965841429,174.79305237360205,994.9714120561121,217.99888262492985,8308.033969540535,2,0,0,0
SYN_001,synthetic,synthetic_track_1,DRV_01,4.4,1,23.231955301488465,-4.254317297347114,0.2096366091958225,0.9777793677946359,0.03361404853338501,0.23987381615332326,0.22666720505679216,0.25,0.0,0.12001003153628224,0.7365197388297755,20.4617253917471,28.46638761751263,0.06913424422235691,6.768425766794612,0.9027907117602291,179.43944343389975,995.7551885672716,222.44128691131436,7678.065706214638,2,0,0,0
SYN_001,synthetic,synthetic_track_1,DRV_01,4.6000000000000005,1,22.44953124044403,-3.912120305222171,0.21512278109866295,0.9765870104872257,0.03450758527574995,0.2385830163572108,0.22604924846978874,0.25,0.0,0.126452570576574,0.7751180397339795,20.4617253917471,28.46638761751263,0.06942198064695725,6.768425766794612,0.9025417671457384,183.92934968198855,996.3260214844615,226.7983025753897,8039.586850617498,2,0,0,0
SYN_001,synthetic,synthetic_track_1,DRV_01,4.800000000000001,1,21.68515189805941,-3.8218967119231095,0.2204177453050649,0.9754055656774937,0.0353710287849978,0.2535939623289208,0.2092660634423388,0.25,0.0,0.13290086531532802,0.8134403159476035,20.4617253917471,28.46638761751263,0.06970809521701428,6.768425766794612,0.9022987860560382,188.26638006160044,996.6837085396594,231.06754903575307,8368.501860198523,2,0,0,0
SYN_001,synthetic,synthetic_track_1,DRV_01,5.0,1,21.03512239524945,-3.2501475140498037,0.22552626421024016,0.9742370882651579,0.036205073088769316,0.25790744987279013,0.20250061493263935,0.25,0.0,0.13924586622596768,0.8507737668515734,20.4617253917471,28.46638761751263,0.06999258000693488,6.768425766794612,0.9020616445557756,192.47340454065034,996.828337939491,235.24673978755015,8485.923318229918,2,0,0,0
SYN_001,synthetic,synthetic_track_1,DRV_01,5.2,1,20.58363493370904,-2.257437307702048,0.2304757348046901,0.9730780727496834,0.03701411625781737,0.2846796633617789,0.1701413667503831,0.25,0.0,0.07193524443562804,0.8688155670909077,20.4617253917471,28.46638761751263,0.0702754271362722,6.768425766794612,0.9018295445602077,196.59013152739215,996.8208627612933,237.30187693322384,7931.156637414422,2,0,0,0
SYN_001,synthetic,synthetic_track_1,DRV_01,5.4,1,20.068970794162404,-2.573320697733177,0.2353132080409936,0.9719195924156772,0.03780579452449849,0.2714454487189011,0.18408515499420744,0.25,0.0,0.14828261944337764,0.9030891808312954,20.4617253917471,28.46638761751263,0.07055662876994377,6.768425766794612,0.9016010986255703,200.6039256862246,996.6467037311949,241.3419173460858,7985.5427574554,2,0,0,0
SYN_001,synthetic,synthetic_track_1,DRV_01,5.6000000000000005,1,19.626264840275407,-2.213529769434981,0.24002412233126263,0.970766923982841,0.03857767801658166,0.27498929596226457,0.17921995122242157,0.25,0.0,0.15376884611654082,0.9341573816784053,20.4617253917471,28.46638761751263,0.07083617711844863,6.768425766794612,0.9013767513254597,204.5291786542797,996.2609700172985,245.2866361168519,7955.149434097891,2,0,0,0
SYN_001,synthetic,synthetic_track_1,DRV_01,5.800000000000001,1,19.346638860706484,-1.3981298978446155,0.24462565803033778,0.9696175985579182,0.03933253435659225,0.30273891441893325,0.1476362572350271,0.125,0.0,0.07875521870177099,0.9481872322078985,20.4617253917471,28.46638761751263,0.07111406443808309,6.768425766794612,0.9011560012756874,208.398506426421,995.9890931118977,247.22264799370106,7178.8888369063725,1,0,0,0
SYN_001,synthetic,synthetic_track_1,DRV_01,6.0,1,19.006717762613967,-1.699605490462588,0.2491562478208388,0.9684633003742789,0.040076635851234804,0.28953224516188425,0.16134177675863595,0.125,0.0,0.16079090362451426,0.9726489025407576,20.4617253917471,28.46638761751263,0.07139028303115524,6.768425766794612,0.9009377092257408,212.19984997894377,995.2881342640043,251.02083780433134,6705.006665296717,1,0,0,0
SYN_001,synthetic,synthetic_track_1,DRV_01,6.2,1,18.681731288327974,-1.6249323714299635,0.253601932036006,0.9673086684547001,0.040807663457489186,0.2917305102629383,0.15597685594671595,0.125,0.0,0.08182235138498213,0.9828604234385417,20.4617253917471,28.46638761751263,0.07166482524619816,6.768425766794612,0.9007222995368896,215.93619623660936,994.8594306790512,252.88258319388592,6992.2521173850755,1,0,0,0
SYN_001,synthetic,synthetic_track_1,DRV_01,6.4,1,18.378071125577225,-1.5183008137537435,0.25796638834388086,0.9661538917195407,0.04152619158396334,0.3030026314756647,0.14274406138902124,0.125,0.0,0.16589997373682103,0.9987601182250556,20.4617253917471,28.46638761751263,0.07193768347818191,6.768425766794612,0.9005096699482762,219.61181046172482,993.8466504528155,256.5303530535687,6549.728117230441,1,0,0,0
SYN_001,synthetic,synthetic_track_1,DRV_01,6.6000000000000005,1,18.08915057755002,-1.444602740136034,0.2622547731755049,0.9649986704377703,0.04223304047340862,0.30473669766850975,0.13748295855133255,0.125,0.0,0.08381577822226753,1.004289976627332,20.4617253917471,28.46638761751263,0.07220885016872416,6.768425766794612,0.9002996734432345,223.22964057723482,993.2630551010334,258.3159932037471,6795.502152241227,1,0,0,0
SYN_001,synthetic,synthetic_track_1,DRV_01,6.800000000000001,1,18.07629954083197,-0.06425518359023386,0.2664706894278206,0.963843022320472,0.04292877703408362,0.33095942823090335,0.10764842600822212,0.125,0.0,0.08420851656979354,1.0081252508298673,20.4617253917471,28.46638761751263,0.07247831780629957,6.768425766794612,0.900092209097919,226.8449004854012,992.6283385445848,260.0758945438948,6368.084813833265,1,0,0,0
SYN_001,synthetic,synthetic_track_1,DRV_01,7.0,1,17.99427871943848,-0.41010410696745936,0.27067852390556824,0.9626697962937774,0.043624019324115616,0.32217917038076777,0.11671106883724086,0.125,0.0,0.1690173535309536,1.0105682077158398,20.4617253917471,28.46638761751263,0.07274607892644787,6.768425766794612,0.8998853466650888,230.4437562292889,991.2066884925139,263.5178052521751,7146.90789180408,1,0,0,0
SYN_001,synthetic,synthetic_track_1,DRV_01,7.2,1,17.88850351183769,-0.528876038003947,0.2748621354702986,0.9614836485789591,0.04431610696717094,0.3188315141831591,0.1186295759299924,0.125,0.0,0.08451477519830775,1.0091489649216212,20.4617253917471,28.46638761751263,0.07301212611198064,6.768425766794612,0.8996795725583928,234.02145693165645,990.4203693303292,265.19949872084254,7069.806210767471,1,0,0,0
SYN_001,synthetic,synthetic_track_1,DRV_01,7.4,1,17.981443714096464,0.46470101129386876,0.2790160030140543,0.9602864520871162,0.04500412633301085,0.33918570338993387,0.09532338210481237,0.125,0.0,0.16830737865349707,1.0010995178004225,20.4617253917471,28.46638761751263,0.07327645199318676,6.768425766794612,0.899475055269448,237.61774567447574,988.6983996528628,268.48363914356395,6789.419040080568,1,0,0,0
SYN_001,synthetic,synthetic_track_1,DRV_01,7.6000000000000005,1,18.070191828860366,0.44374057381951104,0.28318619702516895,0.9590649497372022,0.04569572032201456,0.3376250137097767,0.09716306813940631,0.125,0.0,0.08350559164706198,0.9945510605535959,20.4617253917471,28.46638761751263,0.07353904924803657,6.768425766794612,0.8992704059869945,241.23178404024782,987.763459534506,270.0858243351906,6628.854931475225,1,0,0,0
SYN_001,synthetic,synthetic_track_1,DRV_01,7.800000000000001,1,18.145932509190636,0.3787034016513502,0.28737158612013325,0.957819174735398,0.04639072770004766,0.346482218985805,0.08645500605623696,0.125,0.0,0.16503153158313744,0.9767323569784919,20.4617253917471,28.46638761751263,0.07379991060238467,6.768425766794612,0.899065656237888,244.86097054208594,985.7475613654245,273.209840056606,6838.591848207068,1,0,0,0
SYN_001,synthetic,synthetic_track_1,DRV_01,8.0,1,18.24591433760224,0.4999091420580193,0.29156900352238296,0.95654979806854,0.047088648181170374,0.3448931579468365,0.0871683378498577,0.125,0.0,0.0812715115014215,0.9656341087639865,20.4617253917471,28.46638761751263,0.07405902883017146,6.768425766794612,0.8988608992419876,248.51015340960637,984.6674061183617,274.73146512932766,6781.901082385529,1,0,0,0
SYN_001,synthetic,synthetic_track_1,DRV_01,8.200000000000001,1,18.31532646711272,0.34706064755239296,0.2957838948344803,0.955254880938352,0.047790414117232,0.34247451162829873,0.08878286764614858,0.125,0.0,0.08028540326248605,0.9532097996471471,20.4617253917471,28.46638761751263,0.07431639675362324,6.768425766794612,0.898655967464589,252.1732187030289,983.5396735269666,276.22604739697266,6726.845566871872,1,0,0,0
SYN_001,synthetic,synthetic_track_1,DRV_01,8.4,1,18.54057902675396,1.1262627982062057,0.3000090370449902,0.9539363593507366,0.048494849750582485,0.35300415429503806,0.07377577869527112,0.125,0.0,0.15719620325256312,0.9248306299136342,20.4617253917471,28.46638761751263,0.07457200724345112,6.768425766794612,0.8984510770323707,255.8813345083797,981.1432442504743,279.1337792151376,6598.122247791582,1,0,0,0
SYN_001,synthetic,synthetic_track_1,DRV_01,8.6,1,18.775548310664195,1.1748464195511765,0.3042801560291886,0.9525825878352242,0.04920794894391917,0.3632771160664532,0.06372803640478016,0.125,0.0,0.07672686525288519,0.9091116240929826,20.4617253917471,28.46638761751263,0.07482585321904846,6.768425766794612,0.8982451391865043,259.63644417051256,979.8754671995089,280.54680133617313,6718.477555388592,1,0,0,0
SYN_001,synthetic,synthetic_track_1,DRV_01,8.8,1,19.151461831196606,1.8795676026620534,0.30859917849518786,0.9511921714522755,0.04993008541740626,0.3661673289193626,0.057188298073663206,0.125,0.0,0.14932676761575267,0.8752177551180415,20.4617253917471,28.46638761751263,0.07507792764868702,6.768425766794612,0.8980380880194381,263.4667365367519,977.2031916787104,283.2909145087303,6904.297209238766,1,0,0,0
SYN_001,synthetic,synthetic_track_1,DRV_01,9.0,1,19.46514625568793,1.5684221224566208,0.312998128130635,0.9497537427074023,0.05066668010322152,0.36360331101839616,0.06143673126515646,0.25,0.0,0.07247636603220735,0.8572812110553799,20.4617253917471,28.46638761751263,0.07532822354971172,6.768425766794612,0.8978289390163122,267.3597657878895,975.7996951943857,284.6219385334771,7585.939884100372,2,0,0,0
SYN_001,synthetic,synthetic_track_1,DRV_01,9.200000000000001,1,19.951939541295367,2.433966428037184,0.31746225825470265,0.948270907802103,0.051415339574594134,0.3766743254940583,0.0443475472446675,0.25,0.0,0.14034314721954969,0.8199979696544796,20.4617253917471,28.46638761751263,0.07557673398873413,6.768425766794612,0.8976181298608158,271.3501536961486,972.8605880257668,287.20183069511074,8020.698441336679,2,0,0,0
SYN_001,synthetic,synthetic_track_1,DRV_01,9.4,1,20.313582840668552,1.8082164968659242,0.3220307382581791,0.9467292134591032,0.05218272186464396,0.3695303620135352,0.05409600218278249,0.25,0.0,0.06780028587699302,0.8008629334458995,20.4617253917471,28.46638761751263,0.07582345208182442,6.768425766794612,0.8974044508560997,275.41287026428233,971.326056770133,288.4506935208354,8181.591828440038,2,0,0,0
SYN_001,synthetic,synthetic_track_1,DRV_01,9.600000000000001,1,20.622840547632137,1.5462885348179256,0.326674333305658,0.94513696359803,0.05296401351236199,0.3712602123744605,0.047638748077800934,0.25,0.0,0.1307549329761305,0.7620847764745116,20.4617253917471,28.46638761751263,0.07606837099470222,6.768425766794612,0.8971887801023516,279.53743837380875,968.1298293227771,290.866317558845,8078.337067991595,2,0,0,0
SYN_001,synthetic,synthetic_track_1,DRV_01,9.8,1,21.273954046351914,3.2555674935988854,0.33138056975431074,0.9434971743409243,0.05375719968727091,0.3981793199893192,0.01432422166060894,0.25,0.0,0.1242436564145355,0.7231800745147852,20.4617253917471,28.46638761751263,0.07631148394292572,6.768425766794612,0.8969714863340511,283.79222918307914,964.7679064221456,293.17268181618044,8026.075622833534,2,0,0,0
SYN_001,synthetic,synthetic_track_1,DRV_01,10.0,1,21.660837861848343,1.9344190774821435,0.33622676772211096,0.9417810577130662,0.054575428689053684,0.3789089141909887,0.0375669611704036,0.25,0.0,0.05968528540698144,0.7038576678391346,20.4617253917471,28.46638761751263,0.07655278419207978,6.768425766794612,0.8967501785809804,288.1243967554488,963.026298118333,294.28500953511957,7613.01277748664,2,0,0,0
SYN_001,synthetic,synthetic_track_1,DRV_01,10.200000000000001,1,22.330408233879936,3.3478518601579665,0.3411519662739531,0.9400081573621665,0.05540853783758631,0.4084859342231178,0.0015482330649235197,0.25,0.0,0.11455498398527601,0.6657606258105331,20.4617253917471,28.46638761751263,0.07679226505796242,6.768425766794612,0.8965267084561827,292.5904784022248,959.4248598815559,296.4282850487979,8075.073247441454,2,0,0,0
SYN_001,synthetic,synthetic_track_1,DRV_01,10.4,1,23.105317782992618,3.874547745563408,0.34621962323990946,0.9381534908977396,0.05626739969273554,0.42521145026043844,0.0,0.25,0.0,0.10826063371158026,0.6286943442877849,20.4617253917471,28.46638761751263,0.07702991990676994,6.768425766794612,0.8962990991439033,297.2115419588233,955.6700076892447,298.46361681967124,8171.1757396904195,2,0,0,0
SYN_001,synthetic,synthetic_track_1,DRV_01,10.600000000000001,1,23.761432946433366,3.2805758172037436,0.3514525230603719,0.9362057060467527,0.05715606576131218,0.41193976681864686,0.012870260035593228,0.25,0.0,0.1021633991799035,0.5929294263238107,20.4617253917471,28.46638761751263,0.07726574215528072,6.768425766794612,0.8960666152448691,301.96382854811,951.7669335552713,300.3918296776792,8344.457982649712,2,0,0,0
SYN_001,synthetic,synthetic_track_1,DRV_01,10.8,1,24.49580024212748,3.671836478470567,0.35682259003007405,0.9341721678813973,0.05806996702848269,0.4182186568473115,0.0,0.25,0.0,0.04886747699895203,0.5755947377979684,20.4617253917471,28.46638761751263,0.07749972527103759,6.768425766794612,0.895830090279517,306.86298859653544,949.7614753112769,301.31607098802107,8082.557958375299,2,0,0,0
SYN_001,synthetic,synthetic_track_1,DRV_01,11.0,1,25.205596262425036,3.548980101487782,0.36234630505419724,0.9320435371878133,0.05901211319164143,0.4391346584596058,0.0,0.25,0.0,0.09346535778122438,0.5420984669233208,20.4617253917471,28.46638761751263,0.07773186277252876,6.768425766794612,0.8955889784273747,311.9041078490205,945.6461142187727,303.0855256271877,8473.22388395378,2,0,0,0
SYN_001,synthetic,synthetic_track_1,DRV_01,11.200000000000001,1,25.84589844032768,3.2015108895132194,0.36801681984573104,0.9298191331170997,0.05998155920173471,0.4302756618925345,0.010173170946455708,0.25,0.0,0.08799585256289309,0.5102237069166302,20.4617253917471,28.46638761751263,0.07796214822936737,6.768425766794612,0.8953434536164863,317.073287537086,941.396114787596,304.7506699945935,8652.92975503186,2,0,0,0
SYN_001,synthetic,synthetic_track_1,DRV_01,11.4,1,26.664384479566273,4.092430196192964,0.37381720274522173,0.9275023983428494,0.06097563221867038,0.4569464819800822,0.0015729884884279728,0.25,0.0,0.08280063628577485,0.4799949229070972,20.4617253917471,28.46638761751263,0.07819057526246963,6.768425766794612,0.8950940042174732,322.4061644329993,937.0171223231189,306.31292464361144,8475.83696114127,2,0,0,0
SYN_001,synthetic,synthetic_track_1,DRV_01,11.600000000000001,1,27.535249380848498,4.354324506411125,0.3797859859621564,0.9250743780187368,0.062001185467884475,0.4693405716824183,0.0006328021585294872,0.25,0.0,0.0778802386053829,0.45139682799226727,20.4617253917471,28.46638761751263,0.07841713754423148,6.768425766794612,0.8948393848415878,327.91321430916895,932.5148859039545,307.7738782592211,8447.19262131781,2,0,0,0
SYN_001,synthetic,synthetic_track_1,DRV_01,11.8,1,28.344072920331776,4.0441176974163895,0.38593315788028687,0.9225267463052492,0.06306023352099403,0.4950802481382286,0.010736230143372797,0.25,0.0,0.10818190780611525,0.41145372812573594,20.4617253917471,28.46638761751263,0.07864182879870392,6.768425766794612,0.8945792307195801,333.5820288932353,925.5432485180444,309.77925383373076,8641.57925098787,2,0,0,0
SYN_001,synthetic,synthetic_track_1,DRV_01,12.0,1,29.237754646887517,4.468408632778704,0.3922430460323277,0.9198616161354278,0.06415039017177603,0.5232222960577211,0.0,0.375,0.0,0.06673748074626444,0.3866935123409343,20.4617253917471,28.46638761751263,0.07886464280176686,6.768425766794612,0.8943139780082188,339.4295798226128,920.7586291002019,310.994993265954,9570.072398554212,3,0,0,0
SYN_001,synthetic,synthetic_track_1,DRV_01,12.200000000000001,1,30.1727566942529,4.6750102368269175,0.39873259754960877,0.9170672361671971,0.06527491919665632,0.5296829520482176,0.0035072503125651486,0.375,0.0,0.06271372408393915,0.3633312180077083,20.4617253917471,28.46638761751263,0.07908557338130152,6.768425766794612,0.8940430345518302,345.4641311614634,915.8715340384964,312.11628962871805,9513.564739178159,3,0,0,0
SYN_001,synthetic,synthetic_track_1,DRV_01,12.4,1,31.191958195914257,5.0960075083067835,0.40540880566985305,0.9141354933954503,0.06643540983874296,0.5685166713098703,0.003788505903008792,0.375,0.0,0.08701699037517595,0.33070901975891515,20.4617253917471,28.46638761751263,0.07930461441736134,6.768425766794612,0.8937661129441524,351.70252280064625,908.362036471847,313.62627109617245,9966.353269491574,3,0,0,0
SYN_001,synthetic,synthetic_track_1,DRV_01,12.600000000000001,1,32.28687963330455,5.47460718695147,0.4122878656026719,0.9110536295283572,0.06763510053858582,0.5867295932125484,0.0,0.375,0.0,0.05361062952173991,0.31043761195666114,20.4617253917471,28.46638761751263,0.0795217598423416,6.768425766794612,0.893482625609287,358.15989872730717,903.2453843510347,314.5219478915742,9828.080012908064,3,0,0,0
SYN_001,synthetic,synthetic_track_1,DRV_01,12.8,1,33.43205694336037,5.725886550279107,0.4193837203637912,0.9078090631260658,0.06887690360140522,0.61903155858579,0.0,0.375,0.0,0.07428272324273566,0.28201059857085875,20.4617253917471,28.46638761751263,0.07973700364114748,6.768425766794612,0.8931920443122121,364.84631011597924,895.420276243551,315.7057463397282,9766.653926528285,3,0,0,0
SYN_001,synthetic,synthetic_track_1,DRV_01,13.0,1,34.54422875308206,5.560859048608435,0.4267043454982009,0.9043911772750506,0.07016275194538062,0.6195012894785624,0.0056686781968846595,0.375,0.0,0.045677539183191444,0.26424593148812464,20.4617253917471,28.46638761751263,0.07995033985136063,6.768425766794612,0.8928940190505447,371.75515586659566,890.112417375857,316.39266836316665,9835.949584987724,3,0,0,0
SYN_001,synthetic,synthetic_track_1,DRV_01,13.200000000000001,1,35.85124915951086,6.535102032143989,0.43423923986387714,0.9007975813480197,0.07149137612819147,0.6668639653377229,0.0,0.375,0.0,0.06312231026361667,0.2391602922409004,20.4617253917471,28.46638761751263,0.08016176256340439,6.768425766794612,0.89258878263566,378.92540569849785,882.0292917114575,317.2772710134826,9844.653501224522,3,0,0,0
SYN_001,synthetic,synthetic_track_1,DRV_01,13.4,1,37.1969840790009,6.728674597450208,0.4420272179559941,0.8970016380063551,0.0728702703266342,0.7017599431214984,0.0,0.375,0.0,0.05703784731767087,0.21570157279712304,20.4617253917471,28.46638761751263,0.08037126592070747,6.768425766794612,0.8922749728843524,386.36480251429805,873.8188716348266,317.9966447123101,10279.275528531683,3,0,0,0
SYN_001,synthetic,synthetic_track_1,DRV_01,13.600000000000001,1,38.57706744918702,6.900416850930604,0.4500724518701495,0.8929920425555828,0.07430092356044193,0.7400271450437296,7.800899612460355e-05,0.375,0.0,0.05132866572710664,0.19361084683553226,20.4617253917471,28.46638761751263,0.08057884411986613,6.768425766794612,0.8919523205360518,394.0802160041355,865.501566820795,318.5622889211694,10080.279310402866,3,0,0,0
SYN_001,synthetic,synthetic_track_1,DRV_01,13.8,1,40.15115799579797,7.870452733054769,0.45837775576546397,0.8887574658023507,0.0757846569238722,0.7827346133496622,0.0,0.5,0.0,0.045932313030906516,0.17264914668830297,20.4617253917471,28.46638761751263,0.08078449141080504,6.768425766794612,0.8916205868766258,402.1104476032951,857.097498957604,318.9862928265161,11111.271542939128,4,0,0,0
SYN_001,synthetic,synthetic_track_1,DRV_01,14.0,1,41.81948486560865,8.341634349053386,0.46697962822230615,0.8842680740733303,0.0773289322314029,0.8251376798360753,0.0,0.5,0.0,0.04079120097597465,0.152596165995164,20.4617253917471,28.46638761751263,0.08098820209693651,6.768425766794612,0.8912784155648158,410.4743445764168,848.6264168942761,319.2812879246818,11590.721858547444,4,0,0,0
SYN_001,synthetic,synthetic_track_1,DRV_01,14.200000000000001,1,43.50601063934803,8.43262886869688,0.47589216372424126,0.8795036375739784,0.07893737395700323,0.8710419673157904,0.0,0.5,0.0,0.035852206917960955,0.13324846156336578,20.4617253917471,28.46638761751263,0.08118997053531828,6.768425766794612,0.890925148639242,419.1755467042864,840.10761445088,319.4603975453186,11706.404775687784,4,0,0,0
SYN_001,synthetic,synthetic_track_1,DRV_01,14.4,1,45.29537596681143,8.946826637317002,0.4851125332156516,0.8744517311533515,0.08061068205851661,0.9588958659955332,0.009772633326116517,0.5,0.0,0.04037783967344567,0.10822462527041837,20.4617253917471,28.46638761751263,0.08138979113680979,6.768425766794612,0.8905606603843192,428.23462189764865,828.7073171438558,319.5424405277062,12013.897282063292,4,0,0,0
SYN_001,synthetic,synthetic_track_1,DRV_01,14.600000000000001,1,47.23677406351052,9.706990483495481,0.49465513748499085,0.8690893480878159,0.08235281190339397,0.994061377027207,0.005938622972793058,0.5,0.0,0.02484436359073817,0.08981143940191814,20.4617253917471,28.46638761751263,0.08158765836622713,6.768425766794612,0.8901842325837263,437.68197671035074,820.1490568061599,319.50454420133667,11720.83070853955,4,0,0,0
SYN_001,synthetic,synthetic_track_1,DRV_01,14.8,1,49.2702879707022,10.167569535958378,0.5045435958559119,0.8633862171014697,0.08416961090583668,0.9914991659002547,0.00850083409974532,0.5,1.0,0.02597123011885971,0.06542721844428308,20.4617253917471,28.46638761751263,0.08178356674249625,6.768425766794612,0.889794802652401,447.5360343044912,808.7600690643645,319.3487466169191,11971.244823151226,4,0,0,0
SYN_001,synthetic,synthetic_track_1,DRV_01,15.0,1,51.351333096434665,10.405225628662329,0.5147876745312978,0.8573177066587734,0.08606462198163292,1.0,0.0,0.625,1.0,0.01780021785497348,0.04090861467150071,20.4617253917471,28.46638761751263,0.08197751083880486,6.768425766794612,0.8893917274077136,457.8063009237781,797.4315570661669,319.1044827658059,13395.589587606682,5,0,0,0
SYN_001,synthetic,synthetic_track_1,DRV_01,15.200000000000001,1,53.437546267176636,10.431065853709853,0.5253867447900681,0.8508635427604687,0.08803967325457271,1.0,0.0,0.625,1.0,0.009528232722515954,0.01592562268341198,20.4617253917471,28.46638761751263,0.08216948528275274,6.768425766794612,0.8889746757428542,468.49381017721345,786.1994967659522,318.8069490854011,13281.273628938403,5,0,0,0
SYN_001,synthetic,synthetic_track_1,DRV_01,15.4,1,55.44524229921063,10.03848016016999,0.5363304874461154,0.8440080617125717,0.09009496349561798,0.9996687927528788,0.0003312072471212026,0.625,1.0,0.0010491108090457698,0.009826062129863155,20.4617253917471,28.46638761751263,0.08235948475650048,6.768425766794612,0.8885436130768595,479.58285863705555,775.09694116367,318.4915746417484,13831.557915129539,5,0,0,0
SYN_001,synthetic,synthetic_track_1,DRV_01,15.600000000000001,1,57.24652385904944,9.00640779919403,0.5475908284226801,0.8367462486485152,0.09222747281481837,0.9914280591379433,0.008571940862056747,0.625,1.0,-0.007734284346753531,0.0366216697748042,20.4617253917471,28.46638761751263,0.08254750399691697,6.768425766794612,0.8880990906086401,491.0321634088654,764.153819538382,318.19374447128274,13965.48584809432,5,0,0,0
SYN_001,synthetic,synthetic_track_1,DRV_01,15.8,1,57.9768515414513,3.6516384120093193,0.559113816634272,0.8290909118116406,0.09442926219401258,0.6585409867563734,0.0,0.625,0.0,-0.022621422438569756,0.07194187013219644,20.4617253917471,28.46638761751263,0.082733537795725,6.768425766794612,0.8876425548019843,502.6275337171557,750.7393737660035,317.89948967435714,13729.312105376097,5,0,0,0
SYN_001,synthetic,synthetic_track_1,DRV_01,16.0,1,57.52725842206774,-2.2479655969178225,0.5706747393892773,0.8211761941404417,0.09665914109945302,0.35543931682520674,0.07197625413780151,0.625,0.0,-0.029031561564093106,0.10187481791041944,20.4617253917471,28.46638761751263,0.08291758099964565,6.768425766794612,0.887181503880018,514.1329854015693,740.2471250073527,317.7683855181848,13693.844454937196,5,0,0,0
SYN_001,synthetic,synthetic_track_1,DRV_01,16.2,1,54.862765770442444,-13.322463258126476,0.5820352939524521,0.8131635238952142,0.09887172796184024,0.09700866008154475,0.41723621644653935,0.625,0.0,-0.05081011892418398,0.14153053702263738,20.4617253917471,28.46638761751263,0.08309962851054097,6.768425766794612,0.886724198817795,525.1055385556577,727.4617362958716,317.78952532037283,13444.02689994993,5,0,0,0
SYN_001,synthetic,synthetic_track_1,DRV_01,16.400000000000002,1,51.79072965875296,-15.360180558447425,0.5927648998885487,0.8053755480892866,0.10098183433762649,0.028560472710081324,0.5096554549981955,0.625,0.0,-0.05291080140813352,0.17499368549096578,20.4617253917471,28.46638761751263,0.08327967528555529,6.768425766794612,0.8862861454248975,535.4636844874084,717.5152650667851,317.9933602410084,13046.539832740247,5,0,0,0
SYN_001,synthetic,synthetic_track_1,DRV_01,16.6,1,48.404082585019815,-16.93323536866572,0.6027981282325735,0.7978937376614168,0.10297378547834776,0.001953500637889157,0.5488720994974984,0.5,0.0,-0.06433747868998098,0.20976694036534346,20.4617253917471,28.46638761751263,0.08345771633725481,6.768425766794612,0.8858701980017764,545.1445010044124,707.831024652797,318.3961865248745,12150.197831979753,4,0,0,0
SYN_001,synthetic,synthetic_track_1,DRV_01,16.8,1,45.20725683408963,-15.98412875465094,0.612089940258899,0.790788154333294,0.104835480962387,0.005283168069300316,0.5397160089717091,0.5,0.0,-0.0761355697755977,0.24540450326302704,20.4617253917471,28.46638761751263,0.08363374673376583,6.768425766794612,0.8854785603047279,554.1859523712303,698.4159479959587,319.0264250410117,12050.062877987408,4,0,0,0
SYN_001,synthetic,synthetic_track_1,DRV_01,17.0,1,42.273426805326125,-14.669150143817511,0.6206924676283505,0.7840541184315207,0.10657422160985199,0.026309078966265564,0.5119746027843696,0.5,0.0,-0.08811282583478149,0.28119490041633904,20.4617253917471,28.46638761751263,0.08380776159891137,6.768425766794612,0.8851099050473455,562.6406377322955,689.2733676700998,319.91046938153687,11225.799121464237,4,0,0,0
SYN_001,synthetic,synthetic_track_1,DRV_01,17.2,1,39.87444147936552,-11.994926629803011,0.6286697092622899,0.777672422460812,0.10820012264082607,0.08653421743823345,0.43448403671229924,0.5,0.0,-0.07389322023505507,0.30754150232283123,20.4617253917471,28.46638761751263,0.08397975611234614,6.768425766794612,0.884762392705678,570.6155260281687,682.59527255364,320.7546785107047,11685.850500192892,4,0,0,0
SYN_001,synthetic,synthetic_track_1,DRV_01,17.400000000000002,1,37.68301572733165,-10.957128760169361,0.6361341325420232,0.771578489471426,0.10973375500541706,0.10778193747222288,0.40050583652517846,0.375,0.0,-0.08039271539638114,0.33287285633935226,20.4617253917471,28.46638761751263,0.08414972550969022,6.768425766794612,0.8844322807961191,578.152129173635,676.0690708577706,321.76457699357485,10275.664915222616,3,0,0,0
SYN_001,synthetic,synthetic_track_1,DRV_01,17.6,1,35.962360865812165,-8.603274307597424,0.6431340492695131,0.7657536122475684,0.11118310176416057,0.15405637560191024,0.3412239248752647,0.375,0.0,-0.08656097218563666,0.35656392610995385,20.4617253917471,28.46638761751263,0.08431766508266088,6.768425766794612,0.8841181178141366,585.3446013467974,669.6923642157005,322.9486360892762,10332.766185245184,3,0,0,0
SYN_001,synthetic,synthetic_track_1,DRV_01,17.8,1,34.463969355944734,-7.491957549337158,0.649764612507478,0.760135480248756,0.11256626948976872,0.17131543176113867,0.3146985336589002,0.375,0.0,-0.0922323792048485,0.3779257840500572,20.4617253917471,28.46638761751263,0.08448357017920316,6.768425766794612,0.8838166097591132,592.2373952179863,663.4617407147682,324.31446684458405,10041.648751928835,3,0,0,0
SYN_001,synthetic,synthetic_track_1,DRV_01,18.0,1,33.19602961004886,-6.339698729479366,0.6560728654272995,0.7546975521690875,0.11389180677268967,0.20835202306612285,0.26845442952476084,0.375,0.0,-0.09722939813808414,0.39624102427555197,20.4617253917471,28.46638761751263,0.08464743620361861,6.768425766794612,0.883526202166297,598.8766011399961,657.3728163756814,325.86878353624957,10048.290684961012,3,0,0,0
SYN_001,synthetic,synthetic_track_1,DRV_01,18.2,1,32.24928361159129,-4.733729992287863,0.6621060129225641,0.7494101865145585,0.11516857714230694,0.23083595097906995,0.2340337742718117,0.375,0.0,-0.0671814084825331,0.40641132735431623,20.4617253917471,28.46638761751263,0.08480925861669265,6.768425766794612,0.8832452832351044,605.3264578623143,653.3896696241751,327.01260500437706,9627.624384368295,3,0,0,0
SYN_001,synthetic,synthetic_track_1,DRV_01,18.400000000000002,1,31.554593633598937,-3.4734498899617527,0.6679262950454644,0.7442274278651918,0.11640893420429121,0.2647559916153104,0.19376611203331043,0.375,0.0,-0.10357781290513124,0.41813160375718633,20.4617253917471,28.46638761751263,0.08496903293582032,6.768425766794612,0.8829716059540851,611.6373765890341,647.524675832971,328.89344879619966,10061.56545269683,3,0,0,0
SYN_001,synthetic,synthetic_track_1,DRV_01,18.6,1,31.01790086269362,-2.683463854526593,0.6735819372267235,0.7391125583034659,0.1176225724209681,0.2842025692704174,0.16737086494759754,0.375,0.0,-0.07043826580317313,0.42335326516466215,20.4617253917471,28.46638761751263,0.08512675473513044,6.768425766794612,0.8827034072588568,617.8409567615729,643.6849175386502,330.25922382725975,9724.975070800268,3,0,0,0
SYN_001,synthetic,synthetic_track_1,DRV_01,18.8,1,30.745735656080544,-1.360826033065372,0.6791032138965701,0.7340427949890588,0.11881556860799479,0.30983638816653913,0.13610959066068495,0.375,0.0,-0.10683327916934814,0.4269961517064459,20.4617253917471,28.46638761751263,0.08528241964560813,6.768425766794612,0.8824395824796746,623.990103892789,638.0251561119399,332.4781857580989,9729.059420971067,3,0,0,0
SYN_001,synthetic,synthetic_track_1,DRV_01,19.0,1,30.440589722702864,-1.5257296668884024,0.6845383892268136,0.7289768128512452,0.11999809690245941,0.3135141162265612,0.12817265945688536,0.375,0.0,-0.07144904414160516,0.42652705760868925,20.4617253917471,28.46638761751263,0.08543602335521601,6.768425766794612,0.8821782812171997,630.0782218373296,634.315102590874,334.0721110622243,9848.563688128963,3,0,0,0
SYN_001,synthetic,synthetic_track_1,DRV_01,19.200000000000003,1,30.368805599979247,-0.3589206136180856,0.6898823929641672,0.7239214625068346,0.12116888881487108,0.3273987669982127,0.1065982816311858,0.375,0.0,-0.10653606847178161,0.4214344125327074,20.4617253917471,28.46638761751263,0.08558756160901347,6.768425766794612,0.8819197356130016,636.1519829573255,628.8383430501328,336.63615552239605,9797.124250647079,3,0,0,0
SYN_001,synthetic,synthetic_track_1,DRV_01,19.400000000000002,1,30.529590722801885,0.8039256141131901,0.6951765938570293,0.7188389968228901,0.12233691979948566,0.36740869586924735,0.061585454505221,0.375,0.0,-0.07003172741325558,0.41517038953050156,20.4617253917471,28.46638761751263,0.08573703020927465,6.768425766794612,0.8816623133937234,642.2579011018859,625.2421118735366,338.46130471388796,9765.944220594807,3,0,0,0
SYN_001,synthetic,synthetic_track_1,DRV_01,19.6,1,30.835005659930825,1.5270746856447026,0.7004610838504233,0.7136905982364419,0.12351113482728575,0.3730328118955701,0.05290359687907014,0.375,0.0,-0.06879789458532132,0.40671321552344086,20.4617253917471,28.46638761751263,0.08588442501560467,6.768425766794612,0.8814043878167647,648.424902233872,621.6865325954188,340.379094793559,9678.95719861112,3,0,0,0
SYN_001,synthetic,synthetic_track_1,DRV_01,19.8,1,31.195988434563468,1.804913873163212,0.7057597369497287,0.7084512641675853,0.12469709658343692,0.3835032136857853,0.03577915500592069,0.375,0.0,-0.10010966276920255,0.3902101566371172,20.4617253917471,28.46638761751263,0.08602974194505432,6.768425766794612,0.8811449476983103,654.6640999207847,616.4229111495206,343.4289473271661,9878.491304377574,3,0,0,0
SYN_001,synthetic,synthetic_track_1,DRV_01,20.0,1,31.615730142724324,2.0987085408042816,0.7110805406606635,0.7031105636340123,0.1258969422924586,0.3901664914881311,0.025040542295259895,0.375,0.0,-0.06420795060387594,0.37691012583408723,20.4617253917471,28.46638761751263,0.0861729769722332,6.768425766794612,0.8808836052711148,660.9872459493296,612.9558594107949,345.5769378594601,9567.373031727273,3,0,0,0
SYN_001,synthetic,synthetic_track_1,DRV_01,20.200000000000003,1,32.27117614518131,3.2772300122849174,0.7164317014753254,0.6976572346942087,0.12711293191333262,0.42877917020726736,0.0,0.375,0.0,-0.09179877368067973,0.3540049008892742,20.4617253917471,28.46638761751263,0.08631412612942117,6.768425766794612,0.8806199504129592,667.4414811783658,607.8104089229045,348.96924356977536,9856.690955160888,3,0,0,0
SYN_001,synthetic,synthetic_track_1,DRV_01,20.400000000000002,1,32.90352514479549,3.161744998070901,0.7218506681377034,0.6920488515337275,0.1283541309958396,0.430235265404169,0.009737287016507255,0.375,0.0,-0.05783582734432875,0.3370748424822056,20.4617253917471,28.46638761751263,0.0864531855066783,6.768425766794612,0.8803523343667659,674.0221862073249,604.412113690903,351.34290420294394,10004.343641250412,3,0,0,0
SYN_001,synthetic,synthetic_track_1,DRV_01,20.6,1,33.64297447882228,3.6972466701339712,0.7273306152893926,0.6862872402010354,0.12961965119371632,0.4801647952982433,0.0043772102946379775,0.375,0.0,-0.08121381162231477,0.3097320935078519,20.4617253917471,28.46638761751263,0.08659015125195318,6.768425766794612,0.8800809199671698,680.7507811030894,599.3543610697305,355.0685222816194,9716.672848622717,3,0,0,0
SYN_001,synthetic,synthetic_track_1,DRV_01,20.8,1,34.50211415190944,4.295698365435783,0.7328861640308771,0.6803512846846886,0.1309136117505941,0.531635222751529,0.00618228984734438,0.375,0.0,-0.07412013381161708,0.2806830093417358,20.4617253917471,28.46638761751263,0.08672501957118961,6.768425766794612,0.8798049586500472,687.6512039334713,594.3340688797338,358.9878200711661,10263.753166084542,3,0,0,0
SYN_001,synthetic,synthetic_track_1,DRV_01,21.0,1,35.48823313564752,4.930594918690403,0.7385332664395625,0.6742170380241886,0.13224061614105218,0.5609083299539736,0.003855623436637504,0.375,0.0,-0.04529596851158156,0.2606961613556198,20.4617253917471,28.46638761751263,0.08685778672843168,6.768425766794612,0.879523613703811,694.7488505606008,591.0023017781887,361.7054026946382,10009.838237302003,3,0,0,0
SYN_001,synthetic,synthetic_track_1,DRV_01,21.200000000000003,1,36.65057493345959,5.811708989060342,0.7442882030937713,0.6678585709081265,0.13360554818473092,0.6337041782579727,0.0,0.375,0.0,-0.061610145653594954,0.23022202126660377,20.4617253917471,28.46638761751263,0.0869884490459273,6.768425766794612,0.879235997376613,702.0789655472927,586.0186478646228,365.9338891126715,10339.437558691567,3,0,0,0
SYN_001,synthetic,synthetic_track_1,DRV_01,21.400000000000002,1,37.92714673414292,6.382859003416677,0.7501741649271703,0.6612402908745223,0.13501518568217166,0.7058352739079792,0.0032244256390155167,0.375,0.0,-0.05393252870203745,0.19960510264404818,20.4617253917471,28.46638761751263,0.08711700290423004,6.768425766794612,0.8789408771945878,709.6643948941213,581.0413886091148,370.33820956004695,10016.513712073836,3,0,0,0
SYN_001,synthetic,synthetic_track_1,DRV_01,21.6,1,39.4510016213294,7.619274435932368,0.7562031757936062,0.6543368833557103,0.13647392209502332,0.7970385440188112,0.0032067372281166734,0.5,0.0,-0.04627400652082509,0.16926373144181645,20.4617253917471,28.46638761751263,0.0872434447422994,6.768425766794612,0.878637454616028,717.5545952183871,576.0588530294053,374.91001784316956,11538.15326820873,4,0,0,0
SYN_001,synthetic,synthetic_track_1,DRV_01,21.8,1,41.38040040117353,9.646993899220675,0.762407010550175,0.6470977903407996,0.1379912683112283,0.8996716710503764,0.002808158139668772,0.5,0.0,-0.03872779755324456,0.1395237610808344,20.4617253917471,28.46638761751263,0.0873677710575995,6.768425766794612,0.8783239997100887,725.8306752986218,571.0594698404956,379.6401231924077,11276.937398951595,4,0,0,0
SYN_001,synthetic,synthetic_track_1,DRV_01,22.0,1,43.42359701776949,10.215983082979783,0.7688397783728428,0.639441471279114,0.1395828221728119,1.0,0.0,0.5,0.0,-0.031364877938648096,0.11062709397251573,20.4617253917471,28.46638761751263,0.08748997840619603,6.768425766794612,0.8779976747027016,734.5153947021757,566.0318369784931,384.5185331808021,11633.721564886135,4,0,0,0
SYN_001,synthetic,synthetic_track_1,DRV_01,22.200000000000003,1,45.392710613256085,9.845567977432985,0.7755074871430264,0.6313383699610763,0.14125296051964917,1.0,0.0,0.5,0.0,-0.030777135589008273,0.0736939391672871,20.4617253917471,28.46638761751263,0.08761006340285168,6.768425766794612,0.8776576840245804,743.593936824827,559.2651268714001,391.2350978996693,11893.15489088349,4,0,0,0
SYN_001,synthetic,synthetic_track_1,DRV_01,22.400000000000002,1,47.53934622406983,10.73317805406873,0.7823862479101312,0.6227935123948439,0.14299883400477442,1.0,0.0,0.5,1.0,-0.01515492908677412,0.047321854579416386,20.4617253917471,28.46638761751263,0.08772802272111996,6.768425766794612,0.8773045472548071,753.1018060696409,554.1286888507022,396.4165472206458,12036.82291878953,4,0,0,0
SYN_001,synthetic,synthetic_track_1,DRV_01,22.6,1,49.66558805670957,10.631209163198712,0.7894893639790059,0.6137642415162557,0.14482727039800788,1.0,0.0,0.5,1.0,-0.010195797662731425,0.014022127676661597,20.4617253917471,28.46638761751263,0.08784385309343723,6.768425766794612,0.8769370227195434,763.0349236809828,547.1785337309537,403.49378910134584,12023.690389750456,4,0,0,0
SYN_001,synthetic,synthetic_track_1,DRV_01,22.8,1,51.66292510205517,9.986685226727978,0.7967988656594197,0.6042446256971277,0.14673748532326594,0.9862793806274865,0.013720619372513444,0.625,1.0,0.0005869613545329679,0.017129950857258068,20.4617253917471,28.46638761751263,0.08795755131121334,6.768425766794612,0.8765552541378138,773.3675087013938,540.091010805981,410.735495867975,13337.719817882384,5,0,0,0
SYN_001,synthetic,synthetic_track_1,DRV_01,23.0,1,53.60842243985635,9.727486689005893,0.8042805121927057,0.5942498276878496,0.1487245209041142,0.993894438017134,0.006105561982866095,0.625,1.0,0.010656595529569114,0.046177275218518776,20.4617253917471,28.46638761751263,0.08806911422492045,6.768425766794612,0.8761601447879872,784.0891931893651,532.8444376532949,418.1093823178322,13379.48499436555,5,0,0,0
SYN_001,synthetic,synthetic_track_1,DRV_01,23.200000000000003,1,54.75342739003896,5.72502475091305,0.8119113493973396,0.5837807471301115,0.15078638330564714,0.7673407144280665,0.0031859286513450207,0.625,0.0,0.02003500332937971,0.07320327218462813,20.4617253917471,28.46638761751263,0.08817853874418026,6.768425766794612,0.8757520584751303,795.0398786673729,525.4189715029986,425.5818794323835,13318.063946314242,5,0,0,0
SYN_001,synthetic,synthetic_track_1,DRV_01,23.400000000000002,1,54.92757311878442,0.8707286437273254,0.8195645010281429,0.5729869358497549,0.15289228435911018,0.4572997351648231,0.0,0.625,0.0,0.037230893735711805,0.104301171400847,20.4617253917471,28.46638761751263,0.08828582183784965,6.768425766794612,0.8753365995552991,806.0253932911298,515.8586337999766,435.0084337813902,13451.00599921704,5,0,0,0
SYN_001,synthetic,synthetic_track_1,DRV_01,23.6,1,54.011011373443196,-4.5828087267061335,0.8270978201980438,0.5620580004088941,0.15500488332521728,0.28910983293841125,0.1650514279093742,0.625,0.0,0.03877985814884818,0.12716367062777761,20.4617253917471,28.46638761751263,0.08839096053410465,6.768425766794612,0.8749205649345912,816.8275955658185,507.968861202349,442.5753504794046,13528.284457922988,5,0,0,0
SYN_001,synthetic,synthetic_track_1,DRV_01,23.8,1,52.131285543800786,-9.398629148212052,0.8343633388313855,0.5512148572146278,0.15708222991650356,0.17852744541169216,0.30673989237597415,0.625,0.0,0.046145703194438385,0.14834542285965982,20.4617253917471,28.46638761751263,0.08849395192052271,6.768425766794612,0.8745115904390517,827.2538526745786,499.85049336039964,450.126375200698,13401.723116972478,5,0,0,0
SYN_001,synthetic,synthetic_track_1,DRV_01,24.0,1,50.132335705542374,-9.994749191292058,0.8412412026125955,0.540660003169195,0.15908727936049588,0.15799767686933258,0.336078507821293,0.625,0.0,0.05296474204259012,0.1679371672311808,20.4617253917471,28.46638761751263,0.08859479314416341,6.768425766794612,0.8741164190731529,837.2803198156871,491.49327875758536,457.6257155237758,13253.0519683251,5,0,0,0
SYN_001,synthetic,synthetic_track_1,DRV_01,24.200000000000003,1,48.09490268146094,-10.187165120407187,0.8477294186406018,0.5304289139661104,0.16101544611840138,0.1537440392233962,0.34124378543237904,0.5,0.0,0.05926501954974424,0.18601543772195922,20.4617253917471,28.46638761751263,0.08869348141164753,6.768425766794612,0.8737358862429688,846.8993003519793,482.8894955798109,465.0378402706375,11933.196740706011,4,0,0,0
SYN_001,synthetic,synthetic_track_1,DRV_01,24.400000000000002,1,46.27346195442293,-9.107203635190046,0.8538370176407297,0.5205404377244713,0.16286525006768832,0.17415880728618424,0.3162930405012574,0.5,0.0,0.06506959366158441,0.20264143600153303,20.4617253917471,28.46638761751263,0.08879001398923433,6.768425766794612,0.8733702621509225,856.1539927428638,474.0339977011693,472.32777745602004,11873.65503496042,4,0,0,0
SYN_001,synthetic,synthetic_track_1,DRV_01,24.6,1,44.61518034959756,-8.291408024126845,0.8596044497066839,0.5109600669763432,0.16464499860439688,0.1794995077521957,0.30568653295223347,0.5,0.0,0.07039637497371477,0.21786112007472927,20.4617253917471,28.46638761751263,0.08888438820289739,6.768425766794612,0.8730180356531426,865.0770288127833,464.9242322097481,479.4614070434237,11730.032750131813,4,0,0,0
SYN_001,synthetic,synthetic_track_1,DRV_01,24.8,1,43.37646903631422,-6.193556566416696,0.8650634232639592,0.5016625097920315,0.1663609670793814,0.22477522944378722,0.2499354738174737,0.5,0.0,0.056012991344747375,0.22837253079671876,20.4617253917471,28.46638761751263,0.08897660143839858,6.768425766794612,0.8726780654200451,873.7523226200461,457.9249665524861,484.6891604094941,11483.345917520526,4,0,0,0
SYN_001,synthetic,synthetic_track_1,DRV_01,25.0,1,42.12925981855051,-6.236046088818554,0.8702744274632302,0.4925671740012187,0.16802929281154733,0.22584222230230477,0.24689266827263356,0.5,0.0,0.07860491336473634,0.24119959786147713,20.4617253917471,28.46638761751263,0.08906665114136054,6.768425766794612,0.8723474152259023,882.1781745837562,448.37183613178803,491.47072528399724,11534.542541357827,4,0,0,0
SYN_001,synthetic,synthetic_track_1,DRV_01,25.200000000000003,1,41.107169146900524,-5.11045335824992,0.8752440634456274,0.48368153717418905,0.16964964895841467,0.2473044070885166,0.21755813824376186,0.5,0.0,0.06164683323409692,0.24993454076363564,20.4617253917471,28.46638761751263,0.08915453481733744,6.768425766794612,0.8720261453043795,890.3996084131363,441.04383542056763,496.3987222713778,11732.680041486667,4,0,0,0
SYN_001,synthetic,synthetic_track_1,DRV_01,25.400000000000002,1,40.20360264665917,-4.517832501206769,0.8800056900064067,0.47496314126082245,0.17123069392560314,0.25807569879100917,0.20100920468156006,0.5,0.0,0.0637439061632186,0.25791195557722607,20.4617253917471,28.46638761751263,0.08924025003188403,6.768425766794612,0.8717126805559872,898.4403289424681,433.5789940645568,501.1776128575454,11395.087411194187,4,0,0,0
SYN_001,synthetic,synthetic_track_1,DRV_01,25.6,1,39.528706471452885,-3.374480876031427,0.8845786559654917,0.4663910391616506,0.17277698633509003,0.2748516842418633,0.17906099205545206,0.5,0.0,0.06565075027116722,0.26513046582207367,20.4617253917471,28.46638761751263,0.08932379441062313,6.768425766794612,0.8714061920238387,906.3460702367587,425.9808174344495,505.7959181611647,11582.549253494291,4,0,0,0
SYN_001,synthetic,synthetic_track_1,DRV_01,25.8,1,39.08228239610253,-2.232120376751787,0.8889934508217789,0.45791991046031766,0.17429732119937666,0.2970447025136713,0.1540435319241174,0.5,0.0,0.06736678088707926,0.27158690379056244,20.4617253917471,28.46638761751263,0.08940516563931133,6.768425766794612,0.8711050797099321,914.1625267159792,418.2535186787739,510.2428573468274,11254.819289998843,4,0,0,0
SYN_001,synthetic,synthetic_track_1,DRV_01,26.0,1,38.40019174346169,-3.4104532632041895,0.8932786359410605,0.44950336880971026,0.17580048590691907,0.2829012266165225,0.16960655226114146,0.375,0.0,0.09216011884491701,0.2790023357585239,20.4617253917471,28.46638761751263,0.08948436146390322,6.768425766794612,0.8708077449857818,921.8425650646716,407.75813568922047,515.8883117996477,10156.04339633032,3,0,0,0
SYN_001,synthetic,synthetic_track_1,DRV_01,26.200000000000003,1,37.84022415430437,-2.799837945786585,0.897411427732415,0.44119466154438963,0.17727741635859068,0.2942624827162512,0.15305041501154934,0.375,0.0,0.07062295785679061,0.28366240884896526,20.4617253917471,28.46638761751263,0.08956137969061367,6.768425766794612,0.8705158381755645,929.4106098955325,399.74964889242426,519.8977547278361,10070.27486090807,3,0,0,0
SYN_001,synthetic,synthetic_track_1,DRV_01,26.400000000000002,1,37.414487830575126,-2.128681618646233,0.9014083570708114,0.432969945611587,0.17873280959529472,0.30994451554639946,0.133117344774924,0.375,0.0,0.07169489391592022,0.287544001267954,20.4617253917471,28.46638761751263,0.08963621818597875,6.768425766794612,0.8702285050578749,936.8935074616476,391.6307287083223,523.7055423860727,10383.524561632155,3,0,0,0
SYN_001,synthetic,synthetic_track_1,DRV_01,26.6,1,37.22939827651286,-0.9254477703113295,0.9052862088909276,0.42480216570998297,0.18017182835800916,0.31740494980067047,0.12161566073728572,0.375,0.0,0.0482953844131933,0.28969687765985647,20.4617253917471,28.46638761751263,0.08970887487691472,6.768425766794612,0.86994480663578,944.3393871169501,386.1601195602604,526.1284265219292,10138.661686799745,3,0,0,0
SYN_001,synthetic,synthetic_track_1,DRV_01,26.8,1,36.925941100375525,-1.5172858806866785,0.9090714182716967,0.4166403202781578,0.18160372829172117,0.3234692628279892,0.11551904984190992,0.375,0.0,0.07304540381005821,0.29227092557399736,20.4617253917471,28.46638761751263,0.08977934775077549,6.768425766794612,0.8696630589856863,951.7245753370252,377.8725799295443,529.5844947885204,10507.282687987383,3,0,0,0
SYN_001,synthetic,synthetic_track_1,DRV_01,27.0,1,36.80350364131056,-0.6121872953248086,0.912753088959748,0.40851168721890724,0.18302395679558175,0.33763736553562046,0.09873336936934322,0.375,0.0,0.07359244809022059,0.29405599635331364,20.4617253917471,28.46638761751263,0.08984763485540843,6.768425766794612,0.8693840912665937,959.0852760652873,369.4938913338202,532.8216615868838,9949.803277904864,3,0,0,0
SYN_001,synthetic,synthetic_track_1,DRV_01,27.200000000000003,1,36.606148355366884,-0.9867764297183967,0.9163502315754999,0.4003776381012402,0.1844394761664014,0.3342438210180937,0.10143161515763792,0.375,0.0,0.07394123822693406,0.2950503820448889,20.4617253917471,28.46638761751263,0.08991373429920836,6.768425766794612,0.8691066369079645,966.4065057363607,361.0320663852294,535.835190289664,10442.623590524054,3,0,0,0
SYN_001,synthetic,synthetic_track_1,DRV_01,27.400000000000002,1,36.55363394504539,-0.26257205160746366,0.919856182044238,0.3922557894473931,0.18584740494930013,0.3456596945085055,0.08741330991765996,0.375,0.0,0.07409154015410128,0.29525395820086353,20.4617253917471,28.46638761751263,0.08997764425116994,6.768425766794612,0.8688312208838885,973.7172325253698,352.495458782338,538.6213211017092,9737.438587043433,3,0,0,0
SYN_001,synthetic,synthetic_track_1,DRV_01,27.6,1,36.481465915212034,-0.3608401491667834,0.9232852735354445,0.384114961531804,0.1872533139471865,0.338477107436366,0.09338748896920335,0.375,0.0,0.07404353435245259,0.29466830323017407,20.4617253917471,28.46638761751263,0.09003936294093852,6.768425766794612,0.8685568298393426,981.0135257084122,343.8927060595413,541.177285295241,10389.61434899895,3,0,0,0
SYN_001,synthetic,synthetic_track_1,DRV_01,27.8,1,36.46694174547911,-0.07262084866461294,0.9266357627823253,0.37596032122129347,0.18865644725161773,0.3579434077133732,0.07163788455239095,0.375,0.0,0.07379783513338727,0.2932967329173658,20.4617253917471,28.46638761751263,0.09009888865885902,6.768425766794612,0.8682836018625599,988.306914057508,335.23267091299607,543.5013145062932,10224.630628682466,3,0,0,0
SYN_001,synthetic,synthetic_track_1,DRV_01,28.0,1,36.503346162328214,0.18202208424551003,0.9299129393762378,0.3677797237214764,0.19005902193413615,0.3639955375214063,0.06338016081731467,0.375,0.0,0.07335548886849717,0.2911442526103516,20.4617253917471,28.46638761751263,0.09015621975602342,6.768425766794612,0.8680111339411923,995.6075832899737,326.52438146337204,545.5926450525809,10171.294687784151,3,0,0,0
SYN_001,synthetic,synthetic_track_1,DRV_01,28.200000000000003,1,36.62035059260886,0.5850221514032228,0.9331210603094721,0.3595623545463659,0.19146299678653342,0.3662480382038577,0.058886289207698984,0.375,0.0,0.07271795217908611,0.2882174326903932,20.4617253917471,28.46638761751263,0.09021135464431633,6.768425766794612,0.8677390700515681,1002.9316534084954,317.7769708204621,547.4515172583846,9846.93365454736,3,0,0,0
SYN_001,synthetic,synthetic_track_1,DRV_01,28.400000000000002,1,36.75709467336489,0.683720403780157,0.9362665016343522,0.35129053206337857,0.19287147180932604,0.36818628964905,0.05509705940569315,0.375,0.0,0.07188705188409096,0.28452421593070576,20.4617253917471,28.46638761751263,0.09026429179645905,6.768425766794612,0.8674668464517771,1010.2830723431684,308.999616317362,549.0791697975357,10162.558120950122,3,0,0,0
SYN_001,synthetic,synthetic_track_1,DRV_01,28.6,1,36.89682081071425,0.6986306867468173,0.9393499513915933,0.3429601563164609,0.19428520621984008,0.3690532981647973,0.053463195819804195,0.375,0.0,0.04736856312718634,0.2816407346546594,20.4617253917471,28.46638761751263,0.09031502974605188,6.768425766794612,0.8671943254041856,1017.6624365053113,303.13593754063805,550.0368753740105,10191.14622187397,3,0,0,0
SYN_001,synthetic,synthetic_track_1,DRV_01,28.8,1,37.158313639428165,1.307464143569561,0.9423705815631512,0.3345708998169568,0.19570431471255986,0.3839243568316119,0.03565672375490198,0.375,0.0,0.07007845041961576,0.2766907583882195,20.4617253917471,28.46638761751263,0.09036356708761467,6.768425766794612,0.8669214864560418,1025.094099233197,294.32899852227314,551.2845903159681,10141.55357945659,3,0,0,0
SYN_001,synthetic,synthetic_track_1,DRV_01,29.0,1,37.38812020316801,1.1490328186992116,0.9453368983645032,0.32609530599286596,0.19713348062176866,0.38785494845982615,0.029712338986731267,0.375,0.0,0.0687430150493847,0.2710002459972051,20.4617253917471,28.46638761751263,0.09040990247662586,6.768425766794612,0.8666474776438625,1032.5717232738307,285.5163443378024,552.3091734721562,10316.094136106682,3,0,0,0
SYN_001,synthetic,synthetic_track_1,DRV_01,29.200000000000003,1,37.77766030224459,1.947700495382918,0.9482446243604847,0.31754075702410745,0.19857148524496743,0.39762343410456236,0.01650095620619081,0.375,0.0,0.06722305652882257,0.2645797545405147,20.4617253917471,28.46638761751263,0.0904540346295596,6.768425766794612,0.8663725211565602,1040.1272553342797,276.706799135932,553.1153965674029,10428.480095012901,3,0,0,0
SYN_001,synthetic,synthetic_track_1,DRV_01,29.400000000000002,1,38.05078852319859,1.365641104769999,0.9511040205061754,0.30887075319134494,0.20002447217966918,0.3920324986809598,0.020032101627476873,0.375,0.0,0.06552122681948096,0.2574397948514329,20.4617253917471,28.46638761751263,0.09049596232392142,6.768425766794612,0.8660954992261359,1047.7374130389194,267.9089540955298,553.7089391525446,10322.585946166142,3,0,0,0
SYN_001,synthetic,synthetic_track_1,DRV_01,29.6,1,38.56490292257998,2.5705719969069563,0.9539039575828819,0.30011204525595997,0.20148796404594604,0.4184391690387054,4.2908159393149236e-05,0.375,0.0,0.0636401260105927,0.24959051574071695,20.4617253917471,28.46638761751263,0.09053568439828201,6.768425766794612,0.8658172270841654,1055.4503936234353,259.1311116428351,554.0963561374047,10223.535816436659,3,0,0,0
SYN_001,synthetic,synthetic_track_1,DRV_01,29.8,1,39.13256078935203,2.8382893338602244,0.9566594252867422,0.2912091070176895,0.2029712295429683,0.42983704822290225,0.0,0.5,0.0,0.06158222689385015,0.24104142229450068,20.4617253917471,28.46638761751263,0.09057319975230944,6.768425766794612,0.865536018157499,1063.2769057813057,250.38123170400715,554.285041049005,11530.733264219158,4,0,0,0
SYN_001,synthetic,synthetic_track_1,DRV_01,30.0,1,39.571602798025935,2.195210043369542,0.959370516897098,0.2821492713238777,0.20447632803486648,0.43303356520909164,0.001572558224861222,0.5,0.0,0.05934981030092008,0.23180114584602368,20.4617253917471,28.46638761751263,0.09060850734679964,6.768425766794612,0.8652514979536265,1071.1912263409108,241.6668803127226,554.283185209858,11610.61669931837,4,0,0,0
SYN_001,synthetic,synthetic_track_1,DRV_01,30.200000000000003,1,40.19739488840527,3.128960451896674,0.9620247778989616,0.2729621342026283,0.20599831275786745,0.46075240685210306,0.0,0.5,0.0,0.05694491563019463,0.2218772833237235,20.4617253917471,28.46638761751263,0.09064160620370516,6.768425766794612,0.8649645670769687,1079.2307053185918,232.99518087788707,554.0997330518737,11354.495030820191,4,0,0,0
SYN_001,synthetic,synthetic_track_1,DRV_01,30.400000000000002,1,40.899171323926865,3.5088821776079726,0.9646309388536624,0.2636041574146773,0.20754436640742152,0.4882397913843432,0.0,0.5,0.0,0.0718907725352559,0.20759316879167522,20.4617253917471,28.46638761751263,0.09067249540616226,6.768425766794612,0.8646739185520128,1087.4105395833772,221.5106546475999,553.5894197913361,11839.033060659081,4,0,0,0
SYN_001,synthetic,synthetic_track_1,DRV_01,30.6,1,41.54933101911734,3.2507984759523723,0.9671891735483235,0.254057282066291,0.20911741145834176,0.49765217684605795,0.005282145497674758,0.5,0.0,0.05067216247139905,0.1960976668706271,20.4617253917471,28.46638761751263,0.09070117409851634,6.768425766794612,0.864379020745039,1095.7204057872007,212.96335579481686,553.0208886395186,11735.215485448449,4,0,0,0
SYN_001,synthetic,synthetic_track_1,DRV_01,30.8,1,42.266357710776134,3.5851334582939742,0.969691327226436,0.2443332353607119,0.21071546265138474,0.5305162942012156,0.0,0.5,0.0,0.04770360201419052,0.18393631359293305,20.4617253917471,28.46638761751263,0.09072764148634563,6.768425766794612,0.8640802352115564,1104.173677329356,204.47869363692524,552.3053699768085,11721.944182505255,4,0,0,0
SYN_001,synthetic,synthetic_track_1,DRV_01,31.0,1,43.114200018284606,4.23921153754236,0.9721363523032269,0.23441610979319732,0.21234109179410693,0.5649107994737764,0.0,0.5,0.0,0.04456841791725057,0.17111286847799836,20.4617253917471,28.46638761751263,0.09075189683648317,6.768425766794612,0.8637770941025397,1112.7965173330128,196.06138766717447,551.4544721091829,11741.94828808089,4,0,0,0
SYN_001,synthetic,synthetic_track_1,DRV_01,31.200000000000003,1,44.14831432244277,5.17057152079083,0.9745259290188958,0.22427486187680085,0.21399933025634862,0.6194420805613647,0.0015597611395800248,0.5,0.0,0.054261367998162696,0.15299167793357848,20.4617253917471,28.46638761751263,0.09077393947703719,6.768425766794612,0.8634686819102455,1121.6261801975013,184.9500325955379,550.1302689650946,11607.515837890498,4,0,0,0
SYN_001,synthetic,synthetic_track_1,DRV_01,31.400000000000002,1,45.194444403119405,5.230650403383166,0.9768631925745327,0.2138651514227866,0.21569734234567334,0.655399322175272,0.0035410096803291085,0.5,0.0,0.036610448035239655,0.13863955954362128,20.4617253917471,28.46638761751263,0.0907937687974096,6.768425766794612,0.8631536949138767,1130.6650690781253,176.7045647767205,549.0110954589651,11995.850611188922,4,0,0,0
SYN_001,synthetic,synthetic_track_1,DRV_01,31.6,1,46.36313496169004,5.8434527928531566,0.9791406626876674,0.20318356890151218,0.21743559020733177,0.7341874152993008,0.009027797460145974,0.5,0.0,0.0430570760612777,0.11850198186813189,20.4617253917471,28.46638761751263,0.09081138424831303,6.768425766794612,0.8628320491677838,1139.9376960704633,165.83270154678192,547.3753426415884,11546.812641117604,4,0,0,0
SYN_001,synthetic,synthetic_track_1,DRV_01,31.8,1,47.75128694482253,6.9407599156624755,0.9813556596478391,0.19220059645369095,0.21921878770585831,0.8058803845999567,0.0,0.5,0.0,0.027767568988645852,0.10266213980227637,20.4617253917471,28.46638761751263,0.09082678534178597,6.768425766794612,0.8625028868950102,1149.487953459428,157.772492187583,546.0579576852188,11934.614631610239,4,0,0,0
SYN_001,synthetic,synthetic_track_1,DRV_01,32.0,1,49.46873119545997,8.58722125318721,0.9835081933965415,0.18086357710128123,0.22105537566527458,0.9289048394958087,0.0,0.5,0.0,0.030693126231418066,0.08059301243258135,20.4617253917471,28.46638761751263,0.09083997165120633,6.768425766794612,0.8621646719935702,1159.38169969852,147.1519519902518,544.2060712580603,12157.098291798704,4,0,0,0
SYN_001,synthetic,synthetic_track_1,DRV_01,32.2,1,51.52194817932597,10.26608491932997,0.985600027103051,0.1690934255802553,0.2229580191727923,0.9981952648429278,0.0018047351570722964,0.625,1.0,0.023134322588430005,0.057497065201215676,20.4617253917471,28.46638761751263,0.09085094281130322,6.768425766794612,0.861815099527173,1169.686089334385,136.67557976097507,542.2744070163916,13434.44968377883,5,0,0,0
SYN_001,synthetic,synthetic_track_1,DRV_01,32.4,1,53.48410837212081,9.810800963974202,0.9876289339890717,0.1568090837534927,0.22493963256430483,0.9958282695391689,0.004171730460831069,0.625,1.0,0.015246517156704737,0.033468487091924196,20.4617253917471,28.46638761751263,0.0908596985181671,6.768425766794612,0.8614518191778585,1180.3829110088093,126.3408786960233,540.2948091493697,13664.34085577754,5,0,0,0
SYN_001,synthetic,synthetic_track_1,DRV_01,32.6,1,55.38923313422436,9.525623810517772,0.9895731447546267,0.14403121599305696,0.22699671365554025,1.0,0.0,0.625,1.0,0.007068046274415362,0.008644281073208948,20.4617253917471,28.46638761751263,0.09086623852925814,6.768425766794612,0.8610754684159264,1191.460757635654,116.14306028854007,538.2988150400347,13718.311404735432,5,0,0,0
SYN_001,synthetic,synthetic_track_1,DRV_01,32.800000000000004,1,57.285522009881056,9.48144437828347,0.9914123556559487,0.13077286053582649,0.22912706877608732,0.9934607850480859,0.006539214951914104,0.625,1.0,-0.003018903059185766,0.02320786336908734,20.4617253917471,28.46638761751263,0.09087056266341303,6.768425766794612,0.8606864465437403,1202.9178620376304,103.57736733354092,535.8278341165286,13907.896721813653,5,0,0,0
SYN_001,synthetic,synthetic_track_1,DRV_01,33.0,1,58.43362110824026,5.740495491796018,0.9931276755599012,0.1170359775324985,0.2313303580841597,0.8070291145322491,0.0,0.625,0.0,-0.012081363870015188,0.04902436108683636,20.4617253917471,28.46638761751263,0.09087267080084997,6.768425766794612,0.86028481544844,1214.6045862592784,93.65856549306443,533.9067590858338,13760.559565950682,5,0,0,0
SYN_001,synthetic,synthetic_track_1,DRV_01,33.2,1,58.4881244440504,0.2725166790506961,0.9946812841322523,0.10300069415792067,0.23357780504986125,0.43661426833427425,0.0,0.625,0.0,-0.027241249829224046,0.08114065958094421,20.4617253917471,28.46638761751263,0.0908725628831719,6.768425766794612,0.8598758124759858,1226.3022111480884,81.40800977343451,531.6220047592071,13844.130665578457,5,0,0,0
SYN_001,synthetic,synthetic_track_1,DRV_01,33.4,1,56.91223699932958,-7.8794372236041,0.9960377218286512,0.08893175301539058,0.23582734829770932,0.23026014099775508,0.24140546889794554,0.625,0.0,-0.031366735664054936,0.10617671740593075,20.4617253917471,28.46638761751263,0.09087023891336823,6.768425766794612,0.8594670927958186,1237.6846585479543,71.70904272389468,529.9203515627842,13588.380711758098,5,0,0,0
SYN_001,synthetic,synthetic_track_1,DRV_01,33.6,1,54.133970614652206,-13.891331923386865,0.9971666004736923,0.07522480242406604,0.2380162804899912,0.08484949900966679,0.4311336890338529,0.625,0.0,-0.050692863126101786,0.13579724851937577,20.4617253917471,28.46638761751263,0.09086569895581471,6.768425766794612,0.8590700691240893,1248.5114526708849,59.686312321505476,527.9920423544069,13189.596933892923,5,0,0,0
SYN_001,synthetic,synthetic_track_1,DRV_01,33.800000000000004,1,51.59967937815206,-12.671456182500727,0.9980653418066735,0.06217373629055923,0.24009835628286247,0.09316179493888002,0.42391767454230467,0.625,0.0,-0.04912946223183636,0.1574442289655473,20.4617253917471,28.46638761751263,0.09085894313627164,6.768425766794612,0.8586931580756496,1258.8313885465152,50.12762731318172,526.6362148212422,13610.538369404538,5,0,0,0
SYN_001,synthetic,synthetic_track_1,DRV_01,34.0,1,49.09474084349889,-12.524692673265854,0.9987630107208104,0.049723720857377,0.24208295933586832,0.09137948682046684,0.42155941438236105,0.5,0.0,-0.05597694594815146,0.17661135317402973,20.4617253917471,28.46638761751263,0.09084997164188043,6.768425766794612,0.8583346517683199,1268.650336715215,40.60142785578158,525.468664301056,12347.137297813668,4,0,0,0
SYN_001,synthetic,synthetic_track_1,DRV_01,34.2,1,46.97461705798345,-10.600618927577194,0.9992826404506482,0.03787089243707747,0.2439712185990798,0.133212767443521,0.36813159392788886,0.5,0.0,-0.061895004342960025,0.19271153395451132,20.4617253917471,28.46638761751263,0.0908387847211583,6.768425766794612,0.8579943446586321,1278.0452601268116,31.08775052179353,524.5073895233326,11591.929359624082,4,0,0,0
SYN_001,synthetic,synthetic_track_1,DRV_01,34.4,1,45.22227821620954,-8.761694208869564,0.9996481527376627,0.026524907694063123,0.24577793463977146,0.17645837766804684,0.31192488855493394,0.5,0.0,-0.06669733101732048,0.2052277362430184,20.4617253917471,28.46638761751263,0.09082538268399161,6.768425766794612,0.8576695429503762,1287.0897157700535,21.56580824644521,523.7678736084561,11875.382387277692,4,0,0,0
SYN_001,synthetic,synthetic_track_1,DRV_01,34.6,1,43.92077260056335,-6.507528078230926,0.999878329342719,0.015598926591692593,0.2475172530327026,0.21475894755992822,0.25718385899543594,0.5,0.0,-0.05241494292669908,0.21201789404420832,20.4617253917471,28.46638761751263,0.09080976590162701,6.768425766794612,0.8573576720375721,1295.8738702901662,14.406086651562505,523.3665945972772,11939.262500613422,4,0,0,0
SYN_001,synthetic,synthetic_track_1,DRV_01,34.800000000000004,1,42.92043948553292,-5.001665575152181,0.9999875718093423,0.0049856019551905275,0.24920651351733966,0.25516319502764984,0.20487511936442127,0.5,0.0,-0.07197818560930418,0.21740069568036746,20.4617253917471,28.46638761751263,0.09079193480666138,6.768425766794612,0.8570555759578579,1304.4579581872729,4.818044785731482,523.0444190030685,11301.744418900644,4,0,0,0
SYN_001,synthetic,synthetic_track_1,DRV_01,35.0,1,42.32462644736133,-2.9790651908579235,0.9999854924530334,-0.005386546524841257,0.25085729965139864,0.2976956826243433,0.1492036794514784,0.5,0.0,-0.054774677369892916,0.2186310323043882,20.4617253917471,28.46638761751263,0.0907718898930297,6.768425766794612,0.8567611463555486,1312.9228834767453,-2.4162197168627757,522.9668130138598,11371.917224855837,4,0,0,0
SYN_001,synthetic,synthetic_track_1,DRV_01,35.2,1,42.07435073869964,-1.2513785433084479,0.9998780917529864,-0.015614148468827414,0.2524851698993741,0.3365839363966813,0.09879851507420531,0.5,0.0,-0.07294449764660611,0.2165866291560408,20.4617253917471,28.46638761751263,0.0907496317159915,6.768425766794612,0.8564715514235286,1321.3377536244852,-12.136970261858735,523.0864632497943,11441.200325459335,4,0,0,0
SYN_001,synthetic,synthetic_track_1,DRV_01,35.4,1,42.0878140227722,0.06731642036278629,0.9996676494601912,-0.02577965520980332,0.25410341415855486,0.35840537911435905,0.06767830555049718,0.5,0.0,-0.05388707534270922,0.2124183268079675,20.4617253917471,28.46638761751263,0.09072516089211531,6.768425766794612,0.8561843722155206,1329.7553164290396,-19.495559117732693,523.3451867486542,11744.236561356132,4,0,0,0
SYN_001,synthetic,synthetic_track_1,DRV_01,35.6,1,42.31852493868949,1.1535545795864621,0.9993537427671262,-0.035945748251171174,0.25572217623635374,0.38624326752507804,0.0314143303617469,0.5,0.0,-0.05257463758856125,0.2061644723362037,20.4617253917471,28.46638761751263,0.09069847809926176,6.768425766794612,0.8558977623552172,1338.2190214167774,-26.922306102352245,523.7490666349205,11441.739968865204,4,0,0,0
SYN_001,synthetic,synthetic_track_1,DRV_01,35.800000000000004,1,42.77415845432649,2.278167578184984,0.9989338826861565,-0.046163817233416074,0.25734981181091876,0.4258223655740897,0.0,0.5,0.0,-0.06720311701862898,0.1949342054876158,20.4617253917471,28.46638761751263,0.09066958407656465,6.768425766794612,0.8556102008874554,1346.7738531076427,-36.94550661626865,524.5120286152573,11595.749728001452,4,0,0,0
SYN_001,synthetic,synthetic_track_1,DRV_01,36.0,1,43.266424532793685,2.461330392335981,0.9984033352243448,-0.05648699153703103,0.25899497175146974,0.45501775807610584,0.0,0.5,0.0,-0.047666756643956656,0.18464664537029823,20.4617253917471,28.46638761751263,0.0906384796244106,6.768425766794612,0.8553201131139215,1355.4271380142015,-44.56427185695034,525.2503255443265,11804.085322031291,4,0,0,0
SYN_001,synthetic,synthetic_track_1,DRV_01,36.2,1,43.762703570829984,2.4813951901814946,0.9977581547772965,-0.06692282551868547,0.26065906500273106,0.49003774454713345,0.0,0.5,0.0,-0.04491291316108197,0.1730397508646106,20.4617253917471,28.46638761751263,0.09060516560441678,6.768425766794612,0.85502724234819,1364.1796787283674,-52.27866576072993,526.1279697136348,11958.83075873577,4,0,0,0
SYN_001,synthetic,synthetic_track_1,DRV_01,36.4,1,44.395225996689355,3.1626121292968534,0.9969946125111009,-0.07747091469603089,0.26234224590930144,0.5360139268158185,0.018374450726409565,0.5,0.0,-0.05509238287944646,0.1559510536418945,20.4617253917471,28.46638761751263,0.0905696429394071,6.768425766794612,0.8547315602226971,1373.0587239277054,-62.72602525931858,527.5085195412562,11970.252335951205,4,0,0,0
SYN_001,synthetic,synthetic_track_1,DRV_01,36.6,1,45.236554409982254,4.206642066464497,0.9961060966567542,-0.08816260093284989,0.2640497546014818,0.6024061421010773,0.0019129501914283487,0.5,0.0,-0.037433212506469506,0.1422428538275783,20.4617253917471,28.46638761751263,0.09053191261338661,6.768425766794612,0.8544321127385264,1382.106034809702,-70.69154886730547,528.695727681546,11643.503365539846,4,0,0,0
SYN_001,synthetic,synthetic_track_1,DRV_01,36.800000000000004,1,46.30243531724023,5.329404536289886,0.9950828101954542,-0.09904645805639785,0.2657896220787888,0.6925603320085754,0.0,0.5,0.0,-0.04443204532836,0.12320594771760016,20.4617253917471,28.46638761751263,0.09049197567151432,6.768425766794612,0.8541274379402183,1391.3665218731498,-81.49740735362661,530.4705332256736,12112.876693793778,4,0,0,0
SYN_001,synthetic,synthetic_track_1,DRV_01,37.0,1,47.50401425593906,6.007894693494151,0.9939122599297593,-0.11017449596580262,0.26757048497560576,0.7394930543813651,0.0003322155089444304,0.5,0.0,-0.029093220183640245,0.1086182118000732,20.4617253917471,28.46638761751263,0.09044983322007413,6.768425766794612,0.8538159636284296,1400.8673247243375,-89.74783423999705,531.9371999358423,11882.800213621555,4,0,0,0
SYN_001,synthetic,synthetic_track_1,DRV_01,37.2,1,48.99227022037554,7.441279822182381,0.9925820074215329,-0.12157696551172827,0.269397562446988,0.8313396305541937,0.006132937003550205,0.5,0.0,-0.033074550826599984,0.08907893802719706,20.4617253917471,28.46638761751263,0.09040548642644429,6.768425766794612,0.853496739566727,1410.6657787684126,-100.9521897620745,534.0596945953184,12216.33457008172,4,0,0,0
SYN_001,synthetic,synthetic_track_1,DRV_01,37.4,1,50.77970164621225,8.937157129183575,0.9910730617750023,-0.1333198643260725,0.27128188053238705,0.9312696817323269,0.010364977033085197,0.625,1.0,-0.026560512811854873,0.06973825990378703,20.4617253917471,28.46638761751263,0.09035893651906497,6.768425766794612,0.8531677586473982,1420.821719097655,-112.397940538476,536.3553850802699,13145.307187781827,5,0,0,0
SYN_001,synthetic,synthetic_track_1,DRV_01,37.6,1,52.73159824314975,9.759482984687473,0.9893624504089455,-0.1454714464106506,0.2732349459803183,1.0,0.0,0.625,1.0,-0.02015778418717658,0.05085014474777055,20.4617253917471,28.46638761751263,0.09031018478740434,6.768425766794612,0.8528269262553729,1431.368038746285,-124.09218315271275,538.803281950868,13716.315124648036,5,0,0,0
SYN_001,synthetic,synthetic_track_1,DRV_01,37.800000000000004,1,54.64612348582972,9.572626213399857,0.9874284039134522,-0.15806690717836028,0.2752630843742856,0.9997992630221708,0.0002007369778291498,0.625,1.0,-0.013939188660242833,0.032597650037050376,20.4617253917471,28.46638761751263,0.09025923258192275,6.768425766794612,0.8524730907293153,1442.297263443451,-136.0395830204762,541.3806773444147,13430.088673457261,5,0,0,0
SYN_001,synthetic,synthetic_track_1,DRV_01,38.0,1,56.48319204865702,9.18534281413649,0.9852549594408456,-0.17109256236674225,0.2773648583545098,0.99516696794144,0.004833032058560044,0.625,1.0,-0.009040219280224507,0.010857316314019991,20.4617253917471,28.46638761751263,0.09020608131403539,6.768425766794612,0.8521065132452808,1453.5939018531824,-151.33284480084646,544.7475357441147,13688.476317914174,5,0,0,0
SYN_001,synthetic,synthetic_track_1,DRV_01,38.2,1,58.2113651643885,8.640865578657433,0.9828278723395688,-0.18452472287603142,0.27953728881791967,0.9925967867521563,0.0074032132478436844,0.625,1.0,-0.0008538073511816297,0.005592795055962198,20.4617253917471,28.46638761751263,0.09015073245607313,6.768425766794612,0.8517277355583288,1465.23617488606,-163.85369876047537,547.5259232219076,13715.396970932581,5,0,0,0
SYN_001,synthetic,synthetic_track_1,DRV_01,38.400000000000006,1,59.894600657274495,8.416177464429957,0.980134926701712,-0.1983318568950277,0.28177618747808847,0.9891304179104516,0.010869582089548337,0.625,1.0,0.00643580808154952,0.024936759486376088,20.4617253917471,28.46638761751263,0.09009318754124182,6.768425766794612,0.8513375194766275,1477.215095017515,-179.85638232543357,551.061275417793,13729.510522774237,5,0,0,0
SYN_001,synthetic,synthetic_track_1,DRV_01,38.6,1,60.89054429637682,4.979718195511609,0.9771616660820421,-0.21249724313451104,0.2840798259649067,0.7615496572329277,0.00525264002277831,0.625,0.0,0.010797991376639468,0.039444436616261395,20.4617253917471,28.46638761751263,0.09003344816357972,6.768425766794612,0.8509361790853252,1489.3932038767905,-192.93157303829256,553.9060162013371,13968.039461355016,5,0,0,0
SYN_001,synthetic,synthetic_track_1,DRV_01,38.800000000000004,1,61.0852863819907,0.9737104280694098,0.9739291207944547,-0.22685252405150882,0.28642176997630586,0.5322675352011854,0.0,0.625,0.0,0.020094845381907818,0.05641484856240153,20.4617253917471,28.46638761751263,0.08997151597791342,6.768425766794612,0.8505285249309504,1501.6102611531887,-209.60088591392156,557.4368102055516,13852.83025077475,5,0,0,0
SYN_001,synthetic,synthetic_track_1,DRV_01,39.0,1,60.58693943209165,-2.491734749495258,0.9704743466449001,-0.24120435838548696,0.2887712040679209,0.36644841117781585,0.05850147806696889,0.625,0.0,0.02693508756813623,0.0721685590537073,20.4617253917471,28.46638761751263,0.08990739269981197,6.768425766794612,0.8501201649097069,1513.727649039607,-226.60832000670823,560.8887328946341,14101.602374919195,5,0,0,0
SYN_001,synthetic,synthetic_track_1,DRV_01,39.2,1,59.1469925213516,-7.199734553700239,0.9668388593843782,-0.2553871962027746,0.29110147096915523,0.24951921779228325,0.211557320996332,0.625,0.0,0.03328657082567342,0.08680403990313287,20.4617253917471,28.46638761751263,0.08984108010553939,6.768425766794612,0.8497159501119641,1525.5570475438774,-243.9230878073447,564.207751165482,13739.065218692253,5,0,0,0
SYN_001,synthetic,synthetic_track_1,DRV_01,39.400000000000006,1,57.57776458794337,-7.846139667041143,0.9630898385562402,-0.26918016804682193,0.2933763552968995,0.23242547429684382,0.23709626894696081,0.625,0.0,0.030901320798135432,0.09777845068302628,20.4617253917471,28.46638761751263,0.08977258003200536,6.768425766794612,0.8493224711863748,1537.072600461466,-257.97181488892807,566.7317953560278,13693.79384534355,5,0,0,0
SYN_001,synthetic,synthetic_track_1,DRV_01,39.6,1,55.8020521237608,-8.878562320912842,0.9592512768654576,-0.28255439800503734,0.2955908847041281,0.2028958750882318,0.2756642833650164,0.625,0.0,0.043626117931091134,0.11066865181026697,20.4617253917471,28.46638761751263,0.08970189437671448,6.768425766794612,0.8489406325308465,1548.2330108862182,-275.7441338757641,569.6801572409364,13714.450284373934,5,0,0,0
SYN_001,synthetic,synthetic_track_1,DRV_01,39.800000000000004,1,54.21823373291309,-7.919091954238553,0.9553538773150927,-0.2954639895131363,0.2977371174781189,0.21686382365820417,0.25799399010359925,0.625,0.0,0.03867219673889317,0.12038305177614662,20.4617253917471,28.46638761751263,0.08962902509771364,6.768425766794612,0.8485718789496804,1559.0766576328008,-290.1025733128277,571.8432619473357,13446.702692616198,5,0,0,0
SYN_001,synthetic,synthetic_track_1,DRV_01,40.0,1,52.65502858782978,-7.816025725416544,0.9514006881094879,-0.30795572841691543,0.29982243416015397,0.21547831954410984,0.2609630524649648,0.625,0.0,0.052778814573718594,0.13186036415880148,20.4617253917471,28.46638761751263,0.08955397421353777,6.768425766794612,0.8482148665788029,1569.6076633503667,-308.1846408995075,574.2644750997691,13367.371346400269,5,0,0,0
SYN_001,synthetic,synthetic_track_1,DRV_01,40.2,1,51.317550391318925,-6.687390982554291,0.9474051372507014,-0.3200367258784212,0.3018476275673782,0.22714458236650337,0.2440176187120271,0.625,0.0,0.04559108501699506,0.14056504479965765,20.4617253917471,28.46638761751263,0.08947674380315389,6.768425766794612,0.8478694505018032,1579.8711734286305,-322.72440227024856,575.9491171494922,13094.376657991914,5,0,0,0
SYN_001,synthetic,synthetic_track_1,DRV_01,40.400000000000006,1,49.9895493506341,-6.640005203424124,0.9433634671939767,-0.33176101151847087,0.30382137950550586,0.24168712809689086,0.22596434134425158,0.5,0.0,0.04843901055538015,0.14888969699632887,20.4617253917471,28.46638761751263,0.08939733600590363,6.768425766794612,0.8475340499882389,1589.8690832987575,-337.29911986838806,577.3882449030862,12188.429876272368,4,0,0,0
SYN_001,synthetic,synthetic_track_1,DRV_01,40.6,1,48.94673175201667,-5.214087993087162,0.9392868821536488,-0.3431328503860823,0.30574405448053027,0.26081850308171006,0.20207410121491806,0.5,0.0,0.05116587364535352,0.15686981484915877,20.4617253917471,28.46638761751263,0.08931575302144391,6.768425766794612,0.8472085980381224,1599.6584296491608,-351.87915662204614,578.5643578627307,12112.250078018247,4,0,0,0
SYN_001,synthetic,synthetic_track_1,DRV_01,40.800000000000004,1,47.86438175248142,-5.411749997676232,0.9351625159716925,-0.35421895590368113,0.30762662108637706,0.2530004511710201,0.20820639836089233,0.5,0.0,0.05378266898650175,0.16453554957399413,20.4617253917471,28.46638761751263,0.08923199710968595,6.768425766794612,0.8468910976893858,1609.231305999657,-366.43411387372413,579.4620751596759,11965.813507138688,4,0,0,0
SYN_001,synthetic,synthetic_track_1,DRV_01,41.0,1,46.95072820948593,-4.568267714977452,0.9310028142333924,-0.36501199965138614,0.3094675588460879,0.2708702312581411,0.18392678377897556,0.5,0.0,0.041993273230128074,0.17009346265711237,20.4617253917471,28.46638761751263,0.08914607059073276,6.768425766794612,0.8465818249728043,1618.6214516415541,-377.3153010796093,579.9446753759269,11987.505942529344,4,0,0,0
SYN_001,synthetic,synthetic_track_1,DRV_01,41.2,1,46.07762246613938,-4.365528716732747,0.9268014931961286,-0.3755515839527592,0.31127335608491424,0.27553990032050346,0.17773825934568482,0.5,0.0,0.058123605708080034,0.1772641799340962,20.4617253917471,28.46638761751263,0.08905797584481484,6.768425766794612,0.8462795982991133,1627.836976134782,-391.75189558241567,580.324993594191,11650.201641532469,4,0,0,0
SYN_001,synthetic,synthetic_track_1,DRV_01,41.400000000000006,1,45.37306158728795,-3.5228043942571574,0.9225622941509947,-0.3858481740411034,0.3130455723336119,0.28784329815819587,0.16366084122555913,0.5,0.0,0.06047885445709605,0.18417281633621277,20.4617253917471,28.46638761751263,0.08896771531222422,6.768425766794612,0.8459841331016276,1636.9115884522396,-406.07810411422236,580.3964724610437,11890.947883136289,4,0,0,0
SYN_001,synthetic,synthetic_track_1,DRV_01,41.6,1,44.75580145208537,-3.0863006760128897,0.9182761341559514,-0.39594057816748346,0.31479069008696914,0.2989363021482449,0.15002463035965233,0.5,0.0,0.046852762363512754,0.18918659275415076,20.4617253917471,28.46638761751263,0.08887529149324688,6.768425766794612,0.8456942488162096,1645.8627487426565,-416.7317634015016,580.2433876393281,11879.689063111386,4,0,0,0
SYN_001,synthetic,synthetic_track_1,DRV_01,41.800000000000004,1,44.09821608550708,-3.2879268328914435,0.9139401215836253,-0.4058490534172875,0.31651206706589546,0.2927681607818605,0.15691974000916073,0.5,0.0,0.06439345687681379,0.19564828140119972,20.4617253917471,28.46638761751263,0.08878070694809352,6.768425766794612,0.845409333569591,1654.682391959758,-430.79096465572616,579.7602002540458,11670.836116494624,4,0,0,0
SYN_001,synthetic,synthetic_track_1,DRV_01,42.0,1,43.592895502070746,-2.526602917181684,0.9095632474442451,-0.4155655169749758,0.3182081522999535,0.31263728335676627,0.13426673058382688,0.5,0.0,0.049690324744922076,0.20032350361946602,20.4617253917471,28.46638761751263,0.08868396429682858,6.768425766794612,0.8451296688523721,1663.4009710601722,-441.20987536587586,579.1873286326473,11613.68021963292,4,0,0,0
SYN_001,synthetic,synthetic_track_1,DRV_01,42.2,1,43.02015418776044,-2.863706571551532,0.9051349985511494,-0.42512425759748257,0.3198848021269562,0.29828414063259917,0.14982670723792268,0.5,0.0,0.06804261695756678,0.20631808412525143,20.4617253917471,28.46638761751263,0.08858506621929772,6.768425766794612,0.8448541880071168,1672.0050018977242,-454.9113415718565,578.1428868028984,11443.44754363457,4,0,0,0
SYN_001,synthetic,synthetic_track_1,DRV_01,42.400000000000006,1,42.53625745629842,-2.4194836573100886,0.9006664477414429,-0.4345111620117608,0.32153942344187003,0.30959455088094756,0.13613017486819903,0.5,0.0,0.05232209344839811,0.2106230273652392,20.4617253917471,28.46638761751263,0.08848401545505354,6.768425766794612,0.8445833621570756,1680.512253388984,-465.029476556414,577.150297072649,11464.889137520568,4,0,0,0
SYN_001,synthetic,synthetic_track_1,DRV_01,42.6,1,42.130699531582955,-2.027789623577334,0.896152448529255,-0.44374631152835625,0.32317543334403537,0.31426136587127435,0.13004060760501646,0.5,0.0,0.05338057179487605,0.2147506672939148,20.4617253917471,28.46638761751263,0.08838081480327974,6.768425766794612,0.8443165685504137,1688.9383932953006,-474.9997782451443,575.9802968484724,11410.877911002268,4,0,0,0
SYN_001,synthetic,synthetic_track_1,DRV_01,42.800000000000004,1,41.732176721687516,-1.9926140494771971,0.8915881448210689,-0.45284719278640195,0.3247958448644809,0.3146295431122059,0.13073220755611176,0.5,0.0,0.07273985684500303,0.21995090654250474,20.4617253917471,28.46638761751263,0.0882754671227135,6.768425766794612,0.8440532579578626,1697.2848286396381,-488.04526671075985,574.1488725710758,11610.75618609718,4,0,0,0
SYN_001,synthetic,synthetic_track_1,DRV_01,43.0,1,41.34019984842902,-1.9598843662924637,0.8869759004479308,-0.4618157121889447,0.3264009285845458,0.31656292891634963,0.12777861882613312,0.5,0.0,0.05566240484178555,0.2235983673428592,20.4617253917471,28.46638761751263,0.08816797533156644,6.768425766794612,0.8437933802581549,1705.552868609324,-497.6303088612504,572.5761632761489,11582.058036629162,4,0,0,0
SYN_001,synthetic,synthetic_track_1,DRV_01,43.2,1,40.91203117308913,-2.1408433766994506,0.882318031164215,-0.4706536857207254,0.3279909362710238,0.3069463766010542,0.13607782827787704,0.5,0.0,0.05654799685739601,0.22700338855497817,20.4617253917471,28.46638761751263,0.08805834240744358,6.768425766794612,0.8435368887364527,1713.7352748439419,-507.03444049556646,570.8373932820315,11645.07056036911,4,0,0,0
SYN_001,synthetic,synthetic_track_1,DRV_01,43.400000000000006,1,40.524700795186455,-1.9366518895133922,0.877621705907487,-0.4793538790080168,0.32956447593152727,0.31783540258738435,0.12291563251121315,0.5,0.0,0.0573694336382201,0.230138822515372,20.4617253917471,28.46638761751263,0.08794657138726103,6.768425766794612,0.8432840358242958,1721.8402150029792,-516.2491634281664,568.9374496127659,11557.492925437013,4,0,0,0
SYN_001,synthetic,synthetic_track_1,DRV_01,43.6,1,40.145789329747494,-1.8945573271948035,0.8728852690903115,-0.487925513787847,0.3311231182698037,0.32036164028709,0.11937753856573076,0.5,0.0,0.07764573935939371,0.23384614831329506,20.4617253917471,28.46638761751263,0.0878326653671618,6.768425766794612,0.8430345347247593,1729.8693728689286,-528.2275245720763,566.1630927331478,11244.550083195234,4,0,0,0
SYN_001,synthetic,synthetic_track_1,DRV_01,43.800000000000004,1,39.8172603248894,-1.6426450242904522,0.8681105720611731,-0.4963708640478636,0.33266718709017856,0.33196044149529236,0.10518853151613237,0.5,0.0,0.05899398000163394,0.23622595015433315,20.4617253917471,28.46638761751263,0.08771662750243,6.768425766794612,0.8427883255588706,1737.8328249339065,-536.9714673174117,563.9095330479327,11525.095815970837,4,0,0,0
SYN_001,synthetic,synthetic_track_1,DRV_01,44.0,1,39.66792866912937,-0.746658278800183,0.8632942392745477,-0.5047009574345782,0.3341986201795974,0.3326886565556379,0.10212098934712369,0.5,0.0,0.05954368526148476,0.23821848550711847,20.4617253917471,28.46638761751263,0.08759846100740352,6.768425766794612,0.8425450546851043,1745.7664106677323,-545.5032214841493,561.5154002438045,11389.59108584571,4,0,0,0
SYN_001,synthetic,synthetic_track_1,DRV_01,44.2,1,39.5063488368086,-0.8078991616038422,0.8584164880486996,-0.5129533439272392,0.3357243097437947,0.3401305581616277,0.09448461899017245,0.5,0.0,0.05999083525464928,0.23978022138364816,20.4617253917471,28.46638761751263,0.0874781691553849,6.768425766794612,0.842303466740026,1753.667680435094,-553.8177497235554,558.9880087305974,11488.387342020065,4,0,0,0
SYN_001,synthetic,synthetic_track_1,DRV_01,44.400000000000006,1,39.373546220611914,-0.6640130809834233,0.8534802025164954,-0.5211252670063139,0.3372437846990566,0.3434962091466774,0.09015253903389349,0.5,0.0,0.06032404049770444,0.24086395318370324,20.4617253917471,28.46638761751263,0.0873557552785507,6.768425766794612,0.8420636464612186,1761.5423896792165,-561.910892321768,556.3351150698616,11638.660383549488,4,0,0,0
SYN_001,synthetic,synthetic_track_1,DRV_01,44.6,1,39.23097769581479,-0.7128426239856012,0.8484831095022697,-0.529222460681101,0.3387581518613878,0.3365865292650426,0.09588759636759828,0.5,0.0,0.06053101151355624,0.24141899294381985,20.4617253917471,28.46638761751263,0.08723122276785925,6.768425766794612,0.8418253913908817,1769.3885852183794,-569.7793868992894,553.5648683148869,11616.088700329776,4,0,0,0
SYN_001,synthetic,synthetic_track_1,DRV_01,44.800000000000004,1,39.27811018624452,0.2356624521486239,0.8434277089152692,-0.5372426824387093,0.34026703561891913,0.35261770164641987,0.07783620626378968,0.5,0.0,0.060598617277012816,0.24139144941657828,20.4617253917471,28.46638761751263,0.08710457507295657,6.768425766794612,0.8415887688554818,1777.2442072556282,-577.4208831402655,550.6857582917191,11315.658084989975,4,0,0,0
SYN_001,synthetic,synthetic_track_1,DRV_01,45.0,1,39.12048634122004,-0.7881192251224078,0.8382902900808693,-0.5452241645012921,0.3417777321645439,0.34014519181454617,0.09036807263880631,0.5,0.0,0.06051296827520221,0.24072461244605733,20.4617253917471,28.46638761751263,0.086975815702081,6.768425766794612,0.8413524498954409,1785.0683045238723,-584.8339524477899,547.7065621138925,11561.711274158022,4,0,0,0
SYN_001,synthetic,synthetic_track_1,DRV_01,45.2,1,39.20814121672108,0.43827437750522336,0.8330984136736603,-0.5531247898389936,0.3432823662545908,0.36528075306637764,0.060626336623244736,0.5,0.0,0.08025855576713574,0.2387387591882205,20.4617253917471,28.46638761751263,0.08684494822196587,6.768425766794612,0.8411178667350868,1792.9099327672166,-594.3619791672186,543.5942093343666,11246.396910247588,4,0,0,0
SYN_001,synthetic,synthetic_track_1,DRV_01,45.400000000000006,1,39.28988045484828,0.40869619063599316,0.8278201955046902,-0.5609935150378982,0.3447903716860032,0.37122746479638125,0.05323788422309028,0.5,0.0,0.0596345439973124,0.23634787513549485,20.4617253917471,28.46638761751263,0.08671197625774074,6.768425766794612,0.8408833013358373,1800.7679088581863,-601.2416975617077,540.4168119616446,11662.45315439298,4,0,0,0
SYN_001,synthetic,synthetic_track_1,DRV_01,45.6,1,39.589395234693946,1.4975738992283283,0.8224564225934126,-0.5688281224894264,0.3463015209342666,0.3916366955538445,0.030226990309564786,0.5,0.0,0.05893054518744482,0.23311572873717537,20.4617253917471,28.46638761751263,0.08657690349283106,6.768425766794612,0.8406487940021263,1808.6857879051252,-607.8949027818448,537.1699467873465,11578.2701546735,4,0,0,0
SYN_001,synthetic,synthetic_track_1,DRV_01,45.800000000000004,1,39.66866842386881,0.3963659458743152,0.8169767664305347,-0.5766705845738168,0.34782418998175485,0.3730232361721657,0.04831185315177414,0.5,0.0,0.05800769755040328,0.22898093264151104,20.4617253917471,28.46638761751263,0.086439733668856,6.768425766794612,0.840412819182676,1816.619521589899,-614.3241456004994,533.8629884046323,11369.973962206032,4,0,0,0
SYN_001,synthetic,synthetic_track_1,DRV_01,46.0,1,39.86940024097845,1.0036590855482075,0.8114111349032147,-0.5844758080152481,0.3493499079980575,0.3849153804075359,0.031249771569072573,0.5,0.0,0.05685075225927304,0.22388360287707493,20.4617253917471,28.46638761751263,0.08630047058552492,6.768425766794612,0.8401769174287081,1824.5934016380947,-620.5328624628573,530.5052963591515,11801.535805222817,4,0,0,0
SYN_001,synthetic,synthetic_track_1,DRV_01,46.2,1,40.322506947160505,2.2655335309102753,0.8057422071737683,-0.5922664059177628,0.3508833464688644,0.40770610974774024,0.0036068912204162834,0.5,0.0,0.05544500052733708,0.21776669545810973,20.4617253917471,28.46638761751263,0.08615911810053206,6.768425766794612,0.8399402373725192,1832.6579030275268,-626.5253524326461,527.1061577230016,11465.338925830107,4,0,0,0
SYN_001,synthetic,synthetic_track_1,DRV_01,46.400000000000006,1,40.81804411425677,2.4776858354813314,0.7999327783265265,-0.6000896184394495,0.3524342121206782,0.41331414403330097,0.0010422552976002693,0.5,0.0,0.05377663407554929,0.21057754619753463,20.4617253917471,28.46638761751263,0.08601568012944966,6.768425766794612,0.8397010112152137,1840.821511850378,-632.3067491772609,523.6747302205122,11547.352186061551,4,0,0,0
SYN_001,synthetic,synthetic_track_1,DRV_01,46.6,1,41.345962427285784,2.6395915651450608,0.7939745965242877,-0.6079509355812314,0.3540041368943035,0.44281590618447814,0.0,0.5,0.0,0.06862986192655882,0.19924480563791755,20.4617253917471,28.46638761751263,0.08587016064561957,6.768425766794612,0.839458940751563,1849.0907043358352,-639.697280559711,519.0647406670279,11525.900037441808,4,0,0,0
SYN_001,synthetic,synthetic_track_1,DRV_01,46.800000000000004,1,41.780667790272595,2.173526814934057,0.7878605983040236,-0.6158536170552431,0.3555943662184298,0.45087495762321117,0.008482411989565689,0.5,0.0,0.048795729379210354,0.1893872490401259,20.4617253917471,28.46638761751263,0.08572256368004309,6.768425766794612,0.839213798104245,1857.4468378938898,-645.0105236470795,515.5924421942688,11568.662264175768,4,0,0,0
SYN_001,synthetic,synthetic_track_1,DRV_01,47.0,1,42.38565804200589,3.0249512586664906,0.7816024210444824,-0.6237769276090641,0.3572013149795942,0.4915887320590929,0.0,0.5,0.0,0.046172797750650606,0.17833804776288087,20.4617253917471,28.46638761751263,0.08557289332126942,6.768425766794612,0.8389662345373452,1865.923969502291,-650.1353572079527,512.1167367962123,11648.862297024149,4,0,0,0
SYN_001,synthetic,synthetic_track_1,DRV_01,47.2,1,43.03855519235915,3.264485751766273,0.7751722092314478,-0.6317499869689247,0.3588315325965944,0.5249995244607785,0.0,0.5,0.0,0.043249164493860036,0.1660872062238616,20.4617253917471,28.46638761751263,0.08542115371528228,6.768425766794612,0.8387150568128472,1874.5316805407626,-655.0800936053495,508.64559194614003,11532.783648797034,4,0,0,0
SYN_001,synthetic,synthetic_track_1,DRV_01,47.400000000000006,1,43.97997307628171,4.707089419612807,0.7685597339849033,-0.6397780359601717,0.36048686164245436,0.5957806453353398,0.0,0.5,0.0,0.05259763999185078,0.14789831376793733,20.4617253917471,28.46638761751263,0.08526734906538516,6.768425766794612,0.8384599283214699,1883.327675156019,-661.4084232753198,504.037489401443,11551.036765006353,4,0,0,0
SYN_001,synthetic,synthetic_track_1,DRV_01,47.6,1,45.05281343527973,5.364201794990109,0.7617167378295966,-0.647910187688261,0.3621783990684652,0.6404476596837805,0.0,0.5,0.0,0.03526414036691837,0.13290593271119588,20.4617253917471,28.46638761751263,0.08511148363208484,6.768425766794612,0.8381988281399261,1892.338237843075,-665.9685712444539,500.6055779140284,11968.306005911545,4,0,0,0
SYN_001,synthetic,synthetic_track_1,DRV_01,47.800000000000004,1,46.302112995723,6.246497802216346,0.7546176049838564,-0.6561648194230078,0.36391119958520673,0.7336278427040598,0.0005744865763409522,0.5,0.0,0.04090333561203893,0.11122895758564974,20.4617253917471,28.46638761751263,0.08495356173297341,6.768425766794612,0.8379308350156125,1901.5986604422196,-671.819868265989,496.0741250568758,11796.355337541785,4,0,0,0
SYN_001,synthetic,synthetic_track_1,DRV_01,48.0,1,47.76594911510655,7.319180596917754,0.7472284188820272,-0.6645672953246088,0.36569205008504224,0.8102605376575347,0.0,0.5,0.0,0.02575369851963099,0.09382751365464581,20.4617253917471,28.46638761751263,0.08479358774260859,6.768425766794612,0.8376547124217518,1911.151850265241,-676.0503943035418,492.7163398783744,12118.079413580323,4,0,0,0
SYN_001,synthetic,synthetic_track_1,DRV_01,48.2,1,49.74472172921957,9.893863070565097,0.7395075972413416,-0.6731482107399065,0.3675292019740848,0.9522072895512366,0.0,0.5,1.0,0.027341896410841095,0.06935373707391086,20.4617253917471,28.46638761751263,0.0846315660923926,6.768425766794612,0.837368957273011,1921.100794611085,-681.5013635232668,488.30334394940587,12150.433568331659,4,0,0,0
SYN_001,synthetic,synthetic_track_1,DRV_01,48.400000000000006,1,51.82500671533373,10.40142493057079,0.7313622029973492,-0.6819892433366264,0.3694424605021317,1.0,0.0,0.625,1.0,0.01895986066844873,0.04381811122324293,20.4617253917471,28.46638761751263,0.08446750127044948,6.768425766794612,0.8370699636674893,1931.4657959541516,-686.7600094131992,483.9728410955657,13223.810643056226,5,0,0,0
SYN_001,synthetic,synthetic_track_1,DRV_01,48.6,1,53.81523805132329,9.951156679947815,0.7227637800827905,-0.6910951585711158,0.371435729991183,0.9890985369846802,0.010901463015319818,0.625,1.0,0.010310050076503232,0.017768363660268335,20.4617253917471,28.46638761751263,0.08430139782150063,6.768425766794612,0.8367570196551667,1942.2288435644164,-691.8535402476805,479.73297810071364,13544.18904486422,5,0,0,0
SYN_001,synthetic,synthetic_track_1,DRV_01,48.800000000000004,1,55.666770592679775,9.257662706782419,0.7137151912401205,-0.7004360254820409,0.37350554683931086,0.9896632103994232,0.010336789600576839,0.625,1.0,0.0015975805068241871,0.008117961276205938,20.4617253917471,28.46638761751263,0.084133260346739,6.768425766794612,0.8364307542312359,1953.3621976829522,-696.8093738835411,475.5896906586549,13757.277461150756,5,0,0,0
SYN_001,synthetic,synthetic_track_1,DRV_01,49.0,1,57.24479384979809,7.8901162855915885,0.7042282903125722,-0.7099736017088463,0.37564657647749083,0.908644247453776,0.0016861967585567186,0.625,1.0,-0.009947335315793924,0.039023981749272366,20.4617253917471,28.46638761751263,0.08396309350370164,6.768425766794612,0.8360921368899983,1964.8111564529117,-702.8521161602507,470.55173464465497,13973.070335093209,5,0,0,0
SYN_001,synthetic,synthetic_track_1,DRV_01,49.2,1,57.7307469574727,2.429765538373019,0.6943395628788196,-0.7196475327695148,0.3778482993178676,0.5890649874398955,0.006314188359318851,0.625,0.0,-0.01689785436005151,0.061498883323872065,20.4617253917471,28.46638761751263,0.08379090200614059,6.768425766794612,0.8357430807823181,1976.3573058444063,-707.5973750191555,466.63554596604536,13790.548117744414,5,0,0,0
SYN_001,synthetic,synthetic_track_1,DRV_01,49.400000000000006,1,57.33474728701542,-1.979998352286394,0.6842323213143165,-0.7292641020020264,0.38006871266238584,0.35861227158918324,0.06930166717716954,0.625,0.0,-0.030902627028080627,0.08526214510577312,20.4617253917471,28.46638761751263,0.08361669062389245,6.768425766794612,0.8353912289682901,1987.8242553018094,-713.4603806808183,461.8803698714992,13890.781421678414,5,0,0,0
SYN_001,synthetic,synthetic_track_1,DRV_01,49.6,1,56.098617988078836,-6.180646494682911,0.674062596858576,-0.7386742282740565,0.382273895250348,0.2589067007323097,0.20185681514252393,0.625,0.0,-0.031094055406868628,0.09974805451049468,20.4617253917471,28.46638761751263,0.08344046418274612,6.768425766794612,0.835042753669625,1999.0439788994252,-718.1260670924861,458.18307965985696,13599.75250254841,5,0,0,0
SYN_001,synthetic,synthetic_track_1,DRV_01,49.800000000000004,1,54.638060523452644,-7.302787323130957,0.6639868689910022,-0.7477442328814884,0.3844315344037356,0.23019414983414763,0.23986713812345342,0.625,0.0,-0.044384528556236834,0.11103254812254028,20.4617253917471,28.46638761751263,0.0832622275643092,6.768425766794612,0.8347035343292395,2009.9715910041157,-723.9651983981889,453.68376842520985,13590.191598471847,5,0,0,0
SYN_001,synthetic,synthetic_track_1,DRV_01,50.0,1,53.64190041491693,-4.980800542678558,0.6540561458335462,-0.7564460047467809,0.38653299827002224,0.2782993995907365,0.17715337119675284,0.625,0.0,-0.03782884465695697,0.114038667743714,20.4617253917471,28.46638761751263,0.08308198570587277,6.768425766794612,0.8343751404631062,2020.6999710870991,-728.6679096911029,450.1707160289027,13494.682587491634,5,0,0,0
SYN_001,synthetic,synthetic_track_1,DRV_01,50.2,1,53.11488268569693,-2.63508864610003,0.6441955403905583,-0.7648608407683823,0.3885961482859806,0.3303851360509702,0.10452705416347714,0.625,0.0,-0.03790866691332094,0.11150846791831398,20.4617253917471,28.46638761751263,0.08289974360027456,6.768425766794612,0.8340543197918813,2031.3229476242386,-733.4191318963169,446.72181026776167,13447.424173289066,5,0,0,0
SYN_001,synthetic,synthetic_track_1,DRV_01,50.400000000000006,1,53.43875475018994,1.6193603224650843,0.6343251462626488,-0.7730663676676597,0.39063902838927667,0.4372332086500327,0.0,0.625,0.0,-0.04470441101368763,0.10079186064485379,20.4617253917471,28.46638761751263,0.08271550629576067,6.768425766794612,0.8337377868044356,2042.0106985742766,-739.451422313082,442.47961289259035,13379.239958624925,5,0,0,0
SYN_001,synthetic,synthetic_track_1,DRV_01,50.6,1,53.981919958987724,2.715826043988905,0.6242891037348417,-0.7811933915221941,0.3926943651104378,0.5343186376043765,0.0,0.625,0.0,-0.031510466965119686,0.0866880082085606,20.4617253917471,28.46638761751263,0.08252927889584577,6.768425766794612,0.8334195837411588,2052.8070825660743,-744.3686333643902,439.1215437590695,13526.465141872091,5,0,0,0
SYN_001,synthetic,synthetic_track_1,DRV_01,50.800000000000004,1,54.865652051061026,4.41866046036651,0.6140453522629384,-0.7892707427519937,0.39477059280116816,0.6820085890210696,0.0,0.625,0.0,-0.026059145198325466,0.06833957118205805,20.4617253917471,28.46638761751263,0.08234106655917169,6.768425766794612,0.833098174002448,2063.7802129762867,-749.378841215435,435.77591625269525,13624.603443336575,5,0,0,0
SYN_001,synthetic,synthetic_track_1,DRV_01,51.0,1,56.276074108342755,7.052110286408642,0.6035268341758783,-0.7973426869481164,0.39688081018774746,0.8450261527593704,0.004816071650622389,0.625,1.0,-0.01930816947361845,0.04647935672795696,20.4617253917471,28.46638761751263,0.08215087449936453,6.768425766794612,0.8327711720560328,2075.0354277979554,-754.4898357850576,432.4232924357415,13702.75292091368,5,0,0,0
SYN_001,synthetic,synthetic_track_1,DRV_01,51.2,1,58.15748975548167,9.407078235694577,0.5926277114066567,-0.8054765022475258,0.3990452745765299,1.0,0.0,0.625,1.0,-0.013069277682530177,0.015368797815371342,20.4617253917471,28.46638761751263,0.08195870798489026,6.768425766794612,0.8324348894916167,2086.6669257490516,-761.0272533372108,428.1909030055595,14006.87750698656,5,0,0,0
SYN_001,synthetic,synthetic_track_1,DRV_01,51.400000000000006,1,59.949659994309094,8.96085119413712,0.5812490699524218,-0.8137257023588752,0.4012821011055869,0.9994274456048144,0.0005725543951855156,0.625,1.0,-0.0006654115195354255,0.0116794854137182,20.4617253917471,28.46638761751263,0.0817645723389087,6.768425766794612,0.8320860277571227,2098.6568577479134,-766.3776026485257,424.7448399532781,14383.445218940382,5,0,0,0
SYN_001,synthetic,synthetic_track_1,DRV_01,51.6,1,60.44941123330614,2.498756194985212,0.5693996393898113,-0.8220608558146731,0.4035878572592141,0.6121864743301659,0.0,0.625,0.0,0.012255840784995234,0.04717928626752576,20.4617253917471,28.46638761751263,0.08156847293912618,6.768425766794612,0.8317252099570973,2110.7467399945745,-773.2120913414991,420.32429148745416,13804.244252960245,5,0,0,0
SYN_001,synthetic,synthetic_track_1,DRV_01,51.800000000000004,1,58.90123412624204,-7.740885535320494,0.5573304306125598,-0.8302907870819829,0.40591283461434124,0.2297587922749706,0.23842710964869762,0.625,0.0,0.027341735540511693,0.08366457525121361,20.4617253917471,28.46638761751263,0.08137041521764649,6.768425766794612,0.8313614813949081,2122.526986819823,-780.1979418001797,415.73491904162944,13762.99230548495,5,0,0,0
SYN_001,synthetic,synthetic_track_1,DRV_01,52.0,1,56.06818956733347,-14.165222794542842,0.5454559035247835,-0.8381395213864826,0.4081782666961198,0.08020577225617975,0.4399815969304078,0.625,0.0,0.032915441137405646,0.11307811353247221,20.4617253917471,28.46638761751263,0.08117040466082046,6.768425766794612,0.8310091759230722,2133.7406247332897,-785.8825266110716,411.9101920381968,13776.100955306043,5,0,0,0
SYN_001,synthetic,synthetic_track_1,DRV_01,52.2,1,52.43557104953934,-18.163092588970642,0.5340498161824074,-0.8454530110157139,0.41033473552563265,0.0,0.581084941984315,0.625,0.0,0.054968490781103094,0.1497022542746727,20.4617253917471,28.46638761751263,0.08096844680909393,6.768425766794612,0.8306772859516188,2144.2277389431974,-793.0855319806714,406.8980415571528,13448.685633512745,5,0,0,0
SYN_001,synthetic,synthetic_track_1,DRV_01,52.400000000000006,1,49.07845051905608,-16.785602652416323,0.523293958506506,-0.8521522358068371,0.4123514882583072,0.00362323755521968,0.5550221022332942,0.5,0.0,0.05495067355833432,0.17867027542482694,20.4617253917471,28.46638761751263,0.0807645472568543,6.768425766794612,0.830371406819944,2154.0434290470084,-798.9046784991928,402.6741428671009,11944.397612501125,4,0,0,0
SYN_001,synthetic,synthetic_track_1,DRV_01,52.6,1,45.9394525291891,-15.694989949334897,0.5131505701131535,-0.8582986032800854,0.4142391209705785,0.018496506092534178,0.523366197550146,0.5,0.0,0.06457496641943086,0.20720718962324056,20.4617253917471,28.46638761751263,0.08055871165227557,6.768425766794612,0.8300896083476842,2163.2313195528463,-804.7520744971819,398.23449313407457,11792.187458335742,4,0,0,0
SYN_001,synthetic,synthetic_track_1,DRV_01,52.800000000000004,1,43.38086723035796,-12.7929264941557,0.5035905073304436,-0.8639424754731454,0.416006022990932,0.06635073492670647,0.45630195987626976,0.5,0.0,0.05465150032668194,0.22826835212933633,20.4617253917471,28.46638761751263,0.0803509456971619,6.768425766794612,0.8298303619665139,2171.907492998918,-809.142122859643,394.749526110166,11833.77224735819,4,0,0,0
SYN_001,synthetic,synthetic_track_1,DRV_01,53.0,1,41.087621031518545,-11.466230994197062,0.49450589180277343,-0.8691742765247622,0.4176745178844073,0.09305694845052684,0.4238065885500999,0.5,0.0,0.08101183680541012,0.25582402038508506,20.4617253917471,28.46638761751263,0.08014125514678963,6.768425766794612,0.8295896030610131,2180.1250172052214,-814.9807927569302,389.87847381914054,12076.972231731675,4,0,0,0
SYN_001,synthetic,synthetic_track_1,DRV_01,53.2,1,38.99344313959477,-10.470889459618888,0.4858513870508743,-0.8740414347733988,0.4192548110010041,0.11754395162362143,0.38650637188709264,0.5,0.0,0.06674941720254093,0.27604614036664543,20.4617253917471,28.46638761751263,0.0799296458097478,6.768425766794612,0.829365472514905,2187.9237058331405,-819.3334218975688,386.0455262727827,11323.662288922245,4,0,0,0
SYN_001,synthetic,synthetic_track_1,DRV_01,53.400000000000006,1,37.27007546543904,-8.616838370778623,0.47759367663250063,-0.8785808329577025,0.4207545588140655,0.15862688491354512,0.3334542641172107,0.375,0.0,0.071771598520297,0.2958379458631227,20.4617253917471,28.46638761751263,0.0797161235477774,6.768425766794612,0.8291565750915191,2195.3777209262284,-823.6494314338913,382.04939135573943,10168.617353723572,3,0,0,0
SYN_001,synthetic,synthetic_track_1,DRV_01,53.6,1,35.83236273975284,-7.1885636284310195,0.46966127835453775,-0.8828466931548089,0.42218802325504395,0.18132958858385875,0.30244887749644184,0.375,0.0,0.07667938893292955,0.3151465676944549,20.4617253917471,28.46638761751263,0.07950069427560892,6.768425766794612,0.8289603133449114,2202.544193474179,-827.9154884814476,377.88232194888883,10138.409275941085,3,0,0,0
SYN_001,synthetic,synthetic_track_1,DRV_01,53.800000000000004,1,34.64449865723756,-5.939320412576379,0.46199894570992206,-0.8868804734364831,0.4235661910527267,0.20870688629815778,0.26935753995764206,0.375,0.0,0.08145830246322082,0.33390910421324665,20.4617253917471,28.46638761751263,0.0792833639607984,6.768425766794612,0.8287746859001763,2209.4730932056264,-832.1176630026715,373.53710914956685,10160.433646337242,3,0,0,0
SYN_001,synthetic,synthetic_track_1,DRV_01,54.0,1,33.59399783952025,-5.252504088586569,0.4545576795076178,-0.8907173041996265,0.42489867177031276,0.21405890744112574,0.26050435139499184,0.375,0.0,0.08609116118119726,0.35205138304310374,20.4617253917471,28.46638761751263,0.07906413862356226,6.768425766794612,0.8285979420107464,2216.1918927735305,-836.2414954954842,369.0071271986873,10025.807460535594,3,0,0,0
SYN_001,synthetic,synthetic_track_1,DRV_01,54.2,1,32.552584134984976,-5.207068522676366,0.44731161744118864,-0.8943781733149282,0.4261907486102943,0.22599890657954644,0.24159176188871204,0.375,0.0,0.059886788850443344,0.36375970202565366,20.4617253917471,28.46638761751263,0.07884302433661053,6.768425766794612,0.8284291183119554,2222.7024096005275,-838.9398436717411,365.88149953322613,9602.627430749017,3,0,0,0
SYN_001,synthetic,synthetic_track_1,DRV_01,54.400000000000006,1,31.733590357153076,-4.094968889159496,0.44026205409841085,-0.8978693244125494,0.4274427710770245,0.2480993755579697,0.21590233660190053,0.375,0.0,0.09343214686538105,0.38067166452540535,20.4617253917471,28.46638761751263,0.07862002722497854,6.768425766794612,0.8282681493565001,2229.049127671958,-842.8997630445233,361.03056085344224,9778.366747593047,3,0,0,0
SYN_001,synthetic,synthetic_track_1,DRV_01,54.6,1,31.165212525260884,-2.841889159460962,0.4333636220988516,-0.901219158163742,0.4286632937830689,0.27492073155487967,0.18414704269983398,0.375,0.0,0.06460043777085397,0.391467581186189,20.4617253917471,28.46638761751263,0.0783951534658574,6.768425766794612,0.8281134763517364,2235.2821701770104,-845.4746021035148,357.68616372006244,9956.436519202298,3,0,0,0
SYN_001,synthetic,synthetic_track_1,DRV_01,54.800000000000004,1,30.379349622449315,-3.9293145140578467,0.4265639396287691,-0.9044574093943749,0.42986195580327125,0.2527538581224505,0.207790347248509,0.375,0.0,0.10019987331446353,0.40686065816708417,20.4617253917471,28.46638761751263,0.0781684092884227,6.768425766794612,0.8279633431172899,2241.3580401015,-849.2275454035527,352.50074396272504,9781.282715296657,3,0,0,0
SYN_001,synthetic,synthetic_track_1,DRV_01,55.0,1,29.765311166160178,-3.070192281445685,0.4199124269616576,-0.9075646278272256,0.4310303923272116,0.2765978493659852,0.17821722604493434,0.375,0.0,0.06889028427223337,0.41653817205641985,20.4617253917471,28.46638761751263,0.07793980097366206,6.768425766794612,0.827819270164361,2247.3111023347324,-851.6497624014244,348.92966849494985,9702.289961687497,3,0,0,0
SYN_001,synthetic,synthetic_track_1,DRV_01,55.2,1,29.245349176389404,-2.5998099488538706,0.4133734040903931,-0.910561600766648,0.4321752119874485,0.278831432394584,0.17491970409147478,0.375,0.0,0.10626547161038452,0.43008845462012313,20.4617253917471,28.46638761751263,0.07770933485420117,6.768425766794612,0.827680052822036,2253.1601721700104,-855.1516201402126,343.3996276750956,9554.537422242909,3,0,0,0
SYN_001,synthetic,synthetic_track_1,DRV_01,55.400000000000006,1,28.7864371185266,-2.2945602893140205,0.4069277766362265,-0.9134603355383841,0.4333000331096174,0.2842974350620795,0.16651911787809928,0.25,0.0,0.07266620479717822,0.43842579566118767,20.4617253917471,28.46638761751263,0.07747701731412837,6.768425766794612,0.8275450306398232,2258.9174595937156,-857.3916143341711,339.59629533249023,8587.462416954037,2,0,0,0
SYN_001,synthetic,synthetic_track_1,DRV_01,55.6,1,28.49621044817377,-1.451133351764149,0.4005634413751966,-0.9162690267785217,0.4344072037680222,0.2986247216496523,0.14971581874162854,0.25,0.0,0.07401180303214794,0.4461652838226283,20.4617253917471,28.46638761751263,0.07724285478881769,6.768425766794612,0.8274137743375867,2264.6167016833506,-859.5504036433612,335.6990444176122,8499.27108889639,2,0,0,0
SYN_001,synthetic,synthetic_track_1,DRV_01,55.800000000000004,1,28.14905017272721,-1.735801377232793,0.39424417822111085,-0.9190057279140109,0.4355032118621828,0.2934060298284791,0.15454189132336837,0.25,0.0,0.07525453496416053,0.453273394803792,20.4617253917471,28.46638761751263,0.0770068537647507,6.768425766794612,0.8272851011716696,2270.246511717896,-861.6232537704657,331.70753532740804,8639.640346181222,2,0,0,0
SYN_001,synthetic,synthetic_track_1,DRV_01,56.0,1,27.823674751023237,-1.6268771085198708,0.3879835436178232,-0.9216663007193855,0.4365858676380569,0.29387428643310254,0.15396167360658392,0.25,0.0,0.11497360271960232,0.46268379115892694,20.4617253917471,28.46638761751263,0.07676902077933681,6.768425766794612,0.8271594077160848,2275.8112466681005,-864.5611065389242,325.5431970984032,8684.864220224585,2,0,0,0
SYN_001,synthetic,synthetic_track_1,DRV_01,56.2,1,27.666634937734646,-0.7851990664429565,0.3817776311776637,-0.9242542076357412,0.4376560089746347,0.31027940442122465,0.13555669204748236,0.25,0.0,0.07787663252859882,0.4680824175465015,20.4617253917471,28.46638761751263,0.07652936242073213,6.768425766794612,0.8270365395004089,2281.3445736556473,-866.3986027811472,321.31563244129757,8342.376365994054,2,0,0,0
SYN_001,synthetic,synthetic_track_1,DRV_01,56.400000000000006,1,27.3839427621437,-1.4134608779547264,0.37558963050466904,-0.9267860753471462,0.4387201103183937,0.30225631452748764,0.1436861784811998,0.25,0.0,0.07871943806220373,0.4727535156629411,20.4617253917471,28.46638761751263,0.07628788532765707,6.768425766794612,0.8269153161837673,2286.821362208076,-868.1338785958955,316.9939164897878,8462.30303720349,2,0,0,0
SYN_001,synthetic,synthetic_track_1,DRV_01,56.6,1,27.073880086338992,-1.5503133790235424,0.3694483236165077,-0.929251277199527,0.4397733388861685,0.30482990360884243,0.13892197368397247,0.25,0.0,0.07943885780224856,0.47667834068962084,20.4617253917471,28.46638761751263,0.07604459618921233,6.768425766794612,0.8267966153259657,2292.236138225344,-869.7624113235867,312.57845432269016,8476.484505897257,2,0,0,0
SYN_001,synthetic,synthetic_track_1,DRV_01,56.800000000000004,1,26.903805001809044,-0.8503754226497406,0.36336064701713444,-0.9316485604557597,0.4408146419664123,0.31313199882511583,0.12761317311699982,0.25,0.0,0.08003215583489956,0.47984304896112495,20.4617253917471,28.46638761751263,0.0757995017446936,6.768425766794612,0.826680626498717,2297.6168992257058,-871.279756269626,308.06981831675887,8305.819487611794,2,0,0,0
SYN_001,synthetic,synthetic_track_1,DRV_01,57.0,1,26.76176408616455,-0.7102045782224664,0.3572958039409811,-0.9339912785921333,0.4418494036972511,0.3150503230445094,0.12438958959759736,0.25,0.0,0.08049745321282813,0.4822391132185647,20.4617253917471,28.46638761751263,0.07555260878340511,6.768425766794612,0.8265663677520909,2302.9692520429385,-872.6815577877846,303.46874798750423,8466.680540425865,2,0,0,0
SYN_001,synthetic,synthetic_track_1,DRV_01,57.2,1,26.796869221042805,0.17552567439127031,0.3512479965397885,-0.9362824600123537,0.4428787023159497,0.32822300064166093,0.11020018017245617,0.25,0.0,0.1213364792165075,0.4843872184854339,20.4617253917471,28.46638761751263,0.07530392414447122,6.768425766794612,0.8264536407951679,2308.328625887147,-874.558336935192,296.3958556052987,8491.708614985733,2,0,0,0
SYN_001,synthetic,synthetic_track_1,DRV_01,57.400000000000006,1,26.676055399602955,-0.6040691071992477,0.3451775359119705,-0.9385374093246045,0.4439093511321437,0.3252311958949002,0.11399993933470337,0.25,0.0,0.08109674269111257,0.4848616270068928,20.4617253917471,28.46638761751263,0.07505345471664716,6.768425766794612,0.8263412035389679,2313.6638369670677,-875.6529067800685,291.5680258249695,8202.300261677643,2,0,0,0
SYN_001,synthetic,synthetic_track_1,DRV_01,57.6,1,26.659038191564587,-0.08508604019183963,0.33912006623117097,-0.9407431002560509,0.4449353532628976,0.3375620262432491,0.09976497202066067,0.25,0.0,0.08111278439401687,0.484582599760673,20.4617253917471,28.46638761751263,0.07480120743812828,6.768425766794612,0.8262301453347263,2318.9956446053807,-876.6175464749592,286.6516550846821,8244.927549587343,2,0,0,0
SYN_001,synthetic,synthetic_track_1,DRV_01,57.800000000000004,1,26.625907359913317,-0.165654158256352,0.33305238100914286,-0.9429083261400022,0.44596070088565015,0.32992043503243057,0.10669417631972367,0.25,0.0,0.0810040986687108,0.4835673840518552,20.4617253917471,28.46638761751263,0.0745471892963576,6.768425766794612,0.8261197375099165,2324.3208260773636,-877.448434298543,281.64822294775206,8268.232807234572,2,0,0,0
SYN_001,synthetic,synthetic_track_1,DRV_01,58.0,1,26.66921046764725,0.21651553866966822,0.3269784387861855,-0.9450317987078258,0.44698477424564687,0.33225088125339264,0.10305258801098074,0.25,0.0,0.08077402636216381,0.4818385825693535,20.4617253917471,28.46638761751263,0.0742914073278326,6.768425766794612,0.8260100907489546,2329.654668170893,-878.1418956218696,276.55936853022274,8288.419830807348,2,0,0,0
SYN_001,synthetic,synthetic_track_1,DRV_01,58.2,1,26.668266039599832,-0.004722140237092276,0.32088104775479165,-0.947119503120798,0.44801051310978707,0.32722557419444015,0.10756504217310145,0.25,0.0,0.0804267729215861,0.47942375125847975,20.4617253917471,28.46638761751263,0.07403386861790996,6.768425766794612,0.8259006678886579,2334.988321378813,-878.6944127297229,271.3868879274223,8522.050736722835,2,0,0,0
SYN_001,synthetic,synthetic_track_1,DRV_01,58.400000000000006,1,26.63887138825299,-0.14697325673420636,0.3147705450176225,-0.9491677954868195,0.44903621564977175,0.3364346371927138,0.09684009622635192,0.25,0.0,0.07996733247670473,0.47635489840000234,20.4617253917471,28.46638761751263,0.07377458030060947,6.768425766794612,0.8257917765215708,2340.3160956564634,-879.1026343568044,266.13273128570387,8297.494436077504,2,0,0,0
SYN_001,synthetic,synthetic_track_1,DRV_01,58.6,1,26.80328875977964,0.8220868576332485,0.30865372539455915,-0.951174472849256,0.45006078762624296,0.34666373392338334,0.08433841544621157,0.25,0.0,0.07940139695897426,0.4726679042917351,20.4617253917471,28.46638761751263,0.07351354955841645,6.768425766794612,0.8256836136445109,2345.6767534084192,-879.3633849159085,260.7989995262102,8255.629013909138,2,0,0,0
SYN_001,synthetic,synthetic_track_1,DRV_01,58.800000000000004,1,26.937052965185334,0.6688210270284678,0.30248624280189385,-0.9531537509319227,0.45109168334777294,0.3455387156818438,0.08577851976948013,0.25,0.0,0.07873525370504847,0.46840188311844605,20.4617253917471,28.46638761751263,0.0732507836220827,6.768425766794612,0.8255748204040927,2351.0641640014564,-879.4736733959105,255.387940728333,8022.280321515102,2,0,0,0
SYN_001,synthetic,synthetic_track_1,DRV_01,59.0,1,27.05438643246298,0.5866673363882313,0.29627519518401657,-0.9551026168525939,0.45212772384643396,0.3536432424407941,0.07721993999444192,0.25,0.0,0.07797567526544776,0.4635985093780395,20.4617253917471,28.46638761751263,0.07298628977042622,6.768425766794612,0.8254656091888333,2356.475041287949,-879.4307019080761,249.90194618133708,8518.294306932343,2,0,0,0
SYN_001,synthetic,synthetic_track_1,DRV_01,59.2,1,27.293879902464028,1.1974673500052369,0.29002445676104766,-0.9570192341225223,0.4531682771707594,0.3564317251562614,0.0719201247537994,0.25,0.0,0.11535255893221721,0.4554815183653769,20.4617253917471,28.46638761751263,0.07272007533012954,6.768425766794612,0.8253560928158951,2361.9338172684415,-879.0732591559299,241.53802157473663,8573.268582220999,2,0,0,0
SYN_001,synthetic,synthetic_track_1,DRV_01,59.400000000000006,1,27.33486225723314,0.20491177384556636,0.28370582350363,-0.9589113648873535,0.4542180417823926,0.3393946430999795,0.0893628431669989,0.25,0.0,0.07571543238590944,0.4495277173717713,20.4617253917471,28.46638761751263,0.0724521476755369,6.768425766794612,0.8252454139529556,2367.400789719888,-878.6362370410902,235.87604997770293,8501.642970003746,2,0,0,0
SYN_001,synthetic,synthetic_track_1,DRV_01,59.6,1,27.59254143434453,1.288395885556941,0.277365332303043,-0.9607645249677064,0.45526938263844,0.36108162046448755,0.06483265562648252,0.25,0.0,0.074686493457812,0.44319278648075666,20.4617253917471,28.46638761751263,0.07218251422844989,6.768425766794612,0.8251349599512812,2372.919298006757,-878.0377976051982,230.14857546825766,8635.601173252942,2,0,0,0
SYN_001,synthetic,synthetic_track_1,DRV_01,59.800000000000004,1,27.849928565111675,1.2869356538357302,0.27095279689887575,-0.9625926354656349,0.45633063423206865,0.3654807913529263,0.060581748269527905,0.25,0.0,0.07359756346851684,0.43652168773681305,20.4617253917471,28.46638761751263,0.07191118245792176,6.768425766794612,0.8250232116923991,2378.4892837197795,-877.2761073274157,224.3585765126638,8177.904694730572,2,0,0,0
SYN_001,synthetic,synthetic_track_1,DRV_01,60.0,1,28.08765409515252,1.1886276502042215,0.2644682289999592,-0.9643943984955663,0.45740178533072684,0.3593764638230147,0.06658266910322531,0.25,0.0,0.07245610117511249,0.4295584980617451,20.4617253917471,28.46638761751263,0.07163815988005072,6.768425766794612,0.8249101689658046,2384.10681453881,-876.3495656424934,218.50914758972175,8329.417010725827,2,0,0,0
SYN_001,synthetic,synthetic_track_1,DRV_01,60.2,1,28.40497516824212,1.5866053654480083,0.2579161768528936,-0.9661672969613425,0.4584820797190019,0.3678303290441221,0.05749489864153801,0.25,0.0,0.07126937724129719,0.4223459482340092,20.4617253917471,28.46638761751263,0.0713634540577716,6.768425766794612,0.8247959671338223,2389.787809572458,-875.2568107334589,212.60349334331917,8569.15944166899,2,0,0,0
SYN_001,synthetic,synthetic_track_1,DRV_01,60.400000000000006,1,28.527181316864475,0.611030743111769,0.2512780188812818,-0.967914953509397,0.45957457876393426,0.35149991875052383,0.07184284024744206,0.25,0.0,0.10459712555079084,0.4111486929542824,20.4617253917471,28.46638761751263,0.07108707260064638,6.768425766794612,0.8246800467447822,2395.493245835831,-873.3036513980388,203.64685421462553,8893.780834136287,2,0,0,0
SYN_001,synthetic,synthetic_track_1,DRV_01,60.6,1,28.801912491008494,1.3736558707200963,0.24459938555002705,-0.9696242264859873,0.46067177804535214,0.3753910101063166,0.045046944695143906,0.25,0.0,0.0681497629411856,0.4034875252057797,20.4617253917471,28.46638761751263,0.07080902316465348,6.768425766794612,0.824563771306362,2401.253628334033,-871.7910187961294,197.6153243357586,8794.4688418114,2,0,0,0
SYN_001,synthetic,synthetic_track_1,DRV_01,60.800000000000004,1,29.241888151092596,2.199878300420508,0.23784464140063075,-0.9713032104121788,0.46177954391039094,0.3812007463824609,0.038425845510758234,0.375,0.0,0.06685763146530022,0.39571095720328037,20.4617253917471,28.46638761751263,0.07052931345197552,6.768425766794612,0.8244460708327284,2407.1020059642515,-870.1093588299416,191.53956292917655,9750.575291360505,3,0,0,0
SYN_001,synthetic,synthetic_track_1,DRV_01,61.0,1,29.69620639352907,2.2715912121823756,0.2309749261530953,-0.9729597029109541,0.4629042319162022,0.38738617467748915,0.031073331849298738,0.375,0.0,0.09782905295746423,0.3839008794195791,20.4617253917471,28.46638761751263,0.0702479512107861,6.768425766794612,0.8243257862880276,2413.041247242957,-867.2695128732055,182.35092980124577,9855.801311725168,3,0,0,0
SYN_001,synthetic,synthetic_track_1,DRV_01,61.2,1,30.208431284078085,2.5611244527450694,0.22398667662936544,-0.9745922063573729,0.46404639370056866,0.39401339485814985,0.025892417829506444,0.375,0.0,0.0635665184732348,0.3759737553155541,20.4617253917471,28.46638761751263,0.06996494423503513,6.768425766794612,0.8242028149359981,2419.0829334997725,-865.1648550732646,176.18059484958698,9479.086956252879,3,0,0,0
SYN_001,synthetic,synthetic_track_1,DRV_01,61.400000000000006,1,30.58759948741323,1.8958410166757211,0.21686605443926865,-0.9762013698166706,0.46520825644226393,0.37649496673872723,0.045571031825570214,0.375,0.0,0.06223873087392275,0.3680345790527476,20.4617253917471,28.46638761751263,0.06968030036423298,6.768425766794612,0.8240767490782502,2425.200453397255,-862.8915176260624,169.97901270982078,10004.680111858366,3,0,0,0
SYN_001,synthetic,synthetic_track_1,DRV_01,61.6,1,31.001533970730055,2.0696724165841296,0.20964428183255385,-0.9777777227442405,0.4663847025763952,0.3799259182008699,0.0392414291335957,0.375,0.0,0.09086953678124991,0.3561539601732043,20.4617253917471,28.46638761751263,0.06939402748323317,6.768425766794612,0.8239485177461383,2431.400760191401,-859.1668323661983,160.62648443792375,9982.09334001667,3,0,0,0
SYN_001,synthetic,synthetic_track_1,DRV_01,61.800000000000004,1,31.451216080302554,2.2484105478624983,0.202313092266048,-0.9793208936287173,0.4675770692675771,0.39698325003964485,0.02252564624825126,0.375,0.0,0.05892730262720105,0.3482819039315877,20.4617253917471,28.46638761751263,0.06910613352201407,6.768425766794612,0.8238178751967089,2437.6910034074613,-856.4754255273648,154.36372792989087,9752.99694146759,3,0,0,0
SYN_001,synthetic,synthetic_track_1,DRV_01,62.0,1,31.844030788370652,1.9640735403404896,0.19486396104746995,-0.9808302792455431,0.46878673142451177,0.3865720521275697,0.030622057408559087,0.375,0.0,0.08593353438953856,0.3365893766817067,20.4617253917471,28.46638761751263,0.0688166264554593,6.768425766794612,0.8236845688041131,2444.0598095651353,-852.1293039941668,144.93787408652366,9709.658266286642,3,0,0,0
SYN_001,synthetic,synthetic_track_1,DRV_01,62.2,1,32.13689102912497,1.4643012037715764,0.1873103259761425,-0.982300789871774,0.4700115018394491,0.37254606196932855,0.044386444375814564,0.375,0.0,0.0556679050011086,0.3288922565076074,20.4617253917471,28.46638761751263,0.06852551430313664,6.768425766794612,0.8235489942342914,2450.48718777096,-849.0283611964362,138.63864484445503,9955.382367639104,3,0,0,0
SYN_001,synthetic,synthetic_track_1,DRV_01,62.400000000000006,1,32.74777686739944,3.05442919137235,0.17967597775198996,-0.9837258474894651,0.4712475361098,0.40141274396814175,0.010458448426327663,0.375,0.0,0.08110633627081852,0.3175224661434852,20.4617253917471,28.46638761751263,0.06823280512907605,6.768425766794612,0.8234118487493057,2457.03674314444,-844.076735765342,129.17684405512446,9931.013142669819,3,0,0,0
SYN_001,synthetic,synthetic_track_1,DRV_01,62.6,1,33.28635836993045,2.6929075126550472,0.17188536428979223,-0.9851169583064568,0.4725070659893154,0.40385252657908915,0.010791207974711711,0.375,0.0,0.0524981410002296,0.3100732020878468,20.4617253917471,28.46638761751263,0.06793850704154616,6.768425766794612,0.8232709037374929,2463.6940148184262,-840.5789565791464,122.86620768825625,10112.366609826266,3,0,0,0
SYN_001,synthetic,synthetic_track_1,DRV_01,62.800000000000004,1,33.862846613747934,2.8824412190874327,0.16395559438638416,-0.9864677202369104,0.47378731054200507,0.4028566913084808,0.010085602399755443,0.375,0.0,0.07643384296180944,0.2991124728462798,20.4617253917471,28.46638761751263,0.06764262819282973,6.768425766794612,0.8231266628835183,2470.4665841411756,-835.0439650162193,113.4061559549243,10011.15411291745,3,0,0,0
SYN_001,synthetic,synthetic_track_1,DRV_01,63.0,1,34.346392079127675,2.4177273268987065,0.15587760533709216,-0.9877763776049586,0.47508972771945684,0.3979846504153553,0.017017518230052025,0.375,0.0,0.049442144663580656,0.29195456016582827,20.4617253917471,28.46638761751263,0.06734517677899786,6.768425766794612,0.8229788583813716,2477.3358625570013,-831.1661437557765,107.10923679350121,9980.624102680382,3,0,0,0
SYN_001,synthetic,synthetic_track_1,DRV_01,63.2,1,34.96611211829876,3.0986001958554255,0.14767360582265,-0.9890361500690137,0.4764107427994233,0.40584231590888714,0.0063574703913953316,0.375,0.0,0.071943494939819,0.28144928040317396,20.4617253917471,28.46638761751263,0.06704616103968289,6.768425766794612,0.8228281383586122,2484.3290849806613,-825.0759805788412,97.6884889750455,10024.12583811224,3,0,0,0
SYN_001,synthetic,synthetic_track_1,DRV_01,63.400000000000006,1,35.561221463855404,2.975546727783218,0.13931113248103646,-0.9902486598662232,0.47775559326551176,0.4086540035922708,0.002637659060295666,0.375,0.0,0.06934241670069803,0.2712259440866875,20.4617253917471,28.46638761751263,0.06674558925785015,6.768425766794612,0.822673547108334,2491.4413292734325,-818.6686834930397,88.30912052613017,10316.724985720572,3,0,0,0
SYN_001,synthetic,synthetic_track_1,DRV_01,63.6,1,36.018183320823965,2.284809284842808,0.13079613428616213,-0.9914092854395687,0.47912333255258316,0.4104487134660402,0.0,0.375,0.0,0.06681215507943329,0.2612839649383641,20.4617253917471,28.46638761751263,0.06644346975956852,6.768425766794612,0.8225152544075715,2498.644965937597,-811.9577134866694,78.98423901159684,10234.188423210282,3,0,0,0
SYN_001,synthetic,synthetic_track_1,DRV_01,63.800000000000004,1,36.55943621978674,2.7062644948138725,0.12216187449957473,-0.9925101895793061,0.48050864729569176,0.4078779663796845,0.013381409841603834,0.375,0.0,0.06435193540085136,0.2516179084650567,20.4617253917471,28.46638761751263,0.06613981091377992,6.768425766794612,0.8223542247780622,2505.9568531815544,-804.9576929457819,69.72668928763608,10206.868651100925,3,0,0,0
SYN_001,synthetic,synthetic_track_1,DRV_01,64.0,1,37.09729670362467,2.6893024191896586,0.1133884042617105,-0.9935507384019112,0.4819147794579912,0.42401686411689143,0.0,0.375,0.0,0.041568259631377356,0.24532257962235177,20.4617253917471,28.46638761751263,0.06583462113206728,6.768425766794612,0.8221898656590375,2513.3763125222795,-800.1381538131243,63.598596920909046,9931.872940541594,3,0,0,0
SYN_001,synthetic,synthetic_track_1,DRV_01,64.2,1,37.6716033582461,2.871533273107154,0.1044768156522787,-0.9945273223954985,0.48334159856197684,0.4274944819479281,0.0,0.375,0.0,0.06040161300490984,0.23609331063972605,20.4617253917471,28.46638761751263,0.06552790886842168,6.768425766794612,0.8220221982612058,2520.910633193929,-792.6918641000203,54.48092358747397,10160.176869577706,3,0,0,0
SYN_001,synthetic,synthetic_track_1,DRV_01,64.4,1,38.36450730094284,3.464519713483689,0.0954186768977355,-0.9954372286081556,0.48479050638344784,0.433173553850517,0.0,0.375,0.0,0.058116316523001046,0.22710672398599915,20.4617253917471,28.46638761751263,0.06521968261900805,6.768425766794612,0.8218509649125222,2528.5835346541176,-785.0007825219255,45.463137287665475,10443.907573087716,3,0,0,0
SYN_001,synthetic,synthetic_track_1,DRV_01,64.60000000000001,1,38.989263516947766,3.123781080024628,0.08618580648021669,-0.9962790807606846,0.48626606435656106,0.4408840913555731,0.0,0.5,0.0,0.05588972385314565,0.21834475118932717,20.4617253917471,28.46638761751263,0.06490995092192994,6.768425766794612,0.821675332870539,2536.3813873575073,-777.083304480108,36.55666238201011,11700.605314495,4,0,0,0
SYN_001,synthetic,synthetic_track_1,DRV_01,64.8,1,39.47740834567806,2.440724143651458,0.07679499553184126,-0.9970469039424698,0.48776565141490524,0.4389220956723913,0.001145959203844093,0.5,0.0,0.05371697978434249,0.20978682212178804,20.4617253917471,28.46638761751263,0.06459872235699302,6.768425766794612,0.8214957765954015,2544.276869026643,-768.9586992540748,27.77242038891518,11432.086038527992,4,0,0,0
SYN_001,synthetic,synthetic_track_1,DRV_01,65.0,1,40.089907251098815,3.0624945271037873,0.06727966916864754,-0.9977341560338392,0.48928401327435445,0.46896345551706764,0.0,0.5,0.0,0.06832560773269868,0.19865384712520243,20.4617253917471,28.46638761751263,0.0642860055454672,6.768425766794612,0.8213132497804395,2552.294850476863,-757.8384848517267,16.268083997075262,11474.098100233343,4,0,0,0
SYN_001,synthetic,synthetic_track_1,DRV_01,65.2,1,40.76928618352435,3.3968946621276785,0.05761044881617256,-0.9983391388637426,0.4908259327840121,0.46760895737689423,0.0041707419724154845,0.5,0.0,0.04882499182373835,0.1904794572302186,20.4617253917471,28.46638761751263,0.06397180914984808,6.768425766794612,0.8211268793483676,2560.4487077135677,-749.3098558903928,7.808371028149466,11684.905864702263,4,0,0,0
SYN_001,synthetic,synthetic_track_1,DRV_01,65.4,1,41.45608086544327,3.433973409594593,0.04777182987526312,-0.9988582743664733,0.49239398225260916,0.48132048443688646,0.0,0.5,0.0,0.046789293350589664,0.18242466636012472,20.4617253917471,28.46638761751263,0.06365614187361676,6.768425766794612,0.8209361945279523,2568.7399238866565,-740.6436457169275,-0.49688756137455314,11587.940390794429,4,0,0,0
SYN_001,synthetic,synthetic_track_1,DRV_01,65.60000000000001,1,42.06771940866281,3.0581927160977074,0.03776272125333319,-0.9992867340676264,0.4939884469012801,0.48494244060431674,0.0,0.5,0.0,0.0447799063293249,0.17445951027105513,20.4617253917471,28.46638761751263,0.06333901246099903,6.768425766794612,0.8207411407856795,2577.153467768389,-731.8619909900452,-8.639427172275479,11240.842205387982,4,0,0,0
SYN_001,synthetic,synthetic_track_1,DRV_01,65.8,1,42.79592689879917,3.6410374506818144,0.027602069997514564,-0.9996189902817234,0.49560643610930555,0.5090164416564088,0.0,0.5,0.0,0.05661161606782785,0.16392258916017327,20.4617253917471,28.46638761751263,0.06302042969672286,6.768425766794612,0.8205422415791016,2585.712653148149,-720.0125924129732,-19.23006779364214,11899.402870738515,4,0,0,0
SYN_001,synthetic,synthetic_track_1,DRV_01,66.0,1,43.60445095356383,4.0426202738232675,0.01726261324908762,-0.9998509899899146,0.49725243329772095,0.5254804006826839,0.0,0.5,0.0,0.04014867155918021,0.15603662689762213,20.4617253917471,28.46638761751263,0.06270040240577517,6.768425766794612,0.8203386782780944,2594.433543338862,-711.0498969179506,-26.964801786745333,11554.645065188752,4,0,0,0
SYN_001,synthetic,synthetic_track_1,DRV_01,66.2,1,44.32945283233482,3.625009393854981,0.006725925961929784,-0.9999773807041611,0.49892952756516573,0.5201082833190155,0.002123837565232306,0.5,0.0,0.03816707872664132,0.14812225656937367,20.4617253917471,28.46638761751263,0.06237893945315738,6.768425766794612,0.8201298860072047,2603.299433905329,-702.0481292720276,-34.5145070784258,12237.157276095355,4,0,0,0
SYN_001,synthetic,synthetic_track_1,DRV_01,66.4,1,45.1828265826876,4.2668687517639015,-0.003986711484592332,-0.9999920530341921,0.5006345065202555,0.5592333303878626,0.0,0.5,0.0,0.04778408073341881,0.13745211150198583,20.4617253917471,28.46638761751263,0.062056049743639916,6.768425766794612,0.8199164467502337,2612.3359992218666,-690.0253089161661,-44.2843719161898,11767.081895875823,4,0,0,0
SYN_001,synthetic,synthetic_track_1,DRV_01,66.60000000000001,1,45.9721055630169,3.9463949016464994,-0.014905095950309904,-0.9998889128871827,0.5023723075426666,0.5554005970008293,0.005324889978121284,0.5,0.0,0.0334761344775478,0.12930039843635577,20.4617253917471,28.46638761751263,0.06173174222151542,6.768425766794612,0.8196974592207922,2621.53042033447,-681.0230898353267,-51.38414236575077,11690.067834033915,4,0,0,0
SYN_001,synthetic,synthetic_track_1,DRV_01,66.8,1,46.83482219966665,4.313583183248717,-0.026012377261216767,-0.9996616208643904,0.5041404654489365,0.5948098434308766,0.001437554196092981,0.5,0.0,0.041409619470419066,0.11813241471178505,20.4617253917471,28.46638761751263,0.061406025870351,6.768425766794612,0.8194733693872004,2630.8973847744032,-669.0841168281199,-60.54098335946976,12230.987619020438,4,0,0,0
SYN_001,synthetic,synthetic_track_1,DRV_01,67.0,1,47.693940541882036,4.295591711076945,-0.037324788513982396,-0.9993031873072289,0.5059418047643083,0.6347082308046474,0.002138501927731106,0.5,0.0,0.03759835791040297,0.10649171303747922,20.4617253917471,28.46638761751263,0.06107890971273945,6.768425766794612,0.8192436604790861,2640.43617288278,-657.2680958154594,-69.33941872527187,12090.906171801578,4,0,0,0
SYN_001,synthetic,synthetic_track_1,DRV_01,67.2,1,48.69540619368661,5.007328259022863,-0.04883978715709961,-0.9988066255239045,0.5077761870928422,0.660408910546683,0.004214465596201204,0.5,0.0,0.02558850971335285,0.09735266619791673,20.4617253917471,28.46638761751263,0.06075040281004919,6.768425766794612,0.8190083549661001,2650.1752541215174,-648.5189043963259,-75.70132801932651,12049.594556438047,4,0,0,0
SYN_001,synthetic,synthetic_track_1,DRV_01,67.4,1,49.87705892469962,5.908263655065049,-0.06058987012951403,-0.9981627460678387,0.5096490873310611,0.7188688913330042,0.001650185997468787,0.5,0.0,0.03044783167515725,0.08446973840428919,20.4617253917471,28.46638761751263,0.06042051426217353,6.768425766794612,0.818766453687107,2660.150665906457,-637.0455270614549,-83.86761370844168,11866.093152001988,4,0,0,0
SYN_001,synthetic,synthetic_track_1,DRV_01,67.60000000000001,1,51.19945754791623,6.61199311608307,-0.07261637108944527,-0.9973599463833506,0.5115674357512418,0.7835275993455345,0.003117125243140045,0.625,0.0,0.025976841624671582,0.07058381550526047,20.4617253917471,28.46638761751263,0.06008925320727823,6.768425766794612,0.8185166925911026,2670.3905574160403,-625.8380261626243,-91.67418918134014,13217.42948105257,5,0,0,0
SYN_001,synthetic,synthetic_track_1,DRV_01,67.8,1,52.79458808121937,7.975652666515707,-0.08495074352110905,-0.9963851520246629,0.5135366456569308,0.8620330217868404,0.00969964028599249,0.625,1.0,0.021127120917799027,0.05542770890235453,20.4617253917471,28.46638761751263,0.05975662882154863,6.768425766794612,0.8182580837039861,2680.949475032284,-614.9447939431943,-99.12523402902734,13633.805258758737,5,0,0,0
SYN_001,synthetic,synthetic_track_1,DRV_01,68.0,1,54.62601770181963,9.15714810300127,-0.09765575664402898,-0.9952202536093617,0.5155672067369778,0.9801907233222962,0.0002712801520629807,0.625,1.0,0.015800113447636852,0.038676926885244524,20.4617253917471,28.46638761751263,0.059422650318935344,6.768425766794612,0.8179887151382016,2691.874678572648,-604.4117326412296,-106.22729396980822,13677.765705024063,5,0,0,0
SYN_001,synthetic,synthetic_track_1,DRV_01,68.2,1,56.49874367986673,9.3636298902355,-0.1107847454499103,-0.9938444245331352,0.5176682074178169,0.98999238673479,0.010007613265210071,0.625,1.0,0.01133510822560376,0.014881675498180641,20.4617253917471,28.46638761751263,0.05908732695089908,6.768425766794612,0.8177069300246996,2703.1744273086215,-591.8172192979357,-114.62773513131398,13512.674850737749,5,0,0,0
SYN_001,synthetic,synthetic_track_1,DRV_01,68.4,1,58.309986351198916,9.05621335666094,-0.12434349379692691,-0.9922392330231523,0.5198412360208887,0.9930072246736172,0.006992775326382705,0.625,1.0,0.001400979931211034,0.007055406421069961,20.4617253917471,28.46638761751263,0.058750668006154416,6.768425766794612,0.8174124365023641,2714.836424578861,-582.2472043852626,-120.98003832151383,13757.155552671024,5,0,0,0
SYN_001,synthetic,synthetic_track_1,DRV_01,68.60000000000001,1,59.21069097578757,4.503523122943278,-0.13831257543061382,-0.9903886264884865,0.5220839278036271,0.7197040403894046,0.003883989457535612,0.625,0.0,-0.009445611135521718,0.0391624957773086,20.4617253917471,28.46638761751263,0.058412682810412286,6.768425766794612,0.8171056621566284,2726.6785627740187,-570.9750457623903,-128.48238082871347,13768.402425303602,5,0,0,0
SYN_001,synthetic,synthetic_track_1,DRV_01,68.8,1,58.9224367983083,-1.4412708873963709,-0.152469317591183,-0.9883082045562908,0.5243612620719267,0.376091333757061,0.047181441286237004,0.625,0.0,-0.01804745332250304,0.06960657731465021,20.4617253917471,28.46638761751263,0.058073380726121976,6.768425766794612,0.8167929779450849,2738.4630501336806,-562.5477894002686,-134.1526529100845,13704.398094702703,5,0,0,0
SYN_001,synthetic,synthetic_track_1,DRV_01,69.0,1,55.52356893733173,-16.99433930488283,-0.16652615623030553,-0.9860370374844749,0.5266275096410924,0.01886493307324028,0.519773146099074,0.625,0.0,-0.038320302072176245,0.11535567889504066,20.4617253917471,28.46638761751263,0.05773277115221133,6.768425766794612,0.8164827037596699,2749.5677639211467,-552.7957703525401,-140.85428385401423,13661.363952942591,5,0,0,0
SYN_001,synthetic,synthetic_track_1,DRV_01,69.2,1,51.503009884827016,-20.10279526252358,-0.17974129517523887,-0.9837139151240708,0.5287630315232974,0.0,0.6635929158072607,0.625,0.0,-0.04578268767320025,0.15976124403307262,20.4617253917471,28.46638761751263,0.05739086352382697,6.768425766794612,0.8161966110656239,2759.868365898112,-545.646651823275,-145.92954691307787,13251.266965415263,5,0,0,0
SYN_001,synthetic,synthetic_track_1,DRV_01,69.4,1,47.36516665937948,-20.689216127237664,-0.19197062395649503,-0.9814006722729275,0.5307439165188678,0.0,0.7481180113846008,0.5,0.0,-0.062047264493917766,0.21291560662224268,20.4617253917471,28.46638761751263,0.057047667312072434,6.768425766794612,0.8159390488599565,2769.341399229988,-539.0963438447798,-150.77227999995398,11672.235682718872,4,0,0,0
SYN_001,synthetic,synthetic_track_1,DRV_01,69.60000000000001,1,43.079836139532425,-21.42665259923529,-0.20319122155340313,-0.9791390746383457,0.5325656536980746,0.0,0.7969783060524616,0.5,0.0,-0.0815627284335374,0.2768016066823944,20.4617253917471,28.46638761751263,0.05670319202374599,6.768425766794612,0.8157108352798388,2777.9573664578943,-533.1574224131753,-155.40355815102677,11944.406717413121,4,0,0,0
SYN_001,synthetic,synthetic_track_1,DRV_01,69.8,1,38.78600958655479,-21.469132764888172,-0.21337356426548568,-0.9769706863937334,0.534222570472672,0.0,0.8002860811985796,0.375,0.0,-0.10502926864314568,0.35358541482040934,20.4617253917471,28.46638761751263,0.05635744720107744,6.768425766794612,0.8155129998736625,2785.714568375205,-527.8378810616352,-159.84519175185696,10432.012994505658,3,0,0,0
SYN_001,synthetic,synthetic_track_1,DRV_01,70.0,1,34.823976026788756,-19.81016779883017,-0.22252126693373056,-0.9749278361818414,0.5357143400721548,0.0,0.7309879176104218,0.375,0.0,-0.09695509334192534,0.4208745461713029,20.4617253917471,28.46638761751263,0.056010442421463524,6.768425766794612,0.8153455992404409,2792.679363580563,-524.2568996926235,-163.06538280358953,10013.02642958814,3,0,0,0
SYN_001,synthetic,synthetic_track_1,DRV_01,70.2,1,31.67916443604882,-15.724057953699688,-0.23071788914947425,-0.9730206861246121,0.5370537237654929,0.009344429562285624,0.5794891540124039,0.375,0.0,-0.0744990478952761,0.4707075719611572,20.4617253917471,28.46638761751263,0.05566218729720286,6.768425766794612,0.8152063079455315,2799.0151964677725,-522.0641666939733,-165.16459838762125,9877.314310855501,3,0,0,0
SYN_001,synthetic,synthetic_track_1,DRV_01,70.4,1,28.828380418404983,-14.253920088219179,-0.23816012980630766,-0.9712259019253155,0.5382721531668794,0.006835717454819838,0.5427378466827368,0.25,0.0,-0.1282277482833432,0.5530140150360432,20.4617253917471,28.46638761751263,0.055312691475229506,6.768425766794612,0.8150894025410712,2804.7808725514533,-519.0658478962797,-168.2491554092843,8470.012002029627,2,0,0,0
SYN_001,synthetic,synthetic_track_1,DRV_01,70.60000000000001,1,26.47473382228574,-11.76823298059622,-0.24492052968798791,-0.9695431574392939,0.5393809370291256,0.05882270188019154,0.46820256078606026,0.25,0.0,-0.09743731549368324,0.612655006212163,20.4617253917471,28.46638761751263,0.05496196463684583,6.768425766794612,0.8149928219296575,2810.0758193159104,-517.2596618715909,-170.2668280905043,8146.861828914117,2,0,0,0
SYN_001,synthetic,synthetic_track_1,DRV_01,70.8,1,24.46430111574713,-10.052163532693044,-0.2511185244986862,-0.9679563454276245,0.5403991960222905,0.11003259990777059,0.4020216596751438,0.25,0.0,-0.10770205935199456,0.6755478528867487,20.4617253917471,28.46638761751263,0.05461001649745431,6.768425766794612,0.814913083234719,2814.96867953906,-515.6063328040865,-172.25685019785774,8308.624598602133,2,0,0,0
SYN_001,synthetic,synthetic_track_1,DRV_01,71.0,1,22.729733203408337,-8.672839561693966,-0.25683672515348377,-0.966454808365313,0.5413401306805884,0.138112371406558,0.36202924744164133,0.25,0.0,-0.11844512891803463,0.740803635124291,20.4617253917471,28.46638761751263,0.054256856806288375,6.768425766794612,0.8148477810342585,2819.5146261797413,-514.1044361449435,-174.22204251439723,8000.474311243052,2,0,0,0
SYN_001,synthetic,synthetic_track_1,DRV_01,71.2,1,21.365510163264382,-6.821115200719774,-0.2621414532712637,-0.9650294599010073,0.5422143511884118,0.17092063497628993,0.31932799571575954,0.25,0.0,-0.12948158419190392,0.8070816227056072,20.4617253917471,28.46638761751263,0.05390249534614237,6.768425766794612,0.8147949813398785,2823.787728212394,-512.752273947362,-176.16520552813193,8065.405644038255,2,0,0,0
SYN_001,synthetic,synthetic_track_1,DRV_01,71.4,1,20.15200100136138,-6.067545809515007,-0.267120586700975,-0.9636631113415761,0.5430361015793066,0.18912473787034823,0.2946412556853202,0.25,0.0,-0.14054520881669536,0.8725306238911891,20.4617253917471,28.46638761751263,0.0535469419331005,6.768425766794612,0.8147520887926482,2827.8181284126663,-511.5478793059023,-178.08911319316505,7834.988685946157,2,0,0,0
SYN_001,synthetic,synthetic_track_1,DRV_01,71.60000000000001,1,19.30289936696908,-4.245508171961507,-0.27181039385014244,-0.9623508246970179,0.5438111785408973,0.22922286996534103,0.24252273092403004,0.125,0.0,-0.07433562484552168,0.9042232006231439,20.4617253917471,28.46638761751263,0.05319020641626511,6.768425766794612,0.8147180454406893,2831.67870828606,-511.00040783043323,-179.04470436984548,7323.341192628064,1,0,0,0
SYN_001,synthetic,synthetic_track_1,DRV_01,71.8,1,18.40988242500762,-4.4650847098072965,-0.276296553461626,-0.9610724293960506,0.5445535977473193,0.22855718785912021,0.24116789419530493,0.125,0.0,-0.1563954087082875,0.9638482606371288,20.4617253917471,28.46638761751263,0.05283229867748368,6.768425766794612,0.8146902974667549,2835.3606847710616,-510.0134005950512,-180.94485714536748,6935.05621450877,1,0,0,0
SYN_001,synthetic,synthetic_track_1,DRV_01,72.0,1,17.804606197943166,-3.0263811353222714,-0.28056956825724305,-0.9598336925571764,0.5452616701482811,0.26234409502301376,0.19852069086061958,0.125,0.0,-0.08180956448494332,0.9910380411243906,20.4617253917471,28.46638761751263,0.05247322863107509,6.768425766794612,0.8146691493037024,2838.92160601065,-509.57321063541997,-181.89008914331384,6684.730121018897,1,0,0,0
SYN_001,synthetic,synthetic_track_1,DRV_01,72.2,1,17.220673963749068,-2.919661170970489,-0.28469681417841886,-0.9586176109360076,0.5459464626943558,0.26570620549329593,0.19347923483315585,0.125,0.0,-0.16997781996160988,1.0382499353180343,20.4617253917471,28.46638761751263,0.052113006223555025,6.768425766794612,0.8146525837825729,2842.3657408034,-508.79770535373854,-183.7725184809692,6645.447689800987,1,0,0,0
SYN_001,synthetic,synthetic_track_1,DRV_01,72.4,1,16.85066974842605,-1.8500210766150893,-0.28868368672563566,-0.9574245291502067,0.5466087963083461,0.2806714960919027,0.17261805949382353,0.125,0.0,-0.08772579312872342,1.057521319270332,20.4617253917471,28.46638761751263,0.05175164143336053,6.768425766794612,0.814640448501885,2845.735874753085,-508.46164295752675,-184.71036798748554,6586.465782735376,1,0,0,0
SYN_001,synthetic,synthetic_track_1,DRV_01,72.60000000000001,1,16.37080713007778,-2.399313091741355,-0.29258005800089604,-0.9562410311528116,0.547256898990978,0.2787735027599743,0.17126602913449457,0.125,0.0,-0.08920445414377642,1.0734410925325253,20.4617253917471,28.46638761751263,0.05138914427057352,6.768425766794612,0.8146312429624821,2849.010036179101,-508.1595176238842,-185.64640316577152,6437.408111447952,1,0,0,0
SYN_001,synthetic,synthetic_track_1,DRV_01,72.8,1,16.100425544039023,-1.3519079301937786,-0.2963608250929074,-0.9550760500348918,0.5478865454190579,0.2948652015301633,0.15087399588307016,0.125,0.0,-0.18164657656187552,1.0940863577144913,20.4617253917471,28.46638761751263,0.05102552477664343,6.768425766794612,0.8146257331607506,2852.230121287909,-507.65542057239315,-187.51429609573336,6432.529232714968,1,0,0,0
SYN_001,synthetic,synthetic_track_1,DRV_01,73.0,1,15.925306055958337,-0.8755974404034284,-0.3000746248695707,-0.9539157297735406,0.548505792555367,0.3089354017213966,0.13334047342739944,0.125,0.0,-0.09179051680163013,1.098385912675606,20.4617253917471,28.46638761751263,0.05066079302410918,6.768425766794612,0.8146224497077026,2855.4151824991004,-507.45258411973043,-188.44677698702472,6555.853478684653,1,0,0,0
SYN_001,synthetic,synthetic_track_1,DRV_01,73.2,1,15.96425848132578,0.1947621268372135,-0.3037435620837415,-0.9527538236568145,0.5491183043267501,0.3289779333867927,0.110687254654692,0.125,0.0,-0.09197664475726341,1.0985005713679392,20.4617253917471,28.46638761751263,0.05029495911632004,6.768425766794612,0.8146207227376476,2858.6080341953657,-507.2819557530338,-189.37868951628133,6640.5800960358565,1,0,0,0
SYN_001,synthetic,synthetic_track_1,DRV_01,73.4,1,15.883803064376139,-0.4022770847482082,-0.30741695796940066,-0.9515749124229997,0.5497323142683396,0.31816403261296916,0.12152143355168984,0.125,0.0,-0.09180969995228327,1.0943980441640655,20.4617253917471,28.46638761751263,0.04992803318715594,6.768425766794612,0.8146190507070276,2861.784794808241,-507.1430682771522,-190.31033491570636,6691.4415637758,1,0,0,0
SYN_001,synthetic,synthetic_track_1,DRV_01,73.60000000000001,1,15.940233877525428,0.28215406574644497,-0.31106730009229494,-0.9503878865038685,0.5503432297708155,0.3367495209734142,0.09884130798928847,0.125,0.0,-0.18171572359164667,1.073801674654556,20.4617253917471,28.46638761751263,0.049560025400746596,6.768425766794612,0.8146182664214997,2864.972841583746,-506.95858016680586,-192.1740070883279,6642.681738049714,1,0,0,0
SYN_001,synthetic,synthetic_track_1,DRV_01,73.8,1,15.971764123588159,0.1576512303136557,-0.3147260030916162,-0.9491825656732091,0.5509563156891819,0.3254422130296208,0.10866077695143167,0.125,0.0,-0.08922859890115258,1.0576226071134904,20.4617253917471,28.46638761751263,0.04919094595118993,6.768425766794612,0.814617408619224,2868.1671944084633,-506.9119789064574,-193.10661373258424,6775.351531585794,1,0,0,0
SYN_001,synthetic,synthetic_track_1,DRV_01,74.0,1,16.208535646491843,1.1838576145184199,-0.31838725902062615,-0.9479607340461591,0.5515706143093199,0.343392828965206,0.08824670840294373,0.125,0.0,-0.0877185944913064,1.037841611240967,20.4617253917471,28.46638761751263,0.04882080506226982,6.768425766794612,0.814616648537035,2871.4089015377617,-506.89511784277244,-194.04011271289187,6494.931896483481,1,0,0,0
SYN_001,synthetic,synthetic_track_1,DRV_01,74.2,1,16.392241251434882,0.9185280247151972,-0.3220979413067928,-0.9467063516243703,0.5521940195264926,0.34637420989366385,0.08527137607921763,0.125,0.0,-0.08591910865519074,1.0147640505415414,20.4617253917471,28.46638761751263,0.04844961298717282,6.768425766794612,0.8146145464100386,2874.687349788049,-506.90746521754323,-194.97478183955823,6647.442101203454,1,0,0,0
SYN_001,synthetic,synthetic_track_1,DRV_01,74.4,1,16.735308979758916,1.7153386416201677,-0.325845653638947,-0.9454229794142976,0.5528244903438555,0.3629694108982779,0.06247769925937827,0.125,0.0,-0.16542164958923442,0.9601204549582109,20.4617253917471,28.46638761751263,0.04807738000820419,6.768425766794612,0.8146114706149692,2878.0344115840007,-507.0175982708361,-196.84871622505966,6840.427657507796,1,0,0,0
SYN_001,synthetic,synthetic_track_1,DRV_01,74.60000000000001,1,17.144213571538746,2.044522958899151,-0.32966652522550316,-0.9440974431411954,0.5534681560738463,0.3728102793050472,0.05235512613676462,0.125,0.0,-0.07907036210423139,0.9293063276391903,20.4617253917471,28.46638761751263,0.04770411643650291,6.768425766794612,0.8146063025236212,2881.4632542983086,-507.11426135684155,-197.78851118839174,6861.130775140912,1,0,0,0
SYN_001,synthetic,synthetic_track_1,DRV_01,74.8,1,17.493931190798605,1.7485880962992972,-0.3335751628114687,-0.9427235070556489,0.5541275489035209,0.36010379092948475,0.06511794009079666,0.125,0.0,-0.07640867680020295,0.8966749899775686,20.4617253917471,28.46638761751263,0.04732983261175633,6.768425766794612,0.8145985781760444,2884.9620405364685,-507.2378883105126,-198.73053547158136,6599.947053113051,1,0,0,0
SYN_001,synthetic,synthetic_track_1,DRV_01,75.0,1,18.215062664617733,3.6056573690956384,-0.3375576283281293,-0.941304864301406,0.5548003924108593,0.3976655525941788,0.018637825477018227,0.125,0.0,-0.1443187698346529,0.8274405013085603,20.4617253917471,28.46638761751263,0.04695453890191338,6.768425766794612,0.8145887087706618,2888.605053069392,-507.56366734540654,-200.62227108625262,6762.003973365302,1,0,0,0
SYN_001,synthetic,synthetic_track_1,DRV_01,75.2,1,18.61266946576144,1.9880340057185286,-0.3416978460463919,-0.9398098648169513,0.5555009717441138,0.369771804151885,0.049231247190387066,0.125,0.0,-0.06772837419916694,0.7915264695201852,20.4617253917471,28.46638761751263,0.04657824570289776,6.768425766794612,0.8145740912917141,2892.327586962544,-507.76461024394274,-201.57246770305318,7031.561039446568,1,0,0,0
SYN_001,synthetic,synthetic_track_1,DRV_01,75.4,1,19.413556532354615,4.004435332965883,-0.34592159850107645,-0.9382634212684944,0.556216843646643,0.42368370355569973,0.0,0.125,0.0,-0.12634358907102813,0.7186194705044453,20.4617253917471,28.46638761751263,0.04620096343831978,6.768425766794612,0.8145569872848272,2896.210298269015,-508.239505449204,-203.4826879469026,7043.44147867492,1,0,0,0
SYN_001,synthetic,synthetic_track_1,DRV_01,75.60000000000001,1,20.232195170984422,4.093193193149034,-0.3503196373376073,-0.9366302107532338,0.5569635188978874,0.4182603643620875,0.0,0.25,0.0,-0.05858534936958747,0.6821368204748776,20.4617253917471,28.46638761751263,0.04582270255918748,6.768425766794612,0.8145345706528404,2900.2567373032116,-508.51219045490257,-204.4431614091182,8180.588947910444,2,0,0,0
SYN_001,synthetic,synthetic_track_1,DRV_01,75.8,1,21.127649661229885,4.477272451227314,-0.35489492784632864,-0.9349061932562802,0.5577416802506177,0.45704372379614766,0.0,0.25,0.0,-0.10806661536729835,0.6101418821425985,20.4617253917471,28.46638761751263,0.04544347354361747,6.768425766794612,0.8145067139913145,2904.4822672354576,-509.12480019348146,-206.37591375980696,8236.243920248855,2,0,0,0
SYN_001,synthetic,synthetic_track_1,DRV_01,76.0,1,21.93505785809033,4.037040984302234,-0.35966365842000414,-0.9330820182663143,0.5585542821606649,0.44425217029498215,0.0018516967351370848,0.25,0.0,-0.049554731272660746,0.5749463040200731,20.4617253917471,28.46638761751263,0.04506328689654428,6.768425766794612,0.8144728764378079,2908.8692788070757,-509.463405613567,-207.3486054754409,8432.996936051288,2,0,0,0
SYN_001,synthetic,synthetic_track_1,DRV_01,76.2,1,22.956079163796176,5.10510652852922,-0.3646047075976282,-0.9311623957171209,0.5593979382321299,0.49657398916579537,0.0,0.25,0.0,-0.09042055435175309,0.5067380950127996,20.4617253917471,28.46638761751263,0.04468215314942975,6.768425766794612,0.8144336711569355,2913.460494639835,-510.20186027458965,-209.30760450757097,8214.4183482408,2,0,0,0
SYN_001,synthetic,synthetic_track_1,DRV_01,76.4,1,24.061035079784777,5.524779579943004,-0.369764776363955,-0.9291254006647942,0.5602808643538144,0.5436311833055514,0.003536155588641153,0.25,0.0,-0.07928372524536906,0.4419307115773447,20.4617253917471,28.46638761751263,0.044300082859971016,6.768425766794612,0.8143875996896266,2918.272701655792,-511.0174118530625,-211.28599520054712,8522.4462033842,2,0,0,0
SYN_001,synthetic,synthetic_track_1,DRV_01,76.60000000000001,1,25.301077984457322,6.200214523362728,-0.37516099989528523,-0.9269596669529747,0.56120628877996,0.6127111889801005,0.0,0.25,0.0,-0.06874827376772696,0.38084302896708694,20.4617253917471,28.46638761751263,0.043917086611808084,6.768425766794612,0.814334071318517,2923.3329172526833,-511.9044934575011,-213.28517096212704,8305.826066806017,2,0,0,0
SYN_001,synthetic,synthetic_track_1,DRV_01,76.80000000000001,1,26.81621083179228,7.575664236674786,-0.3808216458641456,-0.924648513783115,0.5621794071639775,0.6925933769128859,0.0,0.25,0.0,-0.058846345712601805,0.323559804181874,20.4617253917471,28.46638761751263,0.04353317501423096,6.768425766794612,0.814272137251899,2928.6961594190416,-512.8574423354544,-215.30641911788805,8118.967539554346,2,0,0,0
SYN_001,synthetic,synthetic_track_1,DRV_01,77.0,1,28.57753017974132,8.806596739745203,-0.3868057289176342,-0.9221612267258354,0.5632107998882773,0.7727897533250737,0.0,0.25,0.0,-0.049577116462641416,0.2700023213707068,20.4617253917471,28.46638761751263,0.04314835870188531,6.768425766794612,0.81419986866978,2934.41166545499,-513.870511682806,-217.35091967764728,8544.937147096882,2,0,0,0
SYN_001,synthetic,synthetic_track_1,DRV_01,77.2,1,30.54533933533699,9.839045777978352,-0.39316496765282816,-0.9194679484411354,0.5643099356644211,0.8511484647147318,0.00223931092223535,0.375,0.0,-0.04091742638502933,0.21998474684520797,20.4617253917471,28.46638761751263,0.042762648334478195,6.768425766794612,0.814115539068744,2940.5207333220574,-514.9378825660106,-219.41974441719185,9687.89004475619,3,0,0,0
SYN_001,synthetic,synthetic_track_1,DRV_01,77.4,1,32.898765017061464,11.76712840862237,-0.39994135434698447,-0.9165407318188864,0.5654847564080879,1.0,0.0,0.375,0.0,-0.046378871979732866,0.1510383499050674,20.4617253917471,28.46638761751263,0.04237605459648258,6.768425766794612,0.8140176998147954,2947.10048632547,-516.6278803695036,-222.570665957075,9982.46247269672,3,0,0,0
SYN_001,synthetic,synthetic_track_1,DRV_01,77.60000000000001,1,35.198509166178845,11.498720745586901,-0.40721545528334857,-0.9133321263255635,0.5667500935241288,1.0,0.0,0.375,0.0,-0.02167197692232787,0.10870813557892446,20.4617253917471,28.46638761751263,0.0419885881968417,6.768425766794612,0.8139036483795681,2954.1401881587058,-517.8051824256607,-224.7042753006085,10276.118317439292,3,0,0,0
SYN_001,synthetic,synthetic_track_1,DRV_01,77.80000000000001,1,37.52472278543907,11.631068096301114,-0.4149695297534524,-0.9098353089302473,0.5681038823382126,0.9947827702687425,0.005217229731257468,0.375,1.0,-0.01977059166792373,0.04992609798188493,20.4617253917471,28.46638761751263,0.04160025986867196,6.768425766794612,0.8137737573138558,2961.645132715794,-519.6321522161259,-227.95590761423506,10349.706203174184,3,0,0,0
SYN_001,synthetic,synthetic_track_1,DRV_01,78.0,1,39.951438648190546,12.133579313757394,-0.4232029787009767,-0.9060348993381109,0.5695471409068834,1.0,0.0,0.5,1.0,-0.005645425826029794,0.004049069014552907,20.4617253917471,28.46638761751263,0.04121108036896594,6.768425766794612,0.8136278381042696,2969.635420445432,-521.5143523238384,-231.27062620142647,11570.234618663633,4,0,0,0
SYN_001,synthetic,synthetic_track_1,DRV_01,78.2,1,42.28712814083881,11.67844746324132,-0.43193061724396403,-0.9019068365897047,0.5710837347010446,0.9980674332416098,0.001932566758390125,0.5,1.0,0.007385716255571396,0.05409205100266348,20.4617253917471,28.46638761751263,0.04082106047829431,6.768425766794612,0.8134651840009337,2978.0928460735995,-523.4315511747577,-234.64976197969517,11640.462866338705,4,0,0,0
SYN_001,synthetic,synthetic_track_1,DRV_01,78.4,1,43.97997466210592,8.464232606335536,-0.44112462348853426,-0.8974458571702801,0.5727101627064615,0.8620080509472812,0.002936851450899368,0.5,0.0,0.01952923209663658,0.10097050006259044,20.4617253917471,28.46638761751263,0.04043021100050716,6.768425766794612,0.813286428947284,2986.888841006021,-525.3636092864161,-238.0941139537084,12122.413498816535,4,0,0,0
SYN_001,synthetic,synthetic_track_1,DRV_01,78.60000000000001,1,44.378725767673814,1.9937555278394825,-0.4506378026138049,-0.8927068784631389,0.5744017001934656,0.4161372157631141,0.01046032677740238,0.5,0.0,0.043725233132896335,0.15966618598528864,20.4617253917471,28.46638761751263,0.04003854276243496,6.768425766794612,0.813096069596071,2995.7645861595556,-527.9283430442088,-242.7884430519,11482.377297926529,4,0,0,0
SYN_001,synthetic,synthetic_track_1,DRV_01,78.80000000000001,1,43.064796701490295,-6.569645330917595,-0.4601856333951687,-0.8878227203764766,0.576108574261453,0.21304132047325755,0.2623940565265897,0.5,0.0,0.04536088230388104,0.20150708626026767,20.4617253917471,28.46638761751263,0.039646066613588285,6.768425766794612,0.8129031613603512,3004.3775454998536,-529.8179361756727,-246.3851931963103,11323.90669219449,4,0,0,0
SYN_001,synthetic,synthetic_track_1,DRV_01,79.0,1,40.59818964317985,-12.333035291552221,-0.4694001887836047,-0.8829855393889054,0.5777649125961257,0.07688855547528178,0.44493044023568806,0.5,0.0,0.07646662941589197,0.25513099543886936,20.4617253917471,28.46638761751263,0.03925279342585751,6.768425766794612,0.8127196897397599,3012.4971834284897,-532.2556281103709,-251.28056832752546,11161.025185145667,4,0,0,0
SYN_001,synthetic,synthetic_track_1,DRV_01,79.2,1,38.21174175560604,-11.932239437869043,-0.47804042815462905,-0.878337833097117,0.5793263814285557,0.0731055416223703,0.45087988833636583,0.375,0.0,0.06893841701404539,0.2940656288347722,20.4617253917471,28.46638761751263,0.038858734093211555,6.768425766794612,0.8125537202120515,3020.139531779611,-533.9984048508734,-255.02509120189723,10551.985595727776,3,0,0,0
SYN_001,synthetic,synthetic_track_1,DRV_01,79.4,1,35.867631666338085,-11.720550446339786,-0.4861307546606837,-0.8738860848949559,0.5807960638037714,0.07929123383431393,0.4416664151048422,0.375,0.0,0.07858910467644087,0.33205621530278323,20.4617253917471,28.46638761751263,0.03846389953139634,6.768425766794612,0.8124046883883068,3027.3130581128785,-535.6478604100987,-258.8301407264136,10370.464250073219,3,0,0,0
SYN_001,synthetic,synthetic_track_1,DRV_01,79.60000000000001,1,33.84984276317949,-10.088944515792981,-0.4936870739442865,-0.8696396224990721,0.5821755880986305,0.10933652437446595,0.40426571479623435,0.375,0.0,0.08800776755751737,0.3691177525073634,20.4617253917471,28.46638761751263,0.03806830067763202,6.768425766794612,0.8122722946227717,3034.0830266655144,-537.1866493234297,-262.6934642943431,9830.763011205303,3,0,0,0
SYN_001,synthetic,synthetic_track_1,DRV_01,79.80000000000001,1,32.135151163626844,-8.57345799776322,-0.5007842908764298,-0.865572119474392,0.5834775051279836,0.14234543595809512,0.3572773941296884,0.375,0.0,0.06378572026260897,0.3932627008226043,20.4617253917471,28.46638761751263,0.0376719484903103,6.768425766794612,0.812154251379626,3040.51005689824,-538.1427829566373,-265.300114889515,9563.053771230643,3,0,0,0
SYN_001,synthetic,synthetic_track_1,DRV_01,80.0,1,30.636493245365344,-7.4932895913075015,-0.5074909930544118,-0.8616570616948758,0.5847134724804307,0.15658020242115048,0.33883633597632185,0.375,0.0,0.10314593805009023,0.42848361221734144,20.4617253917471,28.46638761751263,0.03727485394869082,6.768425766794612,0.8120484336839665,3046.637355547313,-539.4605532715724,-269.25461457891805,9906.560570792888,3,0,0,0
SYN_001,synthetic,synthetic_track_1,DRV_01,80.2,1,29.3717876135997,-6.323528158828218,-0.5138564288486447,-0.8578761976712711,0.585891799143714,0.19211962515797787,0.29346827976655804,0.375,0.0,0.07360053702061768,0.45116750035804143,20.4617253917471,28.46638761751263,0.036877028052596905,6.768425766794612,0.8119533260000771,3052.511713070033,-540.2548368920064,-271.9192835547297,9695.986896566894,3,0,0,0
SYN_001,synthetic,synthetic_track_1,DRV_01,80.4,1,28.094538581943763,-6.386245158279689,-0.5199326511964287,-0.8542072571805117,0.5870214832826987,0.19242040159053303,0.29087237104197705,0.25,0.0,0.11735751075905791,0.483700135037446,20.4617253917471,28.46638761751263,0.03647848182211118,6.768425766794612,0.8118672873559276,3058.1306207864213,-541.3091282143638,-275.9563220813696,8352.665474124155,2,0,0,0
SYN_001,synthetic,synthetic_track_1,DRV_01,80.60000000000001,1,27.202994979740115,-4.457718011018237,-0.5257201385212281,-0.8506575903107082,0.5881020424589272,0.22605356461253542,0.24780680185634132,0.25,0.0,0.08266194721563301,0.5041815362890844,20.4617253917471,28.46638761751263,0.03607922629726987,6.768425766794612,0.8117904022433065,3063.5712197823696,-541.9146044782614,-278.6728487542435,8289.795536877384,2,0,0,0
SYN_001,synthetic,synthetic_track_1,DRV_01,80.80000000000001,1,26.372433800650477,-4.152805895448193,-0.5313008783154455,-0.8471832013804548,0.5891483114966095,0.23834438409158965,0.23081953848394815,0.25,0.0,0.08599542269096538,0.5235054688449114,20.4617253917471,28.46638761751263,0.035679272537757226,6.768425766794612,0.811719967406302,3068.8457065424996,-542.4376529543906,-281.4082405721175,8475.373740450557,2,0,0,0
SYN_001,synthetic,synthetic_track_1,DRV_01,81.0,1,25.69710297577972,-3.3766541243537773,-0.5366893095692289,-0.8437799387246087,0.5901626358735577,0.24963503891452948,0.21474484796461973,0.25,0.0,0.08912049724382569,0.5414931687098657,20.4617253917471,28.46638761751263,0.035278631622599296,6.768425766794612,0.8116555526442448,3073.9851271376556,-542.874620625873,-284.1613726328719,8385.200969761056,2,0,0,0
SYN_001,synthetic,synthetic_track_1,DRV_01,81.2,1,25.130359254804745,-2.833718604874882,-0.5419187898784746,-0.8404308568684574,0.5911509859880106,0.26562405581544,0.1953352567283519,0.25,0.0,0.09200655830558821,0.5579589181613834,20.4617253917471,28.46638761751263,0.03487731464985671,6.768425766794612,0.8115960680152372,3079.0111989886163,-543.2220573897775,-286.9310928895103,8445.826520606824,2,0,0,0
SYN_001,synthetic,synthetic_track_1,DRV_01,81.4,1,24.619469085239277,-2.5544508478273364,-0.5470127244549337,-0.837124291419375,0.5921175382670416,0.26028077598325033,0.19795102699673342,0.25,0.0,0.0946223395905468,0.5727163617843489,20.4617253917471,28.46638761751263,0.034475332736317435,6.768425766794612,0.8115407500745153,3083.935092805664,-543.4767211271653,-289.71622760022274,8384.833976717446,2,0,0,0
SYN_001,synthetic,synthetic_track_1,DRV_01,81.60000000000001,1,24.10117267824039,-2.5914820349944456,-0.5519835389777163,-0.8338550069992,0.5930644409241662,0.2780106737697836,0.17741867683284945,0.25,0.0,0.09693704745686994,0.5855855875361522,20.4617253917471,28.46638761751263,0.03407269701718883,6.768425766794612,0.8114892045066572,3088.7553273413123,-543.6355822751715,-292.51558681839566,8118.489859931387,2,0,0,0
SYN_001,synthetic,synthetic_track_1,DRV_01,81.80000000000001,1,23.785410298990595,-1.5788118962489683,-0.5568307816129302,-0.8306259571241036,0.5939914091040985,0.29259952503576436,0.15902173730009597,0.25,0.0,0.09892159024592741,0.5964006458281894,20.4617253917471,28.46638761751263,0.033669418645789116,6.768425766794612,0.8114414798093295,3093.5124094011103,-543.6958278935641,-295.3279699063423,7901.571317165183,2,0,0,0
SYN_001,synthetic,synthetic_track_1,DRV_01,82.0,1,23.473980954486954,-1.5571467225182012,-0.5615959991142968,-0.8274115866839277,0.5949062325771366,0.2963441299433406,0.1536278078511264,0.25,0.0,0.10054984693836427,0.605017078566288,20.4617253917471,28.46638761751263,0.03326550879323865,6.768425766794612,0.8113961548930017,3098.2072055920075,-543.6548652194222,-298.15217105645155,8479.84581949946,2,0,0,0
SYN_001,synthetic,synthetic_track_1,DRV_01,82.2,1,23.21211967210752,-1.3093064118971753,-0.566280632887132,-0.8242124997941667,0.5958090779984629,0.2969083499800885,0.15061234362556458,0.25,0.0,0.10179989690375861,0.611318961357356,20.4617253917471,28.46638761751263,0.032860978648150116,6.768425766794612,0.8113531960698469,3102.849629526429,-543.5103247047783,-300.98698480342733,8420.999602833484,2,0,0,0
SYN_001,synthetic,synthetic_track_1,DRV_01,82.4,1,22.9379739405823,-1.370728657626099,-0.5708950892270901,-0.82102301861543,0.5967018518320055,0.29971847660413076,0.14523834259176654,0.25,0.0,0.1026551247998158,0.6152249422338125,20.4617253917471,28.46638761751263,0.03245583941631884,6.768425766794612,0.8113122530016915,3107.4372243145453,-543.2600625332939,-303.83121151129114,8155.59859046619,2,0,0,0
SYN_001,synthetic,synthetic_track_1,DRV_01,82.60000000000001,1,22.82412042038486,-0.5692676009871889,-0.5754374004951254,-0.8178458278376266,0.597584081598951,0.32134123376163537,0.11987405470910248,0.25,0.0,0.051521859707315265,0.6162646588905863,20.4617253917471,28.46638761751263,0.03205010232041225,6.768425766794612,0.8112734083128793,3112.0020483986223,-543.0946781083541,-305.2564827744825,7883.3215993449785,2,0,0,0
SYN_001,synthetic,synthetic_track_1,DRV_01,82.80000000000001,1,22.782779594113975,-0.20670413135443155,-0.5799396159393998,-0.8146594637417903,0.5984619323843504,0.32615117163356944,0.11345386699648996,0.25,0.0,0.1031767469005265,0.6165106436497657,20.4617253917471,28.46638761751263,0.031643778599659264,6.768425766794612,0.8112355365861625,3116.558604317445,-542.6823123593229,-308.1126057450286,8110.279991291757,2,0,0,0
SYN_001,synthetic,synthetic_track_1,DRV_01,83.0,1,22.661580795901596,-0.6059939910618972,-0.5844160811872927,-0.8114541540035936,0.5993381931379702,0.3140556343306472,0.12419419527738305,0.25,0.0,0.10301434933122325,0.6143338781012933,20.4617253917471,28.46638761751263,0.031236879509538577,6.768425766794612,0.81119812685604,3121.0909204766253,-542.1598647750345,-310.97520368001375,8171.640638339997,2,0,0,0
SYN_001,synthetic,synthetic_track_1,DRV_01,83.2,1,22.74462714655836,0.4152317532838268,-0.5888511588273238,-0.8082414940769361,0.600209792399351,0.3409914641555899,0.09388115837485933,0.25,0.0,0.10245100746048871,0.609797196264021,20.4617253917471,28.46638761751263,0.030829416321467098,6.768425766794612,0.8111617347468901,3125.639845905937,-541.5259938479721,-313.8431398115154,8476.728466168142,2,0,0,0
SYN_001,synthetic,synthetic_track_1,DRV_01,83.4,1,22.792478231997055,0.23925542719346993,-0.5932847317424309,-0.804992687594932,0.6010845857511418,0.33463995745017056,0.09910430679540493,0.25,0.0,0.10150060427542851,0.6030028433205149,20.4617253917471,28.46638761751263,0.030421400322487697,6.768425766794612,0.811124927156558,3130.1983415523364,-540.7795886363729,-316.715307146753,8458.235444421412,2,0,0,0
SYN_001,synthetic,synthetic_track_1,DRV_01,83.60000000000001,1,22.90345595928165,0.5548886364229766,-0.5977096515836968,-0.8017126495220689,0.6019612195292955,0.34233850322846027,0.09064029978518841,0.25,0.0,0.050278298251889744,0.5988007223664746,20.4617253917471,28.46638761751263,0.030012842814956458,6.768425766794612,0.8110879470611935,3134.7790327441926,-540.3639014708691,-318.1526409702111,8160.8006737408,2,0,0,0
SYN_001,synthetic,synthetic_track_1,DRV_01,83.80000000000001,1,23.193285814902648,1.4491492781049864,-0.6021378500554828,-0.798392140198387,0.6028421216815755,0.3549651583371617,0.07609905629836702,0.25,0.0,0.0993948317974712,0.588886636521284,20.4617253917471,28.46638761751263,0.029603755116229872,6.768425766794612,0.8110503491790965,3139.417689907173,-539.4471151555348,-321.0291570562854,8060.540805700027,2,0,0,0
SYN_001,synthetic,synthetic_track_1,DRV_01,84.0,1,23.36784972047036,0.872819527838562,-0.6066032862658542,-0.7950046874650903,0.6037341711359948,0.34662138254619557,0.08441954418644791,0.25,0.0,0.09757643127879215,0.5771106982288341,20.4617253917471,28.46638761751263,0.02919414855835093,6.768425766794612,0.8110108781457558,3144.0912598512673,-538.4160222654862,-323.90730002418354,8041.387011937586,2,0,0,0
SYN_001,synthetic,synthetic_track_1,DRV_01,84.2,1,23.604129402727565,1.1813984112860254,-0.6110830590603701,-0.7915664816864217,0.6046329345867821,0.35414561365578445,0.07436060506273595,0.25,0.0,0.09546272066998343,0.563670219827681,20.4617253917471,28.46638761751263,0.028784034487735487,6.768425766794612,0.8109703374188971,3148.8120857318127,-537.2703125923726,-326.7861060720194,8439.506117385905,2,0,0,0
SYN_001,synthetic,synthetic_track_1,DRV_01,84.4,1,23.9413679288425,1.68619263057467,-0.6155883439934879,-0.7880678846009112,0.6055407857176562,0.368906961117853,0.05721727652494961,0.25,0.0,0.09308782160590587,0.5487739687491937,20.4617253917471,28.46638761751263,0.02837342426485782,6.768425766794612,0.8109282915799414,3153.600359317581,-536.0099008218892,-329.6646628416039,8217.677349479816,2,0,0,0
SYN_001,synthetic,synthetic_track_1,DRV_01,84.60000000000001,1,24.28575610229684,1.7219408672717051,-0.6201375352527994,-0.7844931085551887,0.6064616075610733,0.3705264424298631,0.053966436097067944,0.25,0.0,0.09048717334693517,0.5326351285268204,20.4617253917471,28.46638761751263,0.02796232926393621,6.768425766794612,0.8108840305047159,3158.4575105380404,-534.6349238925976,-332.5421137879765,8384.529373962027,2,0,0,0
SYN_001,synthetic,synthetic_track_1,DRV_01,84.80000000000001,1,24.53964477127845,1.2694433449080478,-0.6247309556467903,-0.7808400816150821,0.6073956751034693,0.36135228264641905,0.06468695776631951,0.25,0.0,0.044207554686052454,0.5241659750281458,20.4617253917471,28.46638761751263,0.027550760872617458,6.768425766794612,0.8108375007293955,3163.365439492296,-533.9045762995701,-333.98017320078054,8122.846301814762,2,0,0,0
SYN_001,synthetic,synthetic_track_1,DRV_01,85.0,1,24.994120207962457,2.2723771834200335,-0.6293505391985615,-0.7771215469992322,0.6083395075946723,0.382640349822503,0.039387682560868956,0.25,0.0,0.08624065794106005,0.5065571369920479,20.4617253917471,28.46638761751263,0.027138730491661708,6.768425766794612,0.8107893323302832,3168.3642635338883,-532.3584867614624,-336.8544917122049,8619.881550419255,2,0,0,0
SYN_001,synthetic,synthetic_track_1,DRV_01,85.2,1,25.425564737526074,2.1572226478180845,-0.6340329249538601,-0.7733060520094569,0.6093008199103631,0.3760582841891136,0.04422336801683096,0.25,0.0,0.08322950593784542,0.4882183916809475,20.4617253917471,28.46638761751263,0.026726249534626576,6.768425766794612,0.8107381177759381,3173.4493764813938,-530.6991250923527,-339.72583412769313,8783.343518082478,2,0,0,0
SYN_001,synthetic,synthetic_track_1,DRV_01,85.4,1,25.816676637866983,1.955559501704549,-0.6387724026672321,-0.7693957483575871,0.6102787262464219,0.3812705020530334,0.03618097068084702,0.25,0.0,0.08011200860878168,0.4693345062487903,20.4617253917471,28.46638761751263,0.026313329427550908,6.768425766794612,0.810684014854898,3178.612711808967,-528.9273784199306,-342.5935707698249,8609.670205093056,2,0,0,0
SYN_001,synthetic,synthetic_track_1,DRV_01,85.60000000000001,1,26.397939685458038,2.9063152379552726,-0.6435601100989713,-0.7653955739938663,0.6112716753478783,0.39516971204810764,0.018112081792972978,0.25,0.0,0.0769177618494722,0.45007396688936185,20.4617253917471,28.46638761751263,0.025899981608638545,6.768425766794612,0.8106273024641067,3183.8922997460586,-527.044338404179,-345.4571448778216,8310.400801673488,2,0,0,0
SYN_001,synthetic,synthetic_track_1,DRV_01,85.80000000000001,1,27.035862807556057,3.1896156104900975,-0.6484297094545094,-0.7612745312282163,0.6122869807203959,0.4079200527355981,0.0033121888575004697,0.25,0.0,0.07367347862560585,0.4305873252180064,20.4617253917471,28.46638761751263,0.025486217527941078,6.768425766794612,0.8105666461105178,3189.29947230757,-525.0512960750095,-348.31607576797853,8424.941866672149,2,0,0,0
SYN_001,synthetic,synthetic_track_1,DRV_01,86.0,1,27.752641194250153,3.5838919334704755,-0.6533896314127354,-0.7570217893576973,0.6133268215976095,0.4329401068041961,0.0,0.25,0.0,0.1043751196942333,0.4012168019122142,20.4617253917471,28.46638761751263,0.025072048647040934,6.768425766794612,0.810501645735135,3194.85000054642,-521.8587778202973,-352.59490959638515,8377.90655229,2,0,0,0
SYN_001,synthetic,synthetic_track_1,DRV_01,86.2,1,28.438890881697027,3.4312484372343732,-0.6584520395581869,-0.7526226887369686,0.6143942308743114,0.433708588130822,0.0020944023343634098,0.25,0.0,0.06549125062485937,0.38170126929957515,20.4617253917471,28.46638761751263,0.024657486438733747,6.768425766794612,0.8104317459092673,3200.537778722759,-519.5976349256696,-355.4406541880201,8472.466930406532,2,0,0,0
SYN_001,synthetic,synthetic_track_1,DRV_01,86.4,1,29.201769325607742,3.814392219553575,-0.6636089009769843,-0.7480796926425145,0.6154880343697613,0.4457151968788592,0.0,0.375,0.0,0.062237540727511705,0.36234116275215167,20.4617253917471,28.46638761751263,0.024242542386710822,6.768425766794612,0.8103571568887022,3206.3781325878804,-517.2324942822426,-358.2807117765242,9649.267237436794,3,0,0,0
SYN_001,synthetic,synthetic_track_1,DRV_01,86.60000000000001,1,29.96567672323181,3.8195369881203334,-0.6688714778180773,-0.7433780640841249,0.6166111793438231,0.45291438554371644,0.00011998896310649732,0.375,0.0,0.05901604195964873,0.34320678693764,20.4617253917471,28.46638761751263,0.023827227985240625,6.768425766794612,0.8102773388238641,3212.3712679325267,-514.765469455716,-361.11497604040665,9872.160248866105,3,0,0,0
SYN_001,synthetic,synthetic_track_1,DRV_01,86.80000000000001,1,30.849578376697128,4.419508267326595,-0.6742370910697622,-0.7385149592430645,0.6177637053716397,0.4953535574518811,0.0,0.375,0.0,0.08257944519737147,0.31504615662732693,20.4617253917471,28.46638761751263,0.023411554738850593,6.768425766794612,0.8101922810607185,3218.541183607866,-510.8789245464238,-365.35549582891645,9892.5582761513,3,0,0,0
SYN_001,synthetic,synthetic_track_1,DRV_01,87.0,1,31.746012115131208,4.482168692170401,-0.6797240351875581,-0.7334679515754886,0.6189502276168973,0.49384815452939845,0.0014446733723055382,0.375,0.0,0.05116634092803027,0.2966902923589603,20.4617253917471,28.46638761751263,0.022995534162008717,6.768425766794612,0.8101011401851341,3224.8903860308924,-508.16749371776325,-368.17539649586405,10145.331103100114,3,0,0,0
SYN_001,synthetic,synthetic_track_1,DRV_01,87.2,1,32.669740982640704,4.6186443375474795,-0.6853309761712051,-0.7282317303580111,0.620171228082864,0.5355099342350444,0.0,0.375,0.0,0.07106730009783173,0.26984718405476094,20.4617253917471,28.46638761751263,0.02257917777880381,6.768425766794612,0.8100038250152897,3231.4243342274203,-503.9263790295091,-372.39510153389733,10005.252377532097,3,0,0,0
SYN_001,synthetic,synthetic_track_1,DRV_01,87.4,1,33.69216777952293,5.112133984411145,-0.6910589483904211,-0.7227984019417345,0.6214277565821962,0.5533322783223348,0.0,0.375,0.0,0.043682272921841125,0.25243286573900325,20.4617253917471,28.46638761751263,0.022162497122627273,6.768425766794612,0.8099001410252643,3238.162767783325,-500.98710635415574,-375.20194690305834,10169.2051707702,3,0,0,0
SYN_001,synthetic,synthetic_track_1,DRV_01,87.60000000000001,1,34.71964944244944,5.137408314632523,-0.6969210610365166,-0.7171478471582662,0.622723609189101,0.5839106883747557,0.004160768640742679,0.375,0.0,0.06014240786945556,0.22704571972710125,20.4617253917471,28.46638761751263,0.02174550373585285,6.768425766794612,0.8097893938668399,3245.106697671815,-496.41784762348004,-379.40387635122556,10082.187637149089,3,0,0,0
SYN_001,synthetic,synthetic_track_1,DRV_01,87.80000000000001,1,35.87547206886802,5.779113132092917,-0.702913605487778,-0.7112752373168718,0.6240589803215029,0.6267112581933066,0.010589956061091949,0.375,0.0,0.05388131617596819,0.20253193102929332,20.4617253917471,28.46638761751263,0.021328209169517148,6.768425766794612,0.8096715446906435,3252.281792085588,-491.6655681027279,-383.5974964548192,10363.537291752613,3,0,0,0
SYN_001,synthetic,synthetic_track_1,DRV_01,88.0,1,37.00881892174937,5.666734264406763,-0.709053655592952,-0.7051545316384711,0.6254388061703055,0.6417911586802065,0.011514132251273583,0.375,0.0,0.03254956293497911,0.18666160534801873,20.4617253917471,28.46638761751263,0.020910624982999892,6.768425766794612,0.8095456916421166,3259.683555869938,-488.40113557234804,-386.3897592422192,10019.807425784626,3,0,0,0
SYN_001,synthetic,synthetic_track_1,DRV_01,88.2,1,38.40241595329144,6.967985157710324,-0.7153318249485306,-0.6987849313027612,0.6268622222826804,0.7115473082480566,0.00038176112681337365,0.375,0.0,0.04392226116589379,0.16353488219425066,20.4617253917471,28.46638761751263,0.020492762743703298,6.768425766794612,0.8094119885814534,3267.3640390605965,-483.3685712904435,-390.57493397357894,10548.001585669239,3,0,0,0
SYN_001,synthetic,synthetic_track_1,DRV_01,88.4,1,39.983311619722556,7.904478332155591,-0.7217859074143517,-0.6921163947328809,0.6283392382808839,0.7746924364421055,0.0,0.5,0.0,0.03821650284786907,0.1411797580736031,20.4617253917471,28.46638761751263,0.020074634026731927,6.768425766794612,0.8092686102848717,3275.360701384541,-478.18336529695745,-394.7590138882834,11525.128711863865,4,0,0,0
SYN_001,synthetic,synthetic_track_1,DRV_01,88.60000000000001,1,41.63888155505686,8.27784967667153,-0.7284396195045195,-0.6851100063027183,0.6298770579585655,0.8315445728023662,0.0,0.5,0.0,0.032697867771911165,0.11954374122900333,20.4617253917471,28.46638761751263,0.01965625041457191,6.768425766794612,0.8091142421871816,3283.688477695552,-472.85757072141354,-398.9455066246443,11760.825164718884,4,0,0,0
SYN_001,synthetic,synthetic_track_1,DRV_01,88.80000000000001,1,43.61720283884572,9.891606418944292,-0.735296539252665,-0.6777455269959767,0.6314785534029907,0.9448401472199822,0.006704614785130741,0.5,0.0,0.035311011455475674,0.09172241412705369,20.4617253917471,28.46638761751263,0.01923762349677038,6.768425766794612,0.8089483580916367,3292.4119182633212,-465.5591037883247,-404.53808096899127,11948.623834906362,4,0,0,0
SYN_001,synthetic,synthetic_track_1,DRV_01,89.0,1,45.69629042598393,10.395437935691056,-0.742399388278865,-0.6699575720022628,0.6331561381275618,1.0,0.0,0.5,0.0,0.02047412114699486,0.07156137590499465,20.4617253917471,28.46638761751263,0.018818764869614008,6.768425766794612,0.8087686952599117,3301.551176348518,-459.9533921016539,-408.74611595172496,11942.314661184697,4,0,0,0
SYN_001,synthetic,synthetic_track_1,DRV_01,89.2,1,47.77094636644571,10.373279702308906,-0.7497523194669145,-0.6617185651422981,0.6349136877593303,0.9827476484889035,0.017252351511096546,0.5,1.0,0.01956177078345562,0.04553693518710733,20.4617253917471,28.46638761751263,0.018399686135808065,6.768425766794612,0.8085745448470716,3311.105365621807,-452.32722443155296,-414.3840717300876,11984.707794207805,4,0,0,0
SYN_001,synthetic,synthetic_track_1,DRV_01,89.4,1,49.94596940085409,10.87511517204188,-0.7573413158371856,-0.6530192426919749,0.6367510318503474,0.9996947585547836,0.00030524144521637867,0.5,1.0,0.011007363826884584,0.020418683352640556,20.4617253917471,28.46638761751263,0.01798039890415494,6.768425766794612,0.8083659343920024,3321.0945595019775,-444.55480388011216,-420.06444050916554,12133.029605173866,4,0,0,0
SYN_001,synthetic,synthetic_track_1,DRV_01,89.60000000000001,1,51.99244647849994,10.232385388229268,-0.7651678953699361,-0.6438307944601148,0.6386720306734572,0.9931255903537617,0.006874409646238329,0.625,1.0,0.002746697316596208,0.0038436707236414345,20.4617253917471,28.46638761751263,0.017560914789232517,6.768425766794612,0.8081421578406731,3331.4930487976776,-436.6656586432437,-425.8003556230535,13391.669008237044,5,0,0,0
SYN_001,synthetic,synthetic_track_1,DRV_01,89.80000000000001,1,54.01832791038989,10.129407159449748,-0.7731967267705708,-0.6341662413841305,0.6406717401533996,1.0,0.0,0.625,1.0,-0.005231107395419087,0.027264006853190147,20.4617253917471,28.46638761751263,0.017141245411072686,6.768425766794612,0.8079041115287716,3342.2967143797555,-428.6887341121596,-431.60568695529986,13698.277742260683,5,0,0,0
SYN_002,synthetic,synthetic_track_2,DRV_02,0.0,1,59.25378000523441,8.579177180975073,0.0,1.0,0.0,0.9949198540604515,0.005080145939548512,0.625,1.0,1.0,0.041202816508283946,26.99450620517674,40.610400125907276,0.08641814873628235,4.004593900320485,1.022179829429901,11.850756001046882,913.0357135484421,64.05423244924991,13617.147477710807,5,1,0,0
SYN_002,synthetic,synthetic_track_2,DRV_02,0.2,1,60.03226231499029,3.8924115487793998,0.014318836809422562,0.999897480201058,0.002278991538662862,0.7225389626275278,0.0,0.625,0.0,0.032400812412737415,0.09748945100797442,26.99450620517674,40.610400125907276,0.08648862161014313,4.004593900320485,1.0218979709357197,23.85720846404494,921.935392487499,73.41525544886595,13897.482019611787,5,1,0,0
SYN_002,synthetic,synthetic_track_2,DRV_02,0.4,1,59.972599617354376,-0.2983134881795735,0.02882278883143194,0.9995845371172859,0.004587924704624027,0.4428902089371966,0.0016182750633061483,0.625,0.0,0.057680800638046675,0.12468054905413728,26.99450620517674,40.610400125907276,0.08655690871477607,4.004593900320485,1.021613342850144,35.85172838751582,932.5375716848138,84.9474074924155,13855.891858737436,5,1,0,0
SYN_002,synthetic,synthetic_track_2,DRV_02,0.6000000000000001,1,58.36426789773425,-8.041658598100625,0.04330627012098229,0.9990618434152154,0.00689456315144535,0.23027884425373985,0.2429203980043409,0.625,0.0,0.07281224458665697,0.15579861269499234,26.99450620517674,40.610400125907276,0.08662300815857599,4.004593900320485,1.0213296335786877,47.52458196706267,942.4707078299383,96.2725640339637,13640.148606150118,5,1,0,0
SYN_002,synthetic,synthetic_track_2,DRV_02,0.8,1,55.770247657140246,-12.970101202970028,0.05739262915768022,0.9983516845873347,0.00913934268597359,0.11910053996447025,0.3887332070633728,0.625,0.0,0.07069554094458012,0.18431118339675498,26.99450620517674,40.610400125907276,0.08668691811053758,4.004593900320485,1.021053657814349,58.678631498490724,949.8736721851756,105.16877361332726,13305.319922721796,5,1,0,0
SYN_002,synthetic,synthetic_track_2,DRV_02,1.0,1,52.49567037003995,-16.372886435501464,0.07084228659362224,0.9974875289597295,0.011284352211248216,0.022831622184579577,0.5175898786050844,0.625,0.0,0.10641521627178734,0.2257194272293725,26.99450620517674,40.610400125907276,0.08674863680030616,4.004593900320485,1.020789753117727,69.17776557249871,958.3740720294065,116.06419153984825,13600.507979241218,5,1,0,0
SYN_002,synthetic,synthetic_track_2,DRV_02,1.2000000000000002,1,49.04703288213214,-17.24318743953905,0.08349052782131491,0.9965085708432809,0.013303416456249753,0.0,0.54999769266282,0.5,0.0,0.10189724213198995,0.26459047022130067,26.99450620517674,40.610400125907276,0.08680816251822666,4.004593900320485,1.0205409144527227,78.98717214892514,964.5198530814679,124.58501872372995,12223.014936997053,4,1,0,0
SYN_002,synthetic,synthetic_track_2,DRV_02,1.4000000000000001,1,45.64464486081836,-17.011940106568915,0.09529575729050747,0.9954490035368103,0.01518984079787022,0.0015729272766209505,0.5564312172685766,0.5,0.0,0.11935251068559477,0.30974546298363065,26.99450620517674,40.610400125907276,0.08686549361539106,4.004593900320485,1.020307908178892,88.11610112108882,970.0406410138977,132.91761647942855,11575.468988331922,4,1,0,0
SYN_002,synthetic,synthetic_track_2,DRV_02,1.6,1,42.64370800794354,-15.004684264374113,0.1062700666485412,0.9943373034008705,0.01694540406174785,0.026624217681917826,0.5113202165364896,0.5,0.0,0.10267416344167514,0.34845796162874254,26.99450620517674,40.610400125907276,0.08692062850368397,4.004593900320485,1.0200905312750166,96.64484272267752,973.748840776168,139.03530128786298,11456.275128490182,4,1,0,0
SYN_002,synthetic,synthetic_track_2,DRV_02,1.8,1,39.537488135178045,-15.531099363827465,0.11651120649263527,0.9931893770885946,0.018585546677437986,0.011990258227610373,0.5315351109747231,0.5,0.0,0.15709909852357207,0.4075013401766056,26.99450620517674,40.610400125907276,0.08697356565582669,4.004593900320485,1.0198870178141388,104.55234034971313,978.0893364509819,147.0053727209572,11604.963416168393,4,1,0,0
SYN_002,synthetic,synthetic_track_2,DRV_02,2.0,1,36.72341551596817,-14.07036309604937,0.12599533852194011,0.9920308335282436,0.020106219298021758,0.0443911627381241,0.4886462384697933,0.375,0.0,0.13501036815689962,0.45790876496593436,26.99450620517674,40.610400125907276,0.08702430360541952,4.004593900320485,1.0196978314814662,111.89702345290677,980.874952485367,152.83513837645552,9895.96931650824,3,1,0,0
SYN_002,synthetic,synthetic_track_2,DRV_02,2.2,1,34.18626437930424,-12.685755683319648,0.1347941544126039,0.9908736225857419,0.021518658356328223,0.06296610334927898,0.46199734886876953,0.375,0.0,0.151616003405608,0.5138182049760999,26.99450620517674,40.610400125907276,0.08707284094698231,4.004593900320485,1.0195216872507271,118.7342763287676,983.2448092467317,158.5316743846945,9924.5464820201,3,1,0,0
SYN_002,synthetic,synthetic_track_2,DRV_02,2.4000000000000004,1,32.00594475762646,-10.90159810838891,0.14297554981064484,0.9897262208087365,0.022833514678609154,0.11199174865199565,0.3964148411119104,0.375,0.0,0.11114984907338371,0.5540882793096434,26.99450620517674,40.610400125907276,0.0871191763359935,4.004593900320485,1.0193573670707547,125.13546528029289,984.5885101585229,162.252457261261,10195.862969064889,3,1,0,0
SYN_002,synthetic,synthetic_track_2,DRV_02,2.6,1,30.06728712956808,-9.693288140291898,0.15062632114832228,0.9885907704289589,0.02406451255390248,0.12620558315579947,0.379498388619315,0.375,0.0,0.1830286408908625,0.6185097443519991,26.99450620517674,40.610400125907276,0.08716330848892724,4.004593900320485,1.019203301267941,131.14892270620652,986.2427775445187,167.71398852579142,9928.56423304223,3,1,0,0
SYN_002,synthetic,synthetic_track_2,DRV_02,2.8000000000000003,1,28.38445574870279,-8.41415690432644,0.15780547110669516,0.987470218937662,0.025220946674270484,0.15736773735452309,0.3376153706232875,0.25,0.0,0.1334784550771875,0.6635608779944331,26.99450620517674,40.610400125907276,0.08720523618328906,4.004593900320485,1.0190584268962624,136.82581385594708,987.1011661249943,171.272791527677,8515.512084923686,2,1,0,0
SYN_002,synthetic,synthetic_track_2,DRV_02,3.0,1,27.025235424552136,-6.7961016207532765,0.16457517373978578,0.9863645432539225,0.026312656510759053,0.17841085715248944,0.3082129103792427,0.25,0.0,0.14298067229492833,0.7095621000896651,26.99450620517674,40.610400125907276,0.08724495825764965,4.004593900320485,1.0189216186686598,142.2308609408575,987.7614563959849,174.76389380602097,8556.70446822979,2,1,0,0
SYN_002,synthetic,synthetic_track_2,DRV_02,3.2,1,25.53676684413268,-7.4423429020972875,0.17101351040953885,0.9852686837900647,0.027352088642472596,0.1726144763640747,0.31589288911420615,0.25,0.0,0.23247221583949035,0.7782985002670751,26.99450620517674,40.610400125907276,0.08728247361167708,4.004593900320485,1.0187914530265838,147.33821430968402,988.3764457680514,179.87009314179377,8177.933439654486,2,1,0,0
SYN_002,synthetic,synthetic_track_2,DRV_02,3.4000000000000004,1,24.326285933213377,-6.052404554596507,0.1770905448143015,0.984194563558128,0.028334271982631543,0.2094963459459395,0.2693531084353045,0.25,0.0,0.1667343537431476,0.8221560499302041,26.99450620517674,40.610400125907276,0.08731778120616727,4.004593900320485,1.0186684989741224,152.2034714963267,988.5339175179989,183.18498172987012,8371.403963530913,2,1,0,0
SYN_002,synthetic,synthetic_track_2,DRV_02,3.6,1,23.487736591575278,-4.192746708190498,0.18287324973422453,0.983136498423105,0.02926989836467821,0.24524927329504229,0.22109524076744266,0.25,0.0,0.08672466660054735,0.8429457997929717,26.99450620517674,40.610400125907276,0.0873508800630728,4.004593900320485,1.0185515336589446,156.90101881464176,988.5364294733679,184.81508542354229,8243.70747697993,2,1,0,0
SYN_002,synthetic,synthetic_track_2,DRV_02,3.8000000000000003,1,22.679998336822695,-4.038691273762911,0.18845062477752628,0.9820826655740137,0.03017327284896957,0.2492965763143959,0.21428569821843269,0.25,0.0,0.17968170188845298,0.8812252473277045,26.99450620517674,40.610400125907276,0.0873817692655299,4.004593900320485,1.0184389208572044,161.4370184820063,988.3884017817275,188.01969886579738,8070.394163886524,2,1,0,0
SYN_002,synthetic,synthetic_track_2,DRV_02,4.0,1,22.04017401559393,-3.1991216061438266,0.19383043519714158,0.9810350464643385,0.031045580477308904,0.26037784713026335,0.19889423541146015,0.25,0.0,0.18709365866586866,0.9137008930360156,26.99450620517674,40.610400125907276,0.08741044795788398,4.004593900320485,1.0183305252568164,165.8450532851251,988.0357066603058,191.14901215446113,8113.074717130277,2,1,0,0
SYN_002,synthetic,synthetic_track_2,DRV_02,4.2,1,21.41781571004864,-3.111791527726453,0.19905289893963288,0.9799887465801473,0.031893279477908675,0.27063642588891584,0.18476572512678321,0.25,0.0,0.19312521266935265,0.9387643767405213,26.99450620517674,40.610400125907276,0.08743691534571327,4.004593900320485,1.018225608274799,170.12861642713483,987.477874718903,194.20167008445134,8290.224743678662,2,1,0,0
SYN_002,synthetic,synthetic_track_2,DRV_02,4.4,1,21.0366990976761,-1.9055830618627034,0.2041224849837595,0.9789453565567666,0.03271704162060285,0.293716431095688,0.1559495613128806,0.25,0.0,0.19746266129858883,0.9550578846363418,26.99450620517674,40.610400125907276,0.08746117069585081,4.004593900320485,1.0181240932806335,174.33595624667004,986.7147220939728,197.17638462789085,8021.0316255451835,2,1,0,0
SYN_002,synthetic,synthetic_track_2,DRV_02,4.6000000000000005,1,20.733169712872336,-1.5176469240188162,0.2090965384840608,0.9778950033587367,0.03352614543205193,0.3074446260481623,0.13750837139697006,0.25,0.0,0.09975945397995166,0.9596040045891007,26.99450620517674,40.610400125907276,0.08748321333640482,4.004593900320485,1.0180249190124375,178.4825901892445,986.2561712953856,198.6341302622562,8000.925505694462,2,1,0,0
SYN_002,synthetic,synthetic_track_2,DRV_02,4.800000000000001,1,20.61581555503252,-0.5867707891990825,0.21399353654359377,0.9768350763140959,0.03432357503639317,0.32162000600958746,0.11913879775252385,0.25,0.0,0.2002894393749541,0.9611667377557114,26.99450620517674,40.610400125907276,0.08750304265677723,4.004593900320485,1.017927744269589,182.605753300251,985.1853187663543,201.48967431516272,7863.284238805969,2,1,0,0
SYN_002,synthetic,synthetic_track_2,DRV_02,5.0,1,20.48118144339281,-0.6731705581985459,0.21885749020407916,0.9757568339404913,0.035116491019279036,0.3214272946605093,0.1169511809682876,0.25,0.0,0.10000333971665146,0.9581662173500808,26.99450620517674,40.610400125907276,0.08752065810768067,4.004593900320485,1.017831750045876,186.70198958892956,984.5731498500452,202.88719824071396,8341.980621261044,2,1,0,0
SYN_002,synthetic,synthetic_track_2,DRV_02,5.2,1,20.45594524585319,-0.12618098769809905,0.2236843003906577,0.9746616509121214,0.03590422876710184,0.3318476881911469,0.10163767143280865,0.25,0.0,0.19842496790899444,0.9448478720987455,26.99450620517674,40.610400125907276,0.08753605920115361,4.004593900320485,1.0177370125194831,190.79317863810022,983.1957924144448,205.62110321987342,7781.948641297291,2,1,0,0
SYN_002,synthetic,synthetic_track_2,DRV_02,5.4,1,20.585500593190403,0.6477767366860654,0.2284996936110183,0.9735439846353481,0.03669099589194235,0.3530935253675317,0.07502577492823531,0.25,0.0,0.19468404773528786,0.9225128112605557,26.99450620517674,40.610400125907276,0.08754924551057397,4.004593900320485,1.0176430504675753,194.9102787567383,981.6152369047127,208.27268651210352,7962.366036738736,2,1,0,0
SYN_002,synthetic,synthetic_track_2,DRV_02,5.6000000000000005,1,20.76745321491581,0.9097631086270397,0.23333994726332005,0.9723952226390004,0.037482745914757365,0.35743897068632946,0.06936648890001276,0.25,0.0,0.09537971259541145,0.9083499442951465,26.99450620517674,40.610400125907276,0.08756021667067086,4.004593900320485,1.017549182916936,199.06376939972148,980.7491366363113,209.56732991022707,7953.538456976024,2,1,0,0
SYN_002,synthetic,synthetic_track_2,DRV_02,5.800000000000001,1,21.09569831799361,1.6412255153889888,0.2382171315281534,0.9712119224178102,0.038281494115331056,0.36965121725864813,0.05183978831656781,0.25,0.0,0.1858745141681458,0.8749845890066271,26.99450620517674,40.610400125907276,0.08756897237753473,4.004593900320485,1.0174551794107314,203.2829090633202,978.8661981676237,212.0938173648962,8206.737380756384,2,1,0,0
SYN_002,synthetic,synthetic_track_2,DRV_02,6.0,1,21.529086933500064,2.1669430775322773,0.24316525966343747,0.9699848743629012,0.039092867127561576,0.3940748206501322,0.022362789405836227,0.25,0.0,0.17832591980343604,0.8362857541910826,26.99450620517674,40.610400125907276,0.08757551238862578,4.004593900320485,1.0173603963348048,207.5887264500202,976.78368820219,214.53597471136334,8153.195918142651,2,1,0,0
SYN_002,synthetic,synthetic_track_2,DRV_02,6.2,1,21.953237149168917,2.120751078344263,0.24820852504957425,0.9687066264317153,0.039920908932696196,0.39090563430084,0.02636445553664002,0.25,0.0,0.08602632416242113,0.8154611939598633,26.99450620517674,40.610400125907276,0.08757983652278067,4.004593900320485,1.017264371112051,211.979373879854,975.668188194067,215.72522969755138,8128.611599368763,2,1,0,0
SYN_002,synthetic,synthetic_track_2,DRV_02,6.4,1,22.635189766712493,3.409763087717881,0.25334422974376447,0.9673761942778718,0.04076526420766423,0.4066713373790975,0.004282507309915345,0.25,0.0,0.165355819167961,0.771860186856193,26.99450620517674,40.610400125907276,0.08758194466021761,4.004593900320485,1.0171671444273636,216.5064118331965,973.2900358934958,218.03975087560025,8517.696621498575,2,1,0,0
SYN_002,synthetic,synthetic_track_2,DRV_02,6.6000000000000005,1,23.34908447497379,3.5694735413064826,0.2586320015666421,0.9659759250445284,0.041635848429460866,0.4127493173385173,0.006686942700162677,0.25,0.0,0.15609295191511982,0.7268503268374074,26.99450620517674,40.610400125907276,0.08758183674253954,4.004593900320485,1.0170675819676935,221.17622872819126,970.7176604438075,220.26857894035217,8052.949861065697,2,1,0,0
SYN_002,synthetic,synthetic_track_2,DRV_02,6.800000000000001,1,24.100974665958397,3.759450954923036,0.26407843493792293,0.9645012079830368,0.04253389014003678,0.4387901047683962,0.0,0.25,0.0,0.14667040019507274,0.6816518836136986,26.99450620517674,40.610400125907276,0.08757951277273587,4.004593900320485,1.0169655431869447,225.99642366138295,967.9536695169146,222.4113639027192,8087.339112455771,2,1,0,0
SYN_002,synthetic,synthetic_track_2,DRV_02,7.0,1,24.852053666824286,3.755395004329447,0.2696914347731959,0.9629467950047785,0.043460850704112104,0.45467371590052236,0.0,0.25,0.0,0.13731528449121289,0.6372241851806185,26.99450620517674,40.610400125907276,0.08757497281518235,4.004593900320485,1.0168608608856806,230.96683439474782,965.0009310791905,224.46787302316406,8415.162889177409,2,1,0,0
SYN_002,synthetic,synthetic_track_2,DRV_02,7.2,1,25.625025764592344,3.8648604888402893,0.2754697746294151,0.9613097332627082,0.044416698922066886,0.4470212644747813,0.0,0.25,0.0,0.06521925677541235,0.615529431654724,26.99450620517674,40.610400125907276,0.08756821699563928,4.004593900320485,1.0167535385954094,236.0918395476663,963.4547475883392,225.46373433849556,8379.198592464792,2,1,0,0
SYN_002,synthetic,synthetic_track_2,DRV_02,7.4,1,26.44617607368633,4.105751545469936,0.2814174312892888,0.9595854466208512,0.045402276836089675,0.4677193745425653,0.0006744735007450791,0.25,0.0,0.12377358674642908,0.5735118371631517,26.99450620517674,40.610400125907276,0.08755924550124806,4.004593900320485,1.0166434799303625,241.38107476240356,960.2248207925636,227.39065835379122,8523.47271846416,2,1,0,0
SYN_002,synthetic,synthetic_track_2,DRV_02,7.6000000000000005,1,27.36305168138326,4.584378038484651,0.28754436120529836,0.9577673205633177,0.04641943745430838,0.525719790882306,0.0,0.25,0.0,0.16979859149153478,0.5145525339840631,26.99450620517674,40.610400125907276,0.08754805858052596,4.004593900320485,1.016530472831855,246.85368509868022,955.0426934895344,230.11924858140665,8290.451058638188,2,1,0,0
SYN_002,synthetic,synthetic_track_2,DRV_02,7.800000000000001,1,28.314070415439677,4.755093670282076,0.2938713431164707,0.9558449841344158,0.04747186251897696,0.5432623667567915,0.0022809570454728856,0.25,0.0,0.10332299941426197,0.47822821662915294,26.99450620517674,40.610400125907276,0.08753465654335925,4.004593900320485,1.016414096015607,252.51649918176815,951.3686437212314,231.8307895320198,8681.930445361104,2,1,0,0
SYN_002,synthetic,synthetic_track_2,DRV_02,8.0,1,29.366711079710797,5.263203321355601,0.3004046920775882,0.9538118373021848,0.048560865227263106,0.5727841851585035,0.0,0.375,0.0,0.0960125302280611,0.4443519135355341,26.99450620517674,40.610400125907276,0.08751903976099465,4.004593900320485,1.0162941991404884,258.3898413977103,947.5238769083023,233.45676387265394,9966.401643569585,3,1,0,0
SYN_002,synthetic,synthetic_track_2,DRV_02,8.200000000000001,1,30.485249255433352,5.592690878612778,0.3071660708247293,0.9516559278090466,0.04969035411494429,0.5948476379971628,0.0,0.375,0.0,0.08920960518246583,0.4128850730495928,26.99450620517674,40.610400125907276,0.08750120866602902,4.004593900320485,1.0161703349402273,264.486891248797,943.5126876993204,234.99770736473621,9633.60068272542,3,1,0,0
SYN_002,synthetic,synthetic_track_2,DRV_02,8.4,1,31.73536353782129,6.250571411939685,0.31416861149963965,0.9493672016392753,0.050862863701691734,0.6497949779053155,0.0,0.375,0.0,0.12213197670218766,0.3699913533025477,26.99450620517674,40.610400125907276,0.08748116375239734,4.004593900320485,1.016042213317593,270.8339639563613,937.1937731715261,237.15119804494446,9885.50836531596,3,1,0,0
SYN_002,synthetic,synthetic_track_2,DRV_02,8.6,1,32.94893266324839,6.067845627135515,0.32144018684950343,0.9469298845628203,0.052083454606992555,0.6567291083904978,0.0013644429498507434,0.375,0.0,0.07430849647943481,0.3440749809567906,26.99450620517674,40.610400125907276,0.08745890557535914,4.004593900320485,1.015909255171138,277.42375048901096,932.7866789266013,238.48280806976766,9677.325525654393,3,1,0,0
SYN_002,synthetic,synthetic_track_2,DRV_02,8.8,1,34.31710171668667,6.840845267191398,0.32896981930057584,0.9443404354306483,0.05335072124788672,0.7138494924068529,0.0,0.375,0.0,0.1018583514663502,0.30884405160489486,26.99450620517674,40.610400125907276,0.08743443475148295,4.004593900320485,1.0157716211145824,284.2871708323483,925.896791253623,240.3266977216926,10581.327232804062,3,1,0,0
SYN_002,synthetic,synthetic_track_2,DRV_02,9.0,1,35.637029575779245,6.599639295462865,0.3367899306862329,0.9415798121181032,0.054670609775451594,0.7178389669738592,0.004363555692875686,0.375,0.0,0.062065302934676145,0.287558842956237,26.99450620517674,40.610400125907276,0.0874077519586294,4.004593900320485,1.0156286307048852,291.41457674750416,921.1249718916754,241.45535184754314,10208.23189123607,3,1,0,0
SYN_002,synthetic,synthetic_track_2,DRV_02,9.200000000000001,1,37.17684175223652,7.699060882286375,0.3448863009904645,0.9386444691091056,0.056041264759135415,0.778417083340824,0.0,0.375,0.0,0.08520154970063087,0.25855386820175885,26.99450620517674,40.610400125907276,0.08737885793593231,4.004593900320485,1.0154804959815609,298.84994509795143,913.7129478905474,243.00085780302504,10319.498349529083,3,1,0,0
SYN_002,synthetic,synthetic_track_2,DRV_02,9.4,1,38.7058205020804,7.644893749219399,0.35330523067798103,0.9355081047086543,0.057471143288067586,0.8055661515877675,0.007406884724318486,0.375,0.0,0.07663570623829027,0.23262807336035535,26.99450620517674,40.610400125907276,0.08734775348377824,4.004593900320485,1.0153262492134973,306.5911091983675,906.0126447919191,244.37409764792028,10122.627501390463,3,1,0,0
SYN_002,synthetic,synthetic_track_2,DRV_02,9.600000000000001,1,40.35333899158338,8.237592447514892,0.36204009690240924,0.9321625224363476,0.05895982869199375,0.8469490711100598,0.0076137917717413305,0.5,0.0,0.06896151024343834,0.20934079208227552,26.99450620517674,40.610400125907276,0.08731443946378442,4.004593900320485,1.0151659378092863,314.6617769966842,898.043671985537,245.58101832595696,11119.25806256304,4,1,0,0
SYN_002,synthetic,synthetic_track_2,DRV_02,9.8,1,42.06098528913563,8.538231487761259,0.37111302611389047,0.9285877028308047,0.06051188019167004,0.8859613248900641,0.005312232824078143,0.5,0.0,0.06204872907972965,0.18829907823117073,26.99450620517674,40.610400125907276,0.08727891679877474,4.004593900320485,1.0149990399172262,323.0739740545113,889.8262405874132,246.62827487515807,11484.332593322622,4,1,0,0
SYN_002,synthetic,synthetic_track_2,DRV_02,10.0,1,44.01090377994242,9.749592454033937,0.3805323210502829,0.9247676208843411,0.06212961039509833,0.9650826421313546,0.0,0.5,0.0,0.07308006525237455,0.16314364894748526,26.99450620517674,40.610400125907276,0.08724118647275425,4.004593900320485,1.0148252906797601,331.8761548104998,878.5190572672601,247.78905798128082,11921.59251996464,4,1,0,0
SYN_002,synthetic,synthetic_track_2,DRV_02,10.200000000000001,1,46.02547232705235,10.072842735549656,0.39034618069037663,0.9206681591216435,0.06382233746355766,0.9918643232209046,0.0,0.5,0.0,0.048257422261509406,0.14606619041263394,26.99450620517674,40.610400125907276,0.08720124953088197,4.004593900320485,1.0146436237856902,341.0812492759103,869.8032032842431,248.4935385801964,11891.310389256772,4,1,0,0
SYN_002,synthetic,synthetic_track_2,DRV_02,10.4,1,47.99591113804578,9.852194054967143,0.40056201192253693,0.9162696516880657,0.06559254793767506,1.0,0.0,0.5,0.0,0.056421729274343704,0.1251956477936129,26.99450620517674,40.610400125907276,0.08715910707944177,4.004593900320485,1.014453754442883,350.68043150351946,857.9091082471343,249.22832610925568,12045.23242950336,4,1,0,0
SYN_002,synthetic,synthetic_track_2,DRV_02,10.600000000000001,1,49.87949984896862,9.417943554614219,0.4111624021650577,0.9115621092640146,0.06743854451990759,0.9984041785750396,0.0015958214249603858,0.5,0.0,0.048100195318491315,0.10602184414864473,26.99450620517674,40.610400125907276,0.08711476028581193,4.004593900320485,1.0142558764719647,360.6563314733132,845.7504497467639,249.75047138376897,11995.006978483567,4,1,0,0
SYN_002,synthetic,synthetic_track_2,DRV_02,10.8,1,51.74250141258948,9.315007818104313,0.42212017054583156,0.906539884185113,0.06935698682179099,1.0,0.0,0.625,0.0,0.04038994792177188,0.08809899170608541,26.99450620517674,40.610400125907276,0.08706821037843261,4.004593900320485,1.0140503716448428,371.00483175583105,833.3791510033693,250.0847554200444,13243.891316703699,5,1,0,0
SYN_002,synthetic,synthetic_track_2,DRV_02,11.0,1,53.49991240328373,8.787054953471234,0.4334223801614163,0.9011909011831026,0.0713470830299675,0.9973392759038571,0.0026607240961428885,0.625,0.0,0.033118340771304884,0.07104094876563496,26.99450620517674,40.610400125907276,0.08701945864677198,4.004593900320485,1.0138373301581258,381.7048142364878,820.8470064842228,250.2577156913388,13653.685747636138,5,1,0,0
SYN_002,synthetic,synthetic_track_2,DRV_02,11.200000000000001,1,55.38453154378578,9.423095702510267,0.44503718551570054,0.8955120900960879,0.07340477196855534,1.0,0.0,0.625,1.0,0.02613441420672682,0.05450655040618625,26.99450620517674,40.610400125907276,0.0869685064412904,4.004593900320485,1.013617216205196,392.7817205452449,808.2052939622585,250.297490670566,13745.53314527444,5,1,0,0
SYN_002,synthetic,synthetic_track_2,DRV_02,11.4,1,57.18586740116148,9.006679286878487,0.45698275089391494,0.8894755563732092,0.07553494625870094,0.9977482652799076,0.0022517347200923803,0.625,1.0,0.01930332175357948,0.038187466284258995,26.99450620517674,40.610400125907276,0.08691535517340303,4.004593900320485,1.0133894696467693,404.2188940254772,795.5043942742034,250.23364590346068,13900.90139313494,5,1,0,0
SYN_002,synthetic,synthetic_track_2,DRV_02,11.600000000000001,1,58.98833449554117,9.012335471898432,0.46923091240700043,0.883075506874522,0.07773440269720715,0.9978420867020722,0.0021579132979278465,0.625,1.0,0.014556825802744842,0.017658142360211758,26.99450620517674,40.610400125907276,0.08686000631544077,4.004593900320485,1.013154456487593,416.0165609245854,779.619711256356,250.05514988666323,13841.654145873028,5,1,0,0
SYN_002,synthetic,synthetic_track_2,DRV_02,11.8,1,60.77949586563132,8.955806850450756,0.4817712094678251,0.8762970396662931,0.0800031847931895,1.0,0.0,0.625,1.0,0.0038658823939583284,0.000802377612515516,26.99450620517674,40.610400125907276,0.08680246140060946,4.004593900320485,1.012912171290262,428.1724600977117,766.9627130250701,249.87232539511498,13734.826148559894,5,1,0,0
SYN_002,synthetic,synthetic_track_2,DRV_02,12.0,1,62.466511205185896,8.435076697772885,0.49458985843648,0.8691264993841706,0.0823408577110984,1.0,0.0,0.75,1.0,-0.005258796902973817,0.021233964059587336,26.99450620517674,40.610400125907276,0.08674272202294736,4.004593900320485,1.012662663321752,440.66576233874883,751.2786962354533,249.64756421132617,15000.0,6,1,0,0
SYN_002,synthetic,synthetic_track_2,DRV_02,12.200000000000001,1,63.99682376802784,7.651562814209711,0.5076530959224725,0.8615615672720836,0.08474341583437478,0.9999955012538961,4.498746103904775e-06,0.75,1.0,-0.017110235658664614,0.044808234397141274,26.99450620517674,40.610400125907276,0.08668078983728106,4.004593900320485,1.0124063903281488,453.4651270923544,735.8239957741727,249.48783350107013,15000.0,6,1,0,0
SYN_002,synthetic,synthetic_track_2,DRV_02,12.4,1,64.81011381788788,4.0664502493002175,0.5209163653728701,0.8536077203767071,0.08720483213314507,0.7598053522647242,0.0,0.75,0.0,-0.029889905351909718,0.07040746295591624,26.99450620517674,40.610400125907276,0.08661666655917961,4.004593900320485,1.012144041287,466.427149855932,720.6746193262709,249.4587673585186,15000.0,6,1,0,0
SYN_002,synthetic,synthetic_track_2,DRV_02,12.600000000000001,1,64.60895183725988,-1.0058099031400047,0.5342211978536263,0.8453447295416449,0.08969752881844846,0.42385287347101513,0.004097126045166843,0.75,0.0,-0.04384636655148346,0.0984954770460067,26.99450620517674,40.610400125907276,0.08655035396490703,4.004593900320485,1.0118787705644832,479.348940223384,705.8991828009612,249.62571802801335,15000.0,6,1,0,0
SYN_002,synthetic,synthetic_track_2,DRV_02,12.8,1,62.30168380528931,-11.536340159852863,0.5473543046121685,0.8369009889004371,0.09218248850449692,0.17634188604412188,0.3118445303873909,0.75,0.0,-0.05920859399720646,0.12947960224178004,26.99450620517674,40.610400125907276,0.086481853891373,4.004593900320485,1.0116150411984595,491.80927698444185,691.5582435132035,250.0529567963133,15000.0,6,1,0,0
SYN_002,synthetic,synthetic_track_2,DRV_02,13.0,1,58.978786811762184,-16.61448496763562,0.5598920782048384,0.828565544035876,0.09457870711239266,0.038721788390264585,0.49413195550310085,0.625,0.0,-0.07616130095653552,0.16364722940611165,26.99450620517674,40.610400125907276,0.08641116823608212,4.004593900320485,1.0113621194863032,503.6050343467943,677.7037497881596,250.8028685326696,13977.75058466508,5,1,0,0
SYN_002,synthetic,synthetic_track_2,DRV_02,13.200000000000001,1,55.194400481043196,-18.92193165359494,0.5716442477211108,0.8205015868646235,0.09684712198976814,0.001112188276337816,0.5773377005513202,0.625,0.0,-0.09480164053830502,0.2010608960650667,26.99450620517674,40.610400125907276,0.0863382989570813,4.004593900320485,1.0111244736080318,514.6439144430029,664.3786131750007,251.93515114750454,13531.540933156859,5,1,0,0
SYN_002,synthetic,synthetic_track_2,DRV_02,13.4,1,51.67243031093134,-17.609850850559283,0.582537196050009,0.8128040447845922,0.09896998354673134,0.0,0.5613036360954655,0.625,0.0,-0.09036526772831326,0.233133308641537,26.99450620517674,40.610400125907276,0.0862632480729054,4.004593900320485,1.010904133511168,524.9784005051891,654.1225215056563,253.15420475484626,13570.781243717629,5,1,0,0
SYN_002,synthetic,synthetic_track_2,DRV_02,13.600000000000001,1,48.355199915587974,-16.586151976716828,0.5926411698745345,0.8054666000336347,0.10095738471253637,0.014188458592386186,0.5291634809415184,0.5,0.0,-0.10405221314455154,0.2666704905415244,26.99450620517674,40.610400125907276,0.08618601766252153,4.004593900320485,1.010699943940915,534.6494404883067,644.239700102379,254.6809155557458,11549.972032501111,4,1,0,0
SYN_002,synthetic,synthetic_track_2,DRV_02,13.8,1,45.343071597100064,-15.060641592439552,0.6020128248810245,0.7984864173414404,0.10281720009390513,0.028302834570230397,0.5065631591018339,0.5,0.0,-0.11821053257333859,0.30094144903570863,26.99450620517674,40.610400125907276,0.08610660986527127,4.004593900320485,1.0105110034004614,543.7180548077267,634.7390447923038,256.54018742811957,11775.073764733936,4,1,0,0
SYN_002,synthetic,synthetic_track_2,DRV_02,14.0,1,42.67912900653383,-13.319712952831182,0.610726043620598,0.7918419663313706,0.10456116438610129,0.060835164078109995,0.4645477104062832,0.5,0.0,-0.13246035141019197,0.3348446402280701,26.99450620517674,40.610400125907276,0.08602502688081155,4.004593900320485,1.0103359687807723,552.2538806090334,625.6255520116913,258.75473013156363,11901.872175612598,4,1,0,0
SYN_002,synthetic,synthetic_track_2,DRV_02,14.200000000000001,1,40.4545247118546,-11.123021473396122,0.6188603786885305,0.7855010068036123,0.10620266934789105,0.11487680008397307,0.39353034271547865,0.5,0.0,-0.10845138534912127,0.35914672399617414,26.99450620517674,40.610400125907276,0.08594127096905359,4.004593900320485,1.0101733073866708,560.3447855514044,619.0453403033449,260.6610947388742,11505.765887964186,4,1,0,0
SYN_002,synthetic,synthetic_track_2,DRV_02,14.4,1,38.711568908648985,-8.71477901602809,0.6265099602489126,0.7794134138625701,0.1077586126060393,0.1570144208549881,0.33761833215797243,0.375,0.0,-0.11578837351334062,0.3816500929024331,26.99450620517674,40.610400125907276,0.0858553444501004,4.004593900320485,1.0100210854336247,568.0870993331341,612.6827181607991,262.78639044238776,10392.296115424886,3,1,0,0
SYN_002,synthetic,synthetic_track_2,DRV_02,14.600000000000001,1,37.25765241454371,-7.269582470526359,0.6337739100934333,0.7735183455386696,0.1092475191025258,0.18913852359462904,0.29545429925885175,0.375,0.0,-0.12243473072985159,0.4015205916995283,26.99450620517674,40.610400125907276,0.08576724970418248,4.004593900320485,1.009877182954202,575.5386298160429,606.5356072399126,265.13736891051167,10011.205726760947,3,1,0,0
SYN_002,synthetic,synthetic_track_2,DRV_02,14.8,1,36.01264559887423,-6.22503407834742,0.6407126701201361,0.7677807462730005,0.1106805057338544,0.21712604682731487,0.25817621587675443,0.375,0.0,-0.12812472175314968,0.4179044003370056,26.99450620517674,40.610400125907276,0.08567698917159186,4.004593900320485,1.0097403274433552,582.7411589358177,600.6007941738467,267.7198789755795,9687.924828687726,3,1,0,0
SYN_002,synthetic,synthetic_track_2,DRV_02,15.0,1,34.93433469714345,-5.391554508653904,0.6473702036874346,0.7621757142402855,0.11206560748765725,0.23503853176491354,0.23043181732817383,0.375,0.0,-0.13259733881563576,0.43000055182655095,26.99450620517674,40.610400125907276,0.08558456535261452,4.004593900320485,1.0096095989484133,589.7280258752463,594.8739673567989,270.5388318855878,10166.35193646099,3,1,0,0
SYN_002,synthetic,synthetic_track_2,DRV_02,15.200000000000001,1,34.273663936522304,-3.303353803105722,0.6537815473626221,0.7566833474632143,0.11340923574523967,0.27730888135690285,0.1770738970176852,0.375,0.0,-0.13562072662083188,0.4371424544728346,26.99450620517674,40.610400125907276,0.08548998080746116,4.004593900320485,1.009484263239292,596.5827586625508,589.3497587123368,273.59817053701875,10378.957982757554,3,1,0,0
SYN_002,synthetic,synthetic_track_2,DRV_02,15.4,1,33.80110354717337,-2.362801946744675,0.6600263613909465,0.7512424390761132,0.11472745358895207,0.29762465408979105,0.14813417268511578,0.375,0.0,-0.09129530286117059,0.4389159516754108,26.99450620517674,40.610400125907276,0.08539323815619622,4.004593900320485,1.0093624819133507,603.3429793719854,585.7764089985848,275.7727746943285,10051.870124672756,3,1,0,0
SYN_002,synthetic,synthetic_track_2,DRV_02,15.600000000000001,1,33.57301318078119,-1.1404518319609025,0.6661407282791073,0.7458260723035771,0.11602749603307412,0.3250312671990648,0.11230559367909686,0.375,0.0,-0.13699108042090685,0.43692036627273334,26.99450620517674,40.610400125907276,0.08529434007866536,4.004593900320485,1.0092434264810024,610.0575820081416,580.5752480295885,279.2388056966628,9694.254976615597,3,1,0,0
SYN_002,synthetic,synthetic_track_2,DRV_02,15.8,1,33.60754357686818,0.17265198043496355,0.6721698385239618,0.7403969936315726,0.11731876577079646,0.35973864116543486,0.06890335489869111,0.375,0.0,-0.13549447901903452,0.42936682973698015,26.99450620517674,40.610400125907276,0.08519328931442118,4.004593900320485,1.0091260204522803,616.7790907235152,575.557592914837,282.9508141973586,10350.142362156563,3,1,0,0
SYN_002,synthetic,synthetic_track_2,DRV_02,16.0,1,33.80526345838408,0.9885994075795068,0.6781608357641901,0.7349135192902736,0.11861136360067599,0.3695436820540047,0.05389826618691284,0.375,0.0,-0.08865458934010054,0.42137851968798545,26.99450620517674,40.610400125907276,0.08509008866264738,4.004593900320485,1.0090091074560743,623.540143415192,572.3101197539997,285.5622818602033,9987.747608376558,3,1,0,0
SYN_002,synthetic,synthetic_track_2,DRV_02,16.2,1,34.170850827565026,1.8279368459047163,0.6841419510807258,0.7293488813808229,0.11991156604138307,0.39659779303051695,0.01782843577044781,0.375,0.0,-0.12928738357149816,0.40534437719769095,26.99450620517674,40.610400125907276,0.08498474098208116,4.004593900320485,1.0088919686010271,630.374313580705,567.5783276214553,289.68417281972086,10042.547611077656,3,1,0,0
SYN_002,synthetic,synthetic_track_2,DRV_02,16.400000000000002,1,34.69722110214219,2.631851372885805,0.6901413455327606,0.7236745975825258,0.12122582953475096,0.4298416367183036,0.0,0.375,0.0,-0.12359047203648085,0.3850621309124128,26.99450620517674,40.610400125907276,0.08487724919093408,4.004593900320485,1.00877386439473,637.3137578011334,563.0047900365349,294.05022396079573,10032.811376784462,3,1,0,0
SYN_002,synthetic,synthetic_track_2,DRV_02,16.6,1,35.427171516073976,3.6497520696589447,0.6961849990820903,0.7178624151277666,0.12256033803867951,0.46331294280929775,0.002451215481916769,0.375,0.0,-0.11668920116183726,0.3613358900610244,26.99450620517674,40.610400125907276,0.08476761626681122,4.004593900320485,1.0086540864991174,644.3991921043482,558.5786967707495,298.65781260436296,10086.614609960716,3,1,0,0
SYN_002,synthetic,synthetic_track_2,DRV_02,16.8,1,36.12255767115525,3.476930775406366,0.7023052920123357,0.7118758858196195,0.1239229215585285,0.48679098132642973,0.0,0.375,0.0,-0.07348200725563932,0.3440261154994384,26.99450620517674,40.610400125907276,0.08465584524662867,4.004593900320485,1.0085317382505015,651.6237036385793,555.7042576366398,301.8619517687402,10194.638024101374,3,1,0,0
SYN_002,synthetic,synthetic_track_2,DRV_02,17.0,1,36.89126581910048,3.8435407397261656,0.7084927127177509,0.7057181278852361,0.1253122506997268,0.5265473592327587,0.0053088904927783495,0.375,0.0,-0.10322229036557143,0.3164440588783259,26.99450620517674,40.610400125907276,0.08454193922652944,4.004593900320485,1.008406970802778,659.0019568023994,551.4982146970523,306.8634055790986,10235.828518983595,3,1,0,0
SYN_002,synthetic,synthetic_track_2,DRV_02,17.2,1,37.90540051752059,5.070673492100539,0.7147560774911353,0.6993738268547702,0.12673114553892295,0.5997726635195731,0.0,0.375,0.0,-0.09438628656753822,0.28761039284980366,26.99450620517674,40.610400125907276,0.08442590136179765,4.004593900320485,1.0082794605925935,666.5830369059034,547.4079237678252,312.09425570129036,10512.92069865358,3,1,0,0
SYN_002,synthetic,synthetic_track_2,DRV_02,17.400000000000002,1,39.13247755072514,6.135385166022758,0.7211324436947986,0.6927972276581137,0.1281890455588276,0.6606151714973617,0.0,0.5,0.0,-0.0852692015138132,0.25820559980158303,26.99450620517674,40.610400125907276,0.08430773486677116,4.004593900320485,1.0081481267788246,674.4095324160485,543.4206332191585,317.5480524691799,11432.983441682223,4,1,0,0
SYN_002,synthetic,synthetic_track_2,DRV_02,17.6,1,40.47008708483045,6.688047670526558,0.7276517402169922,0.6859467508190289,0.12969414084924008,0.7375818823060426,0.0,0.5,0.0,-0.07606506518186777,0.22878912251794606,26.99450620517674,40.610400125907276,0.08418744301475253,4.004593900320485,1.0080120314332068,682.5035498330145,539.5232347551873,323.21734063656277,11392.592530358399,4,1,0,0
SYN_002,synthetic,synthetic_track_2,DRV_02,17.8,1,42.06290724173889,7.96410078454219,0.7343254209957369,0.6787975958114715,0.1312506826601951,0.8039189631901532,0.004861671516068016,0.5,0.0,-0.06692910179451925,0.19979585837502414,26.99450620517674,40.610400125907276,0.08406502913791836,4.004593900320485,1.0078706872130838,690.9161312813623,535.7023393926064,329.09368479201106,11781.58953378425,4,1,0,0
SYN_002,synthetic,synthetic_track_2,DRV_02,18.0,1,44.007815418889265,9.724540885751871,0.7411873173877082,0.6712982649639524,0.13286848678487737,0.9506969616426902,0.001342408517793454,0.5,0.0,-0.07536035507903864,0.1623315602900946,26.99450620517674,40.610400125907276,0.08394049662722688,4.004593900320485,1.0077229701744277,699.7176943651401,530.7033024540018,337.2345430080892,11884.292595549003,4,1,0,0
SYN_002,synthetic,synthetic_track_2,DRV_02,18.2,1,45.946468592341866,9.693265867263001,0.7482845060145059,0.6633779451101964,0.13456109507021927,1.0,0.0,0.5,0.0,-0.04647208245434076,0.13538959642757442,26.99450620517674,40.610400125907276,0.08381384893232421,4.004593900320485,1.0075673300950552,708.9069880836084,527.0078406985023,343.55594197285365,11838.755639005656,4,1,0,0
SYN_002,synthetic,synthetic_track_2,DRV_02,18.400000000000002,1,47.82744371030989,9.404875589840138,0.7556040242581008,0.6550286700022857,0.13632826693915548,0.9981417117124554,0.0018582882875446782,0.5,0.0,-0.049198952312324976,0.1012145662556746,26.99450620517674,40.610400125907276,0.08368508956144864,4.004593900320485,1.0074037934445117,718.4724768256705,522.1261319273785,352.2503642035813,12199.642738030489,4,1,0,0
SYN_002,synthetic,synthetic_track_2,DRV_02,18.6,1,49.788238197914815,9.803972438024608,0.7631242252433392,0.6462518215423096,0.13816778400493662,0.9989136183318523,0.0010863816681477268,0.5,0.0,-0.027792414506386563,0.07694295187485124,26.99450620517674,40.610400125907276,0.0835542220813335,4.004593900320485,1.0072326129362208,728.4301244652535,518.4812584411454,358.9545146519779,12560.994431043793,4,1,0,0
SYN_002,synthetic,synthetic_track_2,DRV_02,18.8,1,51.80362222406189,10.076920130735374,0.7708444216413726,0.6370234513927866,0.14008271624331797,0.9985807605054355,0.001419239494564495,0.625,1.0,-0.025605017999101122,0.04637144369984895,26.99450620517674,40.610400125907276,0.08342125011710838,4.004593900320485,1.0070534362774175,738.7908489100658,513.6175478423748,368.11256217215833,13388.594995114343,5,1,0,0
SYN_002,synthetic,synthetic_track_2,DRV_02,19.0,1,53.78830353225331,9.923406540957096,0.7787586511791661,0.6273236510873841,0.14207516325193573,1.0,0.0,0.625,1.0,-0.013280900690152789,0.017745333803715128,26.99450620517674,40.610400125907276,0.0832861773521987,4.004593900320485,1.0068660221691046,749.5485096165165,508.7205754692852,377.49035197264845,13382.666642112683,5,1,0,0
SYN_002,synthetic,synthetic_track_2,DRV_02,19.200000000000003,1,55.751534345405155,9.816154065759228,0.7868469198908239,0.6171482193592747,0.14414394415702242,1.0,0.0,0.625,1.0,-0.0004501746821132061,0.015545061695478488,26.99450620517674,40.610400125907276,0.08314900752822364,4.004593900320485,1.0066705045807554,760.6988164855976,502.5061856558386,389.46754771259185,13255.798645110468,5,1,0,0
SYN_002,synthetic,synthetic_track_2,DRV_02,19.400000000000002,1,57.63744090843627,9.429532815155568,0.795090074311293,0.6064913632787053,0.146288233939538,0.995076700650692,0.0049232993493079835,0.625,1.0,0.011710743991386361,0.04040733803056928,26.99450620517674,40.610400125907276,0.08300974444489256,4.004593900320485,1.0064669767546348,772.2263046672848,497.4246461129143,399.20786007177344,13818.780750002545,5,1,0,0
SYN_002,synthetic,synthetic_track_2,DRV_02,19.6,1,59.37704574964068,8.698024206022055,0.8034603234204908,0.5953583027799649,0.14850505858986246,0.9969376988380805,0.0030623011619195033,0.625,1.0,0.02872642272294544,0.06957805147734886,26.99450620517674,40.610400125907276,0.0828683919598997,4.004593900320485,1.0062557777601355,784.101713817213,490.8902469917887,411.5177906301529,13861.890574830944,5,1,0,0
SYN_002,synthetic,synthetic_track_2,DRV_02,19.8,1,60.12674569672683,3.748499735430748,0.8119201811689751,0.5837684638711983,0.1507887911186948,0.7239766713836776,0.0,0.625,0.0,0.03361183849815121,0.09160135786604766,26.99450620517674,40.610400125907276,0.0827249539888173,4.004593900320485,1.0060375501501617,796.1270629565583,485.48581111323483,421.42464641914165,13756.867625326562,5,1,0,0
SYN_002,synthetic,synthetic_track_2,DRV_02,20.0,1,60.148312676224975,0.10783489749073283,0.8203164979872238,0.5719098208021759,0.15310135826087662,0.45588738678532725,0.0,0.625,0.0,0.05456825171304598,0.11774023349412627,26.99450620517674,40.610400125907276,0.08257943450498721,4.004593900320485,1.0058166483142452,808.1567254918034,478.47119816599894,433.8149829585989,14012.574976829232,5,1,0,0
SYN_002,synthetic,synthetic_track_2,DRV_02,20.200000000000003,1,58.78064941844082,-6.838316288920794,0.8285425433210237,0.5599261146857946,0.15541475490226989,0.26013894637506135,0.19816812658977798,0.625,0.0,0.06782559818283326,0.14256209963863065,26.99450620517674,40.610400125907276,0.08243183753941073,4.004593900320485,1.0055962748281426,819.9128553754915,471.1313949141154,446.13780267921345,14017.227263686598,5,1,0,0
SYN_002,synthetic,synthetic_track_2,DRV_02,20.400000000000002,1,56.92592244847043,-9.27363484985193,0.8364124291500545,0.5481005823416949,0.15767554911067144,0.20090705656605073,0.279442560527648,0.625,0.0,0.06337592974800706,0.16159529703065487,26.99450620517674,40.610400125907276,0.08228216718063706,4.004593900320485,1.0053825410783337,831.2980398651856,465.0020514004925,455.8934583194003,13682.925910688704,5,1,0,0
SYN_002,synthetic,synthetic_track_2,DRV_02,20.6,1,54.61997660391964,-11.529729222753957,0.843873143285788,0.5365427457723793,0.15986500766638184,0.1421930741220243,0.3559578309776316,0.625,0.0,0.09013971831978039,0.18445402258009314,26.99450620517674,40.610400125907276,0.08213042757464992,4.004593900320485,1.0051775889013566,842.2220351859695,456.9941860137407,467.89305403857895,13777.045532773249,5,1,0,0
SYN_002,synthetic,synthetic_track_2,DRV_02,20.8,1,52.44140966897874,-10.892834674704481,0.8508815307995,0.5253576120551595,0.16196577599730183,0.15392148645698198,0.34127860973060903,0.625,0.0,0.08051938028186267,0.20202444492624508,26.99450620517674,40.610400125907276,0.08197662292475281,4.004593900320485,1.0049834023992683,852.7103171197653,450.29645889867203,477.2882186087937,13320.08715250585,5,1,0,0
SYN_002,synthetic,synthetic_track_2,DRV_02,21.0,1,50.470488822558764,-9.854604232099895,0.8574709042991449,0.5145324560029297,0.16398275329226256,0.16921347636264697,0.3213176859301081,0.625,0.0,0.08770456269872051,0.21894682252492978,26.99450620517674,40.610400125907276,0.08182075749145248,4.004593900320485,1.0047994198267152,862.804414884277,443.3298635248009,486.4597139850457,13367.936364417685,5,1,0,0
SYN_002,synthetic,synthetic_track_2,DRV_02,21.200000000000003,1,48.730420732256384,-8.700340451511899,0.8636825929557813,0.5040360886138792,0.16592392593928404,0.18464094655830823,0.3011789537901386,0.5,0.0,0.09461161091674311,0.2351755846246909,26.99450620517674,40.610400125907276,0.08166283559234105,4.004593900320485,1.0046247262456292,872.5504990307282,436.08818569613675,495.37037977748076,12323.71805260437,4,1,0,0
SYN_002,synthetic,synthetic_track_2,DRV_02,21.400000000000002,1,47.077679324747464,-8.263707037544599,0.8695582191750121,0.49383043999452036,0.16779817289052465,0.19873696912600486,0.2830177399360192,0.5,0.0,0.10121462246607384,0.25063206295302604,26.99450620517674,40.610400125907276,0.08150286160197621,4.004593900320485,1.0044583045915167,881.9660348956777,428.56787747068097,503.98477068576835,11797.412955724856,4,1,0,0
SYN_002,synthetic,synthetic_track_2,DRV_02,21.6,1,45.59020887476823,-7.437352249896172,0.8751200528864319,0.48390587208262786,0.1696088528645534,0.21042270379582476,0.2660015850381235,0.5,0.0,0.10747413011389373,0.26520580957451734,26.99450620517674,40.610400125907276,0.08134083995176024,4.004593900320485,1.0042997692975528,891.0840766706314,420.76801645051825,512.2694325943984,11658.464766006964,4,1,0,0
SYN_002,synthetic,synthetic_track_2,DRV_02,21.8,1,44.36507864674838,-6.125651140099251,0.8803982055185079,0.4742351734316964,0.1713623224366599,0.2367961133198996,0.23034698206726165,0.5,0.0,0.08447766033683221,0.2754739505961351,26.99450620517674,40.610400125907276,0.08117677512981712,4.004593900320485,1.0041483918250866,899.9570923999811,414.7355542675019,518.2476824268207,11662.797518881627,4,1,0,0
SYN_002,synthetic,synthetic_track_2,DRV_02,22.0,1,43.3149764412343,-5.250511027570397,0.8854319306756676,0.4647690782958347,0.17306867161538098,0.246465557137896,0.21762300434053947,0.5,0.0,0.11743842359756376,0.2881527599378924,26.99450620517674,40.610400125907276,0.08101067168086827,4.004593900320485,1.0040030165137255,908.620087688228,406.4518974088047,525.8817287232176,11751.336316105093,4,1,0,0
SYN_002,synthetic,synthetic_track_2,DRV_02,22.200000000000003,1,42.472991581120034,-4.2099243005713305,0.8902483227866345,0.45547549195931963,0.17473463224773614,0.2748035124235933,0.18357234126553165,0.5,0.0,0.09139988360629249,0.2968056977302437,26.99450620517674,40.610400125907276,0.08084253420610665,4.004593900320485,1.0038628718598126,917.114686004452,400.06208748498824,531.3399473244406,11608.532613464096,4,1,0,0
SYN_002,synthetic,synthetic_track_2,DRV_02,22.400000000000002,1,41.61308337635769,-4.299541023811706,0.8948763766494872,0.446314094013045,0.17636820884701,0.2684777667376818,0.1887018459586618,0.5,0.0,0.12583017289736517,0.30705094765524094,26.99450620517674,40.610400125907276,0.08067236736306928,4.004593900320485,1.0037270407497672,925.4373026797235,391.31254266341637,538.241742244348,11683.19613175404,4,1,0,0
SYN_002,synthetic,synthetic_track_2,DRV_02,22.6,1,40.93332972323707,-3.3987682656031026,0.8993193024887903,0.4372925704503514,0.177968712053793,0.2940096102856376,0.15743507811484406,0.5,0.0,0.09699094160223125,0.31366199854765253,26.99450620517674,40.610400125907276,0.08050017586550823,4.004593900320485,1.0035956006321791,933.623968624371,384.5833382716001,543.1244263883609,11715.294722482402,4,1,0,0
SYN_002,synthetic,synthetic_track_2,DRV_02,22.8,1,40.29567684151203,-3.18826440862523,0.9036009254530925,0.4283752648325005,0.1795430708893021,0.2992638650552391,0.14792640886572198,0.5,0.0,0.09890158429399776,0.3192670275644005,26.99450620517674,40.610400125907276,0.08032596448326008,4.004593900320485,1.0034677573960715,941.6831039926733,377.71624789641277,547.7464968872071,11657.944775475338,4,1,0,0
SYN_002,synthetic,synthetic_track_2,DRV_02,23.0,1,39.8544476213048,-2.2061461010361327,0.9077294894582402,0.41955592472027203,0.18109290461397565,0.31805935640377814,0.12428518325129653,0.5,0.0,0.10048645144739145,0.3237939510178398,26.99450620517674,40.610400125907276,0.08014973804211376,4.004593900320485,1.0033433243503127,949.6539935169343,370.71666224125164,552.1010618375353,11488.930999164257,4,1,0,0
SYN_002,synthetic,synthetic_track_2,DRV_02,23.200000000000003,1,39.37996238910715,-2.3724261609882547,0.9117281803743064,0.41079401786218384,0.18262576798402583,0.31280762525638117,0.1272791610036567,0.5,0.0,0.13584466737703244,0.32804403331917215,26.99450620517674,40.610400125907276,0.07997150142367684,4.004593900320485,1.00322143576631,957.5299859947557,361.1880721943027,557.4811151171099,11648.342879263071,4,1,0,0
SYN_002,synthetic,synthetic_track_2,DRV_02,23.400000000000002,1,39.092751867216386,-1.4360526094538173,0.9155961984049608,0.40209899461001364,0.1841403819220684,0.3336836049662027,0.10113054742664787,0.5,0.0,0.10280356021375385,0.32982642193628486,26.99450620517674,40.610400125907276,0.07979125956524043,4.004593900320485,1.003102236489329,965.348536368199,353.9031506664005,561.1907282389421,11482.331736971582,4,1,0,0
SYN_002,synthetic,synthetic_track_2,DRV_02,23.6,1,38.93126012508767,-0.8074587106435871,0.9193539905701535,0.393431366343272,0.18564394930157674,0.34459011967687186,0.08651353555190025,0.5,0.0,0.10316687321014885,0.33036426917031153,26.99450620517674,40.610400125907276,0.0796090174596422,4.004593900320485,1.0029849010127927,973.1347883932166,346.5072087253581,564.6176823722261,11563.610592752182,4,1,0,0
SYN_002,synthetic,synthetic_track_2,DRV_02,23.8,1,38.81756333028818,-0.5684839739974379,0.9230147162927004,0.3847646469039299,0.18714130546023397,0.3512706064975583,0.07675001246536621,0.375,0.0,0.10313780628644013,0.3296379796771561,26.99450620517674,40.610400125907276,0.07942478015512831,4.004593900320485,1.0028688746595964,980.8983010592742,339.00753620636544,567.7598454595858,10350.876015055528,3,1,0,0
SYN_002,synthetic,synthetic_track_2,DRV_02,24.0,1,38.94622296596973,0.643298178407754,0.9265834101602431,0.3760893298351001,0.18863428866524504,0.3707456787155302,0.053637372215778946,0.5,0.0,0.10271274584787592,0.32764410678886957,26.99450620517674,40.610400125907276,0.07923855275521342,4.004593900320485,1.0027539456009176,988.6875456524682,331.41171452848016,570.6162164189775,11311.793383122942,4,1,0,0
SYN_002,synthetic,synthetic_track_2,DRV_02,24.200000000000003,1,39.02433142568553,0.3905422985789997,0.9300819899060593,0.36735200020196584,0.19013222031778235,0.3744815885075235,0.04861325936213958,0.5,0.0,0.10189315784300637,0.3243954166131839,26.99450620517674,40.610400125907276,0.07905034041853934,4.004593900320485,1.0026390459208696,996.4924119376053,323.72755862141287,573.1869262792803,11765.299225112783,4,1,0,0
SYN_002,synthetic,synthetic_track_2,DRV_02,24.400000000000002,1,39.214373633058095,0.950211036862818,0.9335049504152517,0.3585645096077112,0.19163315614184717,0.3762103134830504,0.04353451823208186,0.5,0.0,0.10068548858169521,0.3199201951423549,26.99450620517674,40.610400125907276,0.07886014835873217,4.004593900320485,1.0025243964805388,1004.3352866642169,315.963058056676,575.4732340292796,11330.766786921406,4,1,0,0
SYN_002,synthetic,synthetic_track_2,DRV_02,24.6,1,39.537791156461054,1.6170876170147963,0.9368609494533412,0.34970210378175326,0.1931414012815802,0.3978387509259119,0.01891122891953457,0.5,0.0,0.09910083653038951,0.31426085800917936,26.99450620517674,40.610400125907276,0.0786679818442579,4.004593900320485,1.0024095031908955,1012.2428448955092,308.1263177487102,577.4775172002403,11287.073449876489,4,1,0,0
SYN_002,synthetic,synthetic_track_2,DRV_02,24.8,1,39.85236922750204,1.572890355204919,0.9401594475415852,0.3407348135989353,0.19466208555682868,0.39467924623859635,0.019728266433789773,0.5,0.0,0.09715442235034288,0.307471975662011,26.99450620517674,40.610400125907276,0.07847384619827635,4.004593900320485,1.0022937776036016,1020.2133187410095,300.2254985923004,579.2032572283345,11679.879994958432,4,1,0,0
SYN_002,synthetic,synthetic_track_2,DRV_02,25.0,1,40.244300769846205,1.959657711720837,0.9433973325222987,0.33166469964379897,0.19619486898865568,0.40805400729999225,0.002499951434015789,0.5,0.0,0.09486489910496892,0.2996178663345145,26.99450620517674,40.610400125907276,0.07827774679849382,4.004593900320485,1.0021772569989353,1028.2621788949787,292.2687584012018,580.6550196690373,11652.383095915935,4,1,0,0
SYN_002,synthetic,synthetic_track_2,DRV_02,25.200000000000003,1,40.624086649483885,1.8989293981884003,0.9465782638274084,0.32247417020513336,0.19774272671057283,0.42119448357377715,0.0,0.5,0.0,0.09225355431902418,0.29076993149798147,26.99450620517674,40.610400125907276,0.07807968907701412,4.004593900320485,1.002059599391992,1036.3869962248755,284.2641935094187,581.838429361108,11394.23030778122,4,1,0,0
SYN_002,synthetic,synthetic_track_2,DRV_02,25.400000000000002,1,41.184405378989545,2.8015936475283,0.9496984100203436,0.31316597836423943,0.19930519158170681,0.45139443460353135,0.0,0.5,0.0,0.11842974054639718,0.2775579356691575,26.99450620517674,40.610400125907276,0.0778796785201881,4.004593900320485,1.001940856577782,1044.6238773006735,273.5308104340063,583.0105167385891,11867.86318598349,4,1,0,0
SYN_002,synthetic,synthetic_track_2,DRV_02,25.6,1,41.74661559515271,2.8110510808158296,0.9527681581212427,0.30369859543675,0.20088920717320644,0.46884595937551476,0.0,0.5,0.0,0.08504013933515865,0.2666881770195132,26.99450620517674,40.610400125907276,0.07767772066846157,4.004593900320485,1.0018202325496324,1052.973200419704,265.4453679750244,583.5953622331652,11748.316513161772,4,1,0,0
SYN_002,synthetic,synthetic_track_2,DRV_02,25.8,1,42.31052150327985,2.819529540635699,0.9557834926647863,0.29407127562803936,0.20249484623455846,0.48307486351493334,0.0026788281334966706,0.5,0.0,0.08152645601205988,0.25507945688502276,26.99450620517674,40.610400125907276,0.07747382111622193,4.004593900320485,1.0016977173066854,1061.43530472036,257.3379187553297,583.9378372055003,11501.840367872084,4,1,0,0
SYN_002,synthetic,synthetic_track_2,DRV_02,26.0,1,42.99028928173247,3.3988388922631074,0.9587402992755014,0.28428337718748514,0.2041221739846846,0.5239662562723566,0.005017116717619602,0.5,0.0,0.10286018600526518,0.23857626886226463,26.99450620517674,40.610400125907276,0.07726798551164323,4.004593900320485,1.0015733016934447,1070.0333625767064,246.50612643423622,584.034530184518,11727.761198497865,4,1,0,0
SYN_002,synthetic,synthetic_track_2,DRV_02,26.200000000000003,1,43.78522422319261,3.9746747073006716,0.9616419481804239,0.27430778971760683,0.20577564664936662,0.5590908083688265,0.0,0.5,0.0,0.07251225491071711,0.22551642289538135,26.99450620517674,40.610400125907276,0.07706021955652954,4.004593900320485,1.0014464742071392,1078.790407421345,238.37467000529986,583.8510856290686,11789.715543345814,4,1,0,0
SYN_002,synthetic,synthetic_track_2,DRV_02,26.400000000000002,1,44.61890126037676,4.168385185920762,0.964490561219723,0.2641173173384583,0.20745969373487402,0.5868490923293829,0.0,0.5,0.0,0.06834937613268391,0.21193800296777568,26.99450620517674,40.610400125907276,0.07685052900615727,4.004593900320485,1.0013167263856688,1087.7141876734204,230.24373238636178,583.4611784362988,11874.549033064523,4,1,0,0
SYN_002,synthetic,synthetic_track_2,DRV_02,26.6,1,45.59099916805295,4.860489538380968,0.9672823219279078,0.2537024037839522,0.20917580532181163,0.6402395743514376,0.0029174556797248374,0.5,0.0,0.08439365234134749,0.19311625104436891,26.99450620517674,40.610400125907276,0.07663891966911544,4.004593900320485,1.0011838860212356,1096.832387507031,219.4133371409435,582.6417080075696,11983.730129274923,4,1,0,0
SYN_002,synthetic,synthetic_track_2,DRV_02,26.8,1,46.63519150768755,5.220961698172992,0.9700187411307554,0.24303012540651112,0.21092930528981366,0.677579841483109,0.0026906024183448412,0.5,0.0,0.05806469366877885,0.178519444722281,26.99450620517674,40.610400125907276,0.07642539740714506,4.004593900320485,1.0010473423034876,1106.1594258085684,211.30552334583427,581.8194983005944,11819.038996266405,4,1,0,0
SYN_002,synthetic,synthetic_track_2,DRV_02,27.0,1,47.82292670875289,5.938676005326684,0.9726960090008303,0.23208290345016078,0.21272296650164776,0.7527257131842546,0.0021153643083682413,0.5,0.0,0.07021473390361496,0.15848617706743123,26.99450620517674,40.610400125907276,0.07620996813497656,4.004593900320485,1.0009067762425043,1115.724011150319,200.52393240889924,580.4727501171002,12236.329722598917,4,1,0,0
SYN_002,synthetic,synthetic_track_2,DRV_02,27.200000000000003,1,49.31823890009387,7.476560956704894,0.9753131590762207,0.220826270476958,0.21456230983659982,0.8454928702079266,0.0,0.5,0.0,0.06174488085413345,0.13786511759672546,26.99450620517674,40.610400125907276,0.07599263782016603,4.004593900320485,1.0007615544594288,1125.5876589303377,189.78385522276415,578.871199548776,12460.680799855987,4,1,0,0
SYN_002,synthetic,synthetic_track_2,DRV_02,27.400000000000002,1,51.124320457811564,9.030407788588484,0.977875700387441,0.2091867935405381,0.21645916517891112,0.9349948876931375,0.0007603390321186715,0.625,0.0,0.05304270473499079,0.11671439033338922,26.99450620517674,40.610400125907276,0.0757734124829299,4.004593900320485,1.0006103218094393,1135.8125230219,179.09285744911224,577.0503558911412,13282.125534992372,5,1,0,0
SYN_002,synthetic,synthetic_track_2,DRV_02,27.6,1,52.93514664905854,9.054130956234872,0.9803854553273775,0.19708972317838067,0.21842548519651922,1.0,0.0,0.625,0.0,0.04413059900639412,0.09508462161710972,26.99450620517674,40.610400125907276,0.07555229819597817,4.004593900320485,1.0004517090855103,1146.3995523517117,168.4565262792836,575.0467224608173,13507.803132999661,5,1,0,0
SYN_002,synthetic,synthetic_track_2,DRV_02,27.8,1,54.72019183186832,8.925225914048909,0.9828264128444688,0.18453249636655789,0.22046145237532916,1.0,0.0,0.625,0.0,0.03502927826408461,0.07302608417721673,26.99450620517674,40.610400125907276,0.07532930108434618,4.004593900320485,1.0002856935737443,1157.3435907180854,157.8784115612491,572.8974855069165,13876.622041552613,5,1,0,0
SYN_002,synthetic,synthetic_track_2,DRV_02,28.0,1,56.61917091867441,9.494895434030468,0.9851806197431606,0.17152010518444147,0.22256607513809334,1.0,0.0,0.625,1.0,0.02576097554398323,0.05059687088328763,26.99450620517674,40.610400125907276,0.07510442732522504,4.004593900320485,1.0001123868574204,1168.6674249018201,147.35999214142868,570.6401987894055,13516.626524701367,5,1,0,0
SYN_002,synthetic,synthetic_track_2,DRV_02,28.200000000000003,1,58.46724436553238,9.240367234289835,0.9874351763159036,0.1580245948388425,0.22474373555804233,1.0,0.0,0.625,1.0,0.018958218373710256,0.02215558662159752,26.99450620517674,40.610400125907276,0.07487768314779034,4.004593900320485,0.9999312857586086,1180.3608737749266,134.2948030910962,567.7239123689244,13690.887732478892,5,1,0,0
SYN_002,synthetic,synthetic_track_2,DRV_02,28.400000000000002,1,60.36484395206784,9.487997932677281,0.9895693091842357,0.14405756599580097,0.22699247572594744,0.9968803317028502,0.0031196682971498164,0.625,1.0,0.004453222119015098,0.0007927007018453708,26.99450620517674,40.610400125907276,0.0746490748330297,4.004593900320485,0.9997426123778285,1192.4338425653402,123.90536625972028,565.3605702501146,13876.288951852182,5,1,0,0
SYN_002,synthetic,synthetic_track_2,DRV_02,28.6,1,62.01250406635488,8.23830057143521,0.9915654308633294,0.12960708436200494,0.22931420049333465,0.9941462188851016,0.005853781114898402,0.75,1.0,-0.007888340704025824,0.029479489612936605,26.99450620517674,40.610400125907276,0.07441860871356884,4.004593900320485,0.9995461469002775,1204.8363433786112,110.98847658095846,562.428477640406,15000.0,6,1,0,0
SYN_002,synthetic,synthetic_track_2,DRV_02,28.8,1,63.52150470088274,7.545003172639291,0.9933963092748225,0.11473348560538585,0.2316992968035791,0.9504106565241204,0.0,0.75,1.0,-0.02275027961471881,0.057795928642684,26.99450620517674,40.610400125907276,0.07418629117349601,4.004593900320485,0.9993429871444074,1217.5406443187878,98.1356745032378,559.5854281183949,15000.0,6,1,0,0
SYN_002,synthetic,synthetic_track_2,DRV_02,29.0,1,63.78080413822149,1.2964971866937702,0.995040434667416,0.09947126910259006,0.2341424315997669,0.574547887976718,0.002590877733503348,0.75,0.0,-0.0372894430994629,0.08521856421610241,26.99450620517674,40.610400125907276,0.07395212864818533,4.004593900320485,0.9991337412813167,1230.2968051464322,85.32823528025783,556.8974351495856,15000.0,6,1,0,0
SYN_002,synthetic,synthetic_track_2,DRV_02,29.200000000000003,1,62.80154884272853,-4.896276477464809,0.9964553636524146,0.08412317307575937,0.23659553945123696,0.3246345664834281,0.1129907242843233,0.75,0.0,-0.05119836474931268,0.1110914787706616,26.99450620517674,40.610400125907276,0.07371612762411833,4.004593900320485,0.9989239060503287,1242.857114914978,72.5434261844849,554.42644554905,14968.190680949665,6,1,0,0
SYN_002,synthetic,synthetic_track_2,DRV_02,29.400000000000002,1,60.75090718162931,-10.253208305496102,0.9976172699719229,0.06899117808653159,0.23901098363749576,0.18969401746414058,0.295166547234888,0.625,0.0,-0.06410513002359632,0.13464862599252483,26.99450620517674,40.610400125907276,0.07347829463870445,4.004593900320485,0.9987189291310449,1255.007296351304,59.75497819579146,552.2295593879372,14124.608733401968,5,1,0,0
SYN_002,synthetic,synthetic_track_2,DRV_02,29.6,1,58.31598141090866,-12.174628853603231,0.9985225926046053,0.054338127113265605,0.24134755699063537,0.13628566069863401,0.3650051022270882,0.625,0.0,-0.07559257619830229,0.15506588304627048,26.99450620517674,40.610400125907276,0.07323863628009977,4.004593900320485,0.998523522647027,1266.6704926334858,46.933628843236775,550.3583208106278,13473.506698873405,5,1,0,0
SYN_002,synthetic,synthetic_track_2,DRV_02,29.8,1,56.16020564979766,-10.77887880555501,0.9991891843076893,0.04026132092386539,0.24359047935259343,0.16366632710476128,0.32960078279634336,0.625,0.0,-0.06751768027023856,0.16859758473071673,26.99450620517674,40.610400125907276,0.07299715918702471,4.004593900320485,0.9983393754567416,1277.9025337634453,36.63165456567374,549.126499676281,13763.293095263698,5,1,0,0
SYN_002,synthetic,synthetic_track_2,DRV_02,30.0,1,54.19049062530218,-9.848575122477392,0.999643563467285,0.026697303579726963,0.245750487262201,0.18316369849190448,0.3029573462961343,0.625,0.0,-0.09135186395188412,0.1814256121488435,26.99450620517674,40.610400125907276,0.07275387004857997,4.004593900320485,0.9981652572934159,1288.7406318885057,23.67013496910717,547.9512279077683,13252.734731074253,5,1,0,0
SYN_002,synthetic,synthetic_track_2,DRV_02,30.200000000000003,1,52.745885217542494,-7.223027038798442,0.9999074568258434,0.013604329607670631,0.2478347369016357,0.229846152602071,0.23925151491545663,0.625,0.0,-0.0770929709752393,0.1881036375608155,26.99450620517674,40.610400125907276,0.07250877560406127,4.004593900320485,0.9980003474680202,1299.2898089320142,13.212281961901397,547.3231670443946,13552.698993871834,5,1,0,0
SYN_002,synthetic,synthetic_track_2,DRV_02,30.400000000000002,1,51.65962179073885,-5.431317134018201,0.9999996318087707,0.0008581272184621738,0.24986342479461812,0.2737008363409847,0.17990020842080023,0.625,0.0,-0.07918325336278749,0.19145035494437357,26.99450620517674,40.610400125907276,0.07226188264277275,4.004593900320485,0.9978423334614496,1309.621733290162,2.6563789320209636,546.9873424095927,13227.692992928676,5,1,0,0
SYN_002,synthetic,synthetic_track_2,DRV_02,30.6,1,51.031530397243976,-3.1404569674743854,0.9999324189724765,-0.011625725261321058,0.25185033332503115,0.32618580868886843,0.1112737360828021,0.625,0.0,-0.07988223261254306,0.19147411629065472,26.99450620517674,40.610400125907276,0.07201319800383886,4.004593900320485,0.9976896365172505,1319.8280393696107,-8.015307588868104,546.9540439776094,13061.080157915634,5,1,0,0
SYN_002,synthetic,synthetic_track_2,DRV_02,30.8,1,50.85207162447936,-0.8972938638230943,0.9997130132639408,-0.0239560245185136,0.2538130844941559,0.36938311945432023,0.05305520195451697,0.625,0.0,-0.07922178217192938,0.18831823063976807,26.99450620517674,40.610400125907276,0.07176272857601482,4.004593900320485,0.9975402386118499,1329.9984536945065,-18.820210465937187,547.2303541233912,13092.877674435531,5,1,0,0
SYN_002,synthetic,synthetic_track_2,DRV_02,31.0,1,51.068662051367234,1.082952134439381,0.9993431393570762,-0.03623934077688623,0.2557689334027897,0.4136877921006911,0.0004652677988693768,0.625,0.0,-0.07728752866138129,0.18224654996256073,26.99450620517674,40.610400125907276,0.07151048129749592,4.004593900320485,0.9973921636802578,1340.21218610478,-29.775217225933055,547.8201142698301,13085.142680604438,5,1,0,0
SYN_002,synthetic,synthetic_track_2,DRV_02,31.200000000000003,1,51.38920595179761,1.6027195021518637,0.9988198071539659,-0.04856946403775162,0.2577331127124577,0.45300264606114193,0.0008294443201679229,0.625,0.0,-0.07421021059008165,0.17361715500571642,26.99450620517674,40.610400125907276,0.07125646315572524,4.004593900320485,0.9972436670097631,1350.4900272951395,-40.89642823461619,548.7239198581107,13265.01007660136,5,1,0,0
SYN_002,synthetic,synthetic_track_2,DRV_02,31.400000000000002,1,51.84076526868131,2.2577965844185144,0.9981396290014647,-0.06096950891075302,0.2597096206336807,0.5020848798986625,0.002304852714817084,0.625,0.0,-0.07015303677284769,0.16284899626631616,26.99450620517674,40.610400125907276,0.07100068118720024,4.004593900320485,0.9970942890941326,1360.8581803488757,-52.198920427967074,549.9391434943142,13314.533368249407,5,1,0,0
SYN_002,synthetic,synthetic_track_2,DRV_02,31.6,1,52.44914046042222,3.0418759587045585,0.9972975026967296,-0.07346898063037663,0.26170349622093764,0.5686339903491365,0.0,0.625,0.0,-0.06529726189443202,0.15038700748064063,26.99450620517674,40.610400125907276,0.0707431424772776,4.004593900320485,0.9969434513399272,1371.3480084409603,-63.696519188378915,551.4599858713872,13347.482092403674,5,1,0,0
SYN_002,synthetic,synthetic_track_2,DRV_02,31.8,1,53.29520728250511,4.2303341104144465,0.9962862063674688,-0.08610339715665938,0.26372077085403084,0.6597662314757783,0.0,0.625,0.0,-0.0738759148985382,0.13309423028907066,26.99450620517674,40.610400125907276,0.07048385415997711,4.004593900320485,0.9967904616170913,1382.0070498974612,-78.36155383410028,553.7769806039663,13647.947381143278,5,1,0,0
SYN_002,synthetic,synthetic_track_2,DRV_02,32.0,1,54.297697880333935,5.012452989144123,0.9950946494257794,-0.09892744151237942,0.2657705865187425,0.730564039166323,0.0022031069825474542,0.625,0.0,-0.05239821073877499,0.11837903549615751,26.99450620517674,40.610400125907276,0.07022282341778412,4.004593900320485,0.9966342719277064,1392.866589473528,-90.3407527534917,555.948407008715,13518.277539892872,5,1,0,0
SYN_002,synthetic,synthetic_track_2,DRV_02,32.2,1,55.48338372697371,5.928429233198891,0.9937109318220259,-0.11197581871726163,0.26785895951413996,0.817698479754039,0.0,0.625,0.0,-0.046172102539154825,0.10326063606059754,26.99450620517674,40.610400125907276,0.06996005748145034,4.004593900320485,0.9964741918379331,1403.9632662189226,-102.54881167471254,558.3858180583272,13789.475810936105,5,1,0,0
SYN_002,synthetic,synthetic_track_2,DRV_02,32.4,1,56.86724632442343,6.919312987248567,0.9921202633287824,-0.12528919782817394,0.26999293581133127,0.9046768048863997,0.0,0.625,0.0,-0.03984061009681467,0.08802825470516765,26.99450620517674,40.610400125907276,0.06969556362979386,4.004593900320485,0.9963094131050312,1415.3367154838072,-114.99198405812737,561.0711135353712,13913.858319674011,5,1,0,0
SYN_002,synthetic,synthetic_track_2,DRV_02,32.6,1,58.70788316307053,9.2031841932355,0.9903048350410568,-0.1389112439448486,0.27218013759303983,1.0,0.0,0.625,1.0,-0.04090947210047978,0.06917213645748942,26.99450620517674,40.610400125907276,0.0694293491894972,4.004593900320485,0.9961390615532929,1427.0782921164214,-130.8824994405087,564.7447401357298,14072.869663700349,5,1,0,0
SYN_002,synthetic,synthetic_track_2,DRV_02,32.800000000000004,1,60.39702843009077,8.44572633510122,0.9882344473765703,-0.1529466476204194,0.2744381330993118,1.0,0.0,0.625,1.0,-0.031209992148432487,0.05081961406345859,26.99450620517674,40.610400125907276,0.06916142153490457,4.004593900320485,0.995961125163753,1439.1576978024395,-147.1492009978864,568.7281913567705,13593.865166745745,5,1,0,0
SYN_002,synthetic,synthetic_track_2,DRV_02,33.0,1,62.08419994041808,8.435857551636552,0.9858969170788074,-0.16735372387402386,0.27676109573123836,1.0,0.0,0.75,1.0,-0.018197244862939842,0.03664354319729548,26.99450620517674,40.610400125907276,0.06889178808781753,4.004593900320485,0.9957762682727868,1451.5745377905232,-160.43138508619933,572.1045300667023,14970.849266028252,6,1,0,0
SYN_002,synthetic,synthetic_track_2,DRV_02,33.2,1,63.775429864736225,8.456149621590718,0.9832751878882974,-0.18212606865364875,0.2791489495751006,0.9997479004604992,0.00025209953950079526,0.75,1.0,-0.01461795458848552,0.01965688866357499,26.99450620517674,40.610400125907276,0.0686204563172894,4.004593900320485,0.9955844973242073,1464.3296237634704,-177.36263955979746,576.5166807511843,14983.906582790667,6,1,0,0
SYN_002,synthetic,synthetic_track_2,DRV_02,33.4,1,65.44716016175735,8.35865148510564,0.9803515893955813,-0.19725810799446883,0.28160185072374433,0.9981965287373371,0.0018034712626629156,0.75,1.0,-0.005995970537295589,0.003529534423183628,26.99450620517674,40.610400125907276,0.06834743373941836,4.004593900320485,0.995385792206164,1477.4190557958218,-194.64496414447743,581.0884993797544,15000.0,6,1,0,0
SYN_002,synthetic,synthetic_track_2,DRV_02,33.6,1,66.97992360204911,7.663817201458798,0.9771092671423104,-0.21273805504567622,0.2841190491915042,1.0,0.0,0.75,1.0,0.0021780787512199534,0.011745408755873238,26.99450620517674,40.610400125907276,0.06807272791713924,4.004593900320485,0.9951802364481358,1490.8150405162316,-212.25736432591847,585.7602405093808,15000.0,6,1,0,0
SYN_002,synthetic,synthetic_track_2,DRV_02,33.800000000000004,1,68.48241048209461,7.512434400227477,0.9735379482903349,-0.22852541048786065,0.2866952000992753,1.0,0.0,0.75,1.0,0.012796095014648104,0.029020127786748486,26.99450620517674,40.610400125907276,0.06779634646001402,4.004593900320485,0.9949684392214244,1504.5115226126507,-233.78910212972738,591.4113407404145,15000.0,6,1,0,0
SYN_002,synthetic,synthetic_track_2,DRV_02,34.0,1,69.42877361177139,4.731815648383915,0.9696228171519495,-0.24460497226817995,0.2893291389639713,0.8324023716320759,0.004626797483181299,0.75,1.0,0.01868452100042026,0.042628402697719614,26.99450620517674,40.610400125907276,0.06751829702402112,4.004593900320485,0.994750531446101,1518.397277335005,-252.0230619376207,596.0844785129816,15000.0,6,1,0,0
SYN_002,synthetic,synthetic_track_2,DRV_02,34.2,1,69.55157079121537,0.6139858972198908,0.9653824969468797,-0.26083833036693005,0.2919994764105779,0.5955293493493453,0.0,0.75,0.0,0.03153105232474523,0.05815920580849083,26.99450620517674,40.610400125907276,0.06723858731134316,4.004593900320485,0.9945289577560126,1532.307591493248,-274.19248875054825,601.554928693096,15000.0,6,1,0,0
SYN_002,synthetic,synthetic_track_2,DRV_02,34.4,1,69.20778133426153,-1.7189472847692144,0.9608621989898346,-0.27702677587630314,0.2946745368256246,0.44647549048601,0.0,0.75,0.0,0.03353227054766483,0.07056297630878419,26.99450620517674,40.610400125907276,0.06695722507015377,4.004593900320485,0.9943073395168882,1546.1491477601003,-292.8533409832504,605.9265763449299,15000.0,6,1,0,0
SYN_002,synthetic,synthetic_track_2,DRV_02,34.6,1,68.17936398061548,-5.142086768230243,0.9560948092196035,-0.29305752981851513,0.29733637456925005,0.3362331146583811,0.09952413568920739,0.75,0.0,0.03988965496333948,0.08259909053432699,26.99450620517674,40.610400125907276,0.0666742180944028,4.004593900320485,0.9940877273717427,1559.7850205562233,-311.6288791868303,610.0640565324295,15000.0,6,1,0,0
SYN_002,synthetic,synthetic_track_2,DRV_02,34.800000000000004,1,66.32176922622514,-9.28797377195167,0.9511367546809797,-0.30876993683798587,0.2999586577992737,0.2417813844682989,0.22423157901924962,0.75,0.0,0.056036921412754785,0.09672206343918764,26.99450620517674,40.610400125907276,0.06638957422360062,4.004593900320485,0.9938731313314686,1573.0493744014684,-334.23220215594364,614.6392417155181,15000.0,6,1,0,0
SYN_002,synthetic,synthetic_track_2,DRV_02,35.0,1,64.4162884999392,-9.52740363142972,0.9460660324478749,-0.32397386043990734,0.3025094950772055,0.22021785686293255,0.2525468405462965,0.75,0.0,0.05339535564666326,0.10836260288323081,26.99450620517674,40.610400125907276,0.06610330134260081,4.004593900320485,0.993667197411173,1585.9326321014562,-353.0589896647148,618.0639163119447,15000.0,6,1,0,0
SYN_002,synthetic,synthetic_track_2,DRV_02,35.2,1,62.49065126648864,-9.628186167252792,0.9409083394287884,-0.3386613305255855,0.3049870446348954,0.21753171245630143,0.25882650615852776,0.75,0.0,0.059453207140860685,0.12001156215104558,26.99450620517674,40.610400125907276,0.06581540738138171,4.004593900320485,0.9934701339301392,1598.4307623547538,-371.810733954033,621.0829485014976,15000.0,6,1,0,0
SYN_002,synthetic,synthetic_track_2,DRV_02,35.4,1,60.540249483737206,-9.752008913757173,0.9356869339952548,-0.3528313500109644,0.30739053122206805,0.2071984081614673,0.27054602258418964,0.625,0.0,0.06554575015311141,0.13178501587428293,26.99450620517674,40.610400125907276,0.06552590031482694,4.004593900320485,0.993282027184533,1610.5388122515012,-390.4230204086437,623.6515501516675,13994.609731588685,5,1,0,0
SYN_002,synthetic,synthetic_track_2,DRV_02,35.6,1,58.72958686973515,-9.053313070010276,0.9304249824837162,-0.36648240335680027,0.3097190023560579,0.21465181043409834,0.2626229957264559,0.625,0.0,0.07173283870083806,0.14379656128782314,26.99450620517674,40.610400125907276,0.06523478816250428,4.004593900320485,0.9931029837325014,1622.2847296254483,-408.8303901167181,625.7300655361927,13888.548853958495,5,1,0,0
SYN_002,synthetic,synthetic_track_2,DRV_02,35.800000000000004,1,56.996757317260816,-8.664147762371677,0.9251300941600836,-0.37965024546199727,0.3119778326202785,0.21198178161057932,0.2603421237210577,0.625,0.0,0.06194171403094787,0.15365101665494577,26.99450620517674,40.610400125907276,0.06494207898844369,4.004593900320485,0.9929323863024928,1633.6840810889005,-423.3646157308272,627.0169026707775,13648.441614155236,5,1,0,0
SYN_002,synthetic,synthetic_track_2,DRV_02,36.0,1,55.39086872424292,-8.029442965089473,0.9198132415875169,-0.39235647133730867,0.3141700155940193,0.21707975315387332,0.25613082701162054,0.625,0.0,0.08329186672324765,0.16636282449394532,26.99450620517674,40.610400125907276,0.0646477809009138,4.004593900320485,0.9927698899965557,1644.762254833749,-441.2381382100997,628.1312669879759,13541.6826043835,5,1,0,0
SYN_002,synthetic,synthetic_track_2,DRV_02,36.2,1,53.87061809320176,-7.601253155205789,0.9144789839486624,-0.40463339940768844,0.3163004336218748,0.22902785119662442,0.24105851257560826,0.625,0.0,0.07148108948886363,0.1769066534987036,26.99450620517674,40.610400125907276,0.06435190205219737,4.004593900320485,0.9926149338287841,1655.5363784523893,-455.261732579719,628.6128485052733,13156.563319140401,5,1,0,0
SYN_002,synthetic,synthetic_track_2,DRV_02,36.4,1,52.34698920415596,-7.618144445229014,0.9091339511853754,-0.4165038520855089,0.3183723804716133,0.2168771354446888,0.25598114561347785,0.625,0.0,0.09565564798156659,0.19062347207145378,26.99450620517674,40.610400125907276,0.06405445063836553,4.004593900320485,0.9924671385333234,1666.0057762932204,-472.39527329462084,628.6875540894672,13022.763181831742,5,1,0,0
SYN_002,synthetic,synthetic_track_2,DRV_02,36.6,1,50.89207852988185,-7.274553371370551,0.9037924819810148,-0.4279709680744677,0.3203857262102347,0.22679066630676195,0.2432528276264697,0.625,0.0,0.08177133773888093,0.20206617449879002,26.99450620517674,40.610400125907276,0.06375543489905053,4.004593900320485,0.9923265165026197,1676.1841919991969,-485.74843598637534,628.3179915656835,13621.837040554801,5,1,0,0
SYN_002,synthetic,synthetic_track_2,DRV_02,36.800000000000004,1,49.56727367916535,-6.624024253582483,0.8984608071261675,-0.4390537302633878,0.3223431138459994,0.23947847834690641,0.2283913775847248,0.5,0.0,0.08662872304816302,0.21394740428595047,26.99450620517674,40.610400125907276,0.06345486311721779,4.004593900320485,0.9921927628916379,1686.09764673503,-498.7561535335965,627.5631055743285,12356.685254626547,4,1,0,0
SYN_002,synthetic,synthetic_track_2,DRV_02,37.0,1,48.311732319814695,-6.277706796753293,0.8931372819472185,-0.4497841655682585,0.3242495474490442,0.23532043545888084,0.23191435397947216,0.5,0.0,0.09167003259563779,0.22626964851777823,26.99450620517674,40.610400125907276,0.06315274361893616,4.004593900320485,0.9920653027369343,1695.7599931989928,-511.3916306185228,626.4221973161799,11795.664696521813,4,1,0,0
SYN_002,synthetic,synthetic_track_2,DRV_02,37.2,1,47.20183164994238,-5.549503349361586,0.8878252742534499,-0.46018070624134866,0.3261076909998063,0.2566658338788228,0.20588290996291686,0.5,0.0,0.07216997244443703,0.23579024931764053,26.99450620517674,40.610400125907276,0.06284908477314757,4.004593900320485,0.9919438287684637,1705.2003595289812,-520.6089736816118,625.3141810675091,11782.988293876826,4,1,0,0
SYN_002,synthetic,synthetic_track_2,DRV_02,37.4,1,46.063910849285236,-5.689604003285709,0.882518420616951,-0.47027782987481176,0.3279231460632656,0.24629382295370875,0.21798409424046142,0.5,0.0,0.10091947734319515,0.248822041959163,26.99450620517674,40.610400125907276,0.06254389499143492,4.004593900320485,0.9918276976437176,1714.4131416988382,-532.5347783022364,623.5035315970621,11805.099487708912,4,1,0,0
SYN_002,synthetic,synthetic_track_2,DRV_02,37.6,1,44.9207261050126,-5.71592372136319,0.8772287872687157,-0.48007255158679746,0.3296948349420843,0.24730133952363395,0.21767342673902,0.5,0.0,0.10641771174587891,0.262171985068444,26.99450620517674,40.610400125907276,0.06223718272778932,4.004593900320485,0.9917170301150745,1723.3972869198408,-544.0257681562261,621.3175887620406,11931.514227733465,4,1,0,0
SYN_002,synthetic,synthetic_track_2,DRV_02,37.800000000000004,1,43.9311421469186,-4.9479197904699745,0.8719657331053868,-0.489566910942708,0.33142255517689245,0.2596957686283513,0.2009978854936307,0.5,0.0,0.08349018240746532,0.2723278040460446,26.99450620517674,40.610400125907276,0.06192895647837569,4.004593900320485,0.9916118467950366,1732.1835153492245,-552.3476700810477,619.4367073091644,11676.075423323839,4,1,0,0
SYN_002,synthetic,synthetic_track_2,DRV_02,38.0,1,42.93857855688262,-4.962817950179925,0.8667192330758335,-0.49879632217613534,0.3331122144902355,0.2538883457704079,0.2083518225520517,0.5,0.0,0.11627374300113352,0.2859378994510775,26.99450620517674,40.610400125907276,0.06161922478129761,4.004593900320485,0.9915114692787135,1740.7712310606012,-563.0358217850087,616.6150398386869,12062.13145368906,4,1,0,0
SYN_002,synthetic,synthetic_track_2,DRV_02,38.2,1,42.08934032721673,-4.24619114832943,0.8614968657931251,-0.507762887801602,0.3347636982808848,0.26673791417704146,0.1922742284894154,0.5,0.0,0.09092047148817987,0.29608881092451617,26.99450620517674,40.610400125907276,0.061307996216360655,4.004593900320485,0.9914159081025442,1749.1890991260445,-570.7389318974223,614.2698723283328,12191.73931634394,4,1,0,0
SYN_002,synthetic,synthetic_track_2,DRV_02,38.400000000000006,1,41.27007012530893,-4.096351009538992,0.8562877570237715,-0.5164990582481235,0.3363825190627009,0.2701853973702883,0.18711046495900885,0.5,0.0,0.09406990541485083,0.306076492608224,26.99450620517674,40.610400125907276,0.060995279404834846,4.004593900320485,0.9913245300485622,1757.4431131511062,-578.1687006132863,611.7347213279072,11709.277271522978,4,1,0,0
SYN_002,synthetic,synthetic_track_2,DRV_02,38.6,1,40.35398639129742,-4.5804186700575755,0.8510940223577578,-0.5250132999333375,0.33796982945213583,0.26028487821212964,0.19826890979041542,0.5,0.0,0.13019932171567383,0.31892316588583935,26.99450620517674,40.610400125907276,0.06068108300921572,4.004593900320485,0.9912372006586966,1765.5139104293658,-587.643951075986,608.0697590320223,11431.89864742971,4,1,0,0
SYN_002,synthetic,synthetic_track_2,DRV_02,38.800000000000004,1,39.630457829542095,-3.6176428087766155,0.8459337126984626,-0.5332880588576825,0.3395219058518011,0.2805383580845514,0.17348283630452926,0.5,0.0,0.1010748813347099,0.3280171038963802,26.99450620517674,40.610400125907276,0.06036541573298443,4.004593900320485,0.9911543433014443,1773.440001995274,-594.4240110036544,605.1162206925771,11500.85997550561,4,1,0,0
SYN_002,synthetic,synthetic_track_2,DRV_02,39.0,1,39.04108408371164,-2.9468687291522855,0.8407876241689491,-0.5413650995809889,0.3410461542298604,0.29002345181351413,0.16142509902715663,0.5,0.0,0.1038205698930255,0.3364650657300374,26.99450620517674,40.610400125907276,0.06004828632036667,4.004593900320485,0.9910751081107796,1781.2482188120164,-600.9229094483779,601.995148148381,11408.560684893833,4,1,0,0
SYN_002,synthetic,synthetic_track_2,DRV_02,39.2,1,38.465090289394254,-2.8799689715869192,0.8356426586595757,-0.5492734719867289,0.3425477343869262,0.2877156891122955,0.16214846029812566,0.375,0.0,0.10633678466395427,0.3440874475618641,26.99450620517674,40.610400125907276,0.059729703556090495,4.004593900320485,0.9909989021700942,1788.9412368698952,-607.140468115663,598.7141720361025,10439.531281374402,3,1,0,0
SYN_002,synthetic,synthetic_track_2,DRV_02,39.400000000000006,1,37.88033950471141,-2.923753923414232,0.830500852269254,-0.5570173555465241,0.3440271609365183,0.29147376592811125,0.15588380742511124,0.375,0.0,0.10856568840591249,0.3506945891391925,26.99450620517674,40.610400125907276,0.0594096762651428,4.004593900320485,0.9909256639601053,1796.5173047708374,-613.0775154385901,595.2812467403885,10292.014850969259,3,1,0,0
SYN_002,synthetic,synthetic_track_2,DRV_02,39.6,1,37.52238808528759,-1.7897570971191001,0.8253670778852584,-0.5645964813414531,0.3454840970713149,0.31264199170166335,0.1308537214991536,0.375,0.0,0.11044712949774703,0.3560923492137011,26.99450620517674,40.610400125907276,0.05908821331252502,4.004593900320485,0.9908554293520697,1804.021782387895,-618.7358816797292,591.704597769225,10290.05830575528,3,1,0,0
SYN_002,synthetic,synthetic_track_2,DRV_02,39.800000000000004,1,37.17790555596174,-1.7224126466292233,0.8202136264225434,-0.5720573459285183,0.34692726584382594,0.31722262384832517,0.12448695800496436,0.375,0.0,0.11192058873067401,0.3600889462134304,26.99450620517674,40.610400125907276,0.058765323603007555,4.004593900320485,0.9907871977573498,1811.4573634990873,-624.1183887100121,587.9926682156066,10095.270557265014,3,1,0,0
SYN_002,synthetic,synthetic_track_2,DRV_02,40.0,1,36.89227743655418,-1.4281405970378103,0.8150409718763594,-0.5794033259853101,0.348357185288286,0.3228660360311504,0.11582872160798612,0.375,0.0,0.11292747705010159,0.3625027429453018,26.99450620517674,40.610400125907276,0.05844101608088306,4.004593900320485,0.9907209072295408,1818.8358189863982,-629.2288344955234,584.154064616804,10191.755768372675,3,1,0,0
SYN_002,synthetic,synthetic_track_2,DRV_02,40.2,1,36.64477846766842,-1.2374948444288236,0.8098430227166088,-0.5866466385800111,0.3497761190358458,0.32734677811285723,0.10767905185340171,0.375,0.0,0.11341365560176841,0.3631704764428049,26.99450620517674,40.610400125907276,0.05811529972971864,4.004593900320485,0.9906562961141693,1826.164774679932,-634.0719723523288,580.1975025243632,10192.027617954494,3,1,0,0
SYN_002,synthetic,synthetic_track_2,DRV_02,40.400000000000006,1,36.576171368779555,-0.34303549444430814,0.8046162206190954,-0.5937951982936904,0.3511855335922946,0.3480198014299501,0.0822634414184316,0.375,0.0,0.11333199824736424,0.3619552912558788,26.99450620517674,40.610400125907276,0.057788183572107056,4.004593900320485,0.9905931939361949,1833.480008953688,-638.6534850583952,576.1317520981053,10265.289585715496,3,1,0,0
SYN_002,synthetic,synthetic_track_2,DRV_02,40.6,1,36.530519141234485,-0.2282611377253474,0.7993362819785864,-0.6008839391368768,0.35259230941417075,0.35626547764581146,0.07020104183813654,0.375,0.0,0.11264478191296771,0.35875386153800437,26.99450620517674,40.610400125907276,0.05745967666941685,4.004593900320485,0.9905308108529794,1840.786112781935,-642.9799539402004,571.9655840357849,10111.813181829639,3,1,0,0
SYN_002,synthetic,synthetic_track_2,DRV_02,40.800000000000004,1,36.76304521769719,1.1626303823135231,0.7940005996022992,-0.6079169744555496,0.3539973293811413,0.37437108354410337,0.04852855830241311,0.375,0.0,0.0744033964095873,0.3554826402659319,26.99450620517674,40.610400125907276,0.05712978812154116,4.004593900320485,0.9904690431331208,1848.1387218254742,-645.7262172915865,569.136659944242,10330.38102218737,3,1,0,0
SYN_002,synthetic,synthetic_track_2,DRV_02,41.0,1,36.91707828276142,0.770165325321166,0.7885684841563859,-0.6149469455126187,0.35541129265874505,0.3728813540854486,0.047525163055732525,0.375,0.0,0.11008800505702102,0.34884885068585136,26.99450620517674,40.610400125907276,0.056798527066645864,4.004593900320485,0.9904066640506315,1855.5221374820264,-649.6445633933849,564.8224521555317,10245.804276974168,3,1,0,0
SYN_002,synthetic,synthetic_track_2,DRV_02,41.2,1,37.29550338465147,1.8921255094502243,0.7830509772164079,-0.621957528357386,0.3568311802850051,0.3967726596642894,0.017874291788016403,0.375,0.0,0.1076923615487588,0.3401522110652201,26.99450620517674,40.610400125907276,0.056465902680916266,4.004593900320485,0.9903440162219062,1862.9812381589568,-653.3295217433866,560.4308147112338,10059.138909639409,3,1,0,0
SYN_002,synthetic,synthetic_track_2,DRV_02,41.400000000000006,1,37.77901751307084,2.4175706420968623,0.777413628123413,-0.628989706440409,0.3582656227228763,0.4102030805931879,0.0,0.375,0.0,0.10465867580982606,0.3294422530506953,26.99450620517674,40.610400125907276,0.056131924178302976,4.004593900320485,0.9902801095577977,1870.537041661571,-656.790626963508,555.970071330265,10404.256909944263,3,1,0,0
SYN_002,synthetic,synthetic_track_2,DRV_02,41.6,1,38.24785434484763,2.344184158883955,0.7716388125368036,-0.6360609585462638,0.35971866185799445,0.4230508397818665,0.003237161964955995,0.375,0.0,0.10100869266779591,0.31680777974599944,26.99450620517674,40.610400125907276,0.05579660081026672,4.004593900320485,0.9902144788911511,1878.1866125305405,-660.0381065165218,551.4483072803836,9799.423350001895,3,1,0,0
SYN_002,synthetic,synthetic_track_2,DRV_02,41.800000000000004,1,38.778417141549134,2.6528139835075137,0.7657268144971907,-0.6431659549136481,0.3611897331789501,0.44855153831814,0.0024968694110086933,0.375,0.0,0.09677567571408177,0.30237172675251894,26.99450620517674,40.610400125907276,0.055459941865522056,4.004593900320485,0.990147186015457,1885.9422959588503,-663.0828248432798,546.8733228425818,10137.071902730553,3,1,0,0
SYN_002,synthetic,synthetic_track_2,DRV_02,42.0,1,39.42544174433213,3.2351230139149934,0.759666023803658,-0.6503134108092344,0.3626812107613174,0.4821046047013398,0.0,0.5,0.0,0.09200257580929251,0.2862847205673798,26.99450620517674,40.610400125907276,0.05512195666977995,4.004593900320485,0.990077956538757,1893.8273843077168,-665.9362239320949,542.2525890243828,11055.995215417619,4,1,0,0
SYN_002,synthetic,synthetic_track_2,DRV_02,42.2,1,40.12514016735043,3.498492115091487,0.7534357185105709,-0.6575215723247867,0.36419757390533014,0.5166337717365381,0.0,0.5,0.0,0.08673990630395027,0.26871807057777647,26.99450620517674,40.610400125907276,0.05478265458548958,4.004593900320485,0.9900062752203691,1901.852412341187,-668.6102606276424,537.5932057669879,11595.558123532071,4,1,0,0
SYN_002,synthetic,synthetic_track_2,DRV_02,42.400000000000006,1,41.009743069616015,4.423014511327921,0.747024621013149,-0.664796371530532,0.36574084852715133,0.5796616627749259,0.00515013844273018,0.5,0.0,0.10672575446475374,0.2433154183517437,26.99450620517674,40.610400125907276,0.05444204501157896,4.004593900320485,0.9899319074758058,1910.05436095511,-671.9181335422993,531.3320724082835,11514.66390032547,4,1,0,0
SYN_002,synthetic,synthetic_track_2,DRV_02,42.6,1,42.05973266420394,5.249947972939637,0.7403996097204235,-0.6721669568833658,0.36731814633752113,0.6349721368802498,0.0,0.5,0.0,0.0728764406487972,0.22302894237372756,26.99450620517674,40.610400125907276,0.05410013738319461,4.004593900320485,0.9898540368948149,1918.4663074879509,-674.2225522739755,526.6077468952923,11587.953071669395,4,1,0,0
SYN_002,synthetic,synthetic_track_2,DRV_02,42.800000000000004,1,43.132612134458995,5.364397351275265,0.7335294453685941,-0.6796576732276645,0.3689358283630675,0.6820876727276975,0.006172334829864817,0.5,0.0,0.06640111149406448,0.20190195433759933,26.99450620517674,40.610400125907276,0.053756941171440066,4.004593900320485,0.9897719329346187,1927.0928299148427,-676.3903218910482,521.8652792503248,11598.520139703234,4,1,0,0
SYN_002,synthetic,synthetic_track_2,DRV_02,43.0,1,44.45353842780325,6.604631466721287,0.7264053347918742,-0.6872665346035008,0.3705947749836236,0.7563895940137202,3.326637829675538e-05,0.5,0.0,0.059693676357447996,0.18012915124436238,26.99450620517674,40.610400125907276,0.05341246588311366,4.004593900320485,0.9896854920277252,1935.9835376004035,-678.434841404834,517.1097491389501,11902.018145311515,4,1,0,0
SYN_002,synthetic,synthetic_track_2,DRV_02,43.2,1,46.06823307998154,8.073473260891433,0.7189804735498676,-0.69503027175369,0.37230452646161605,0.8775709103955225,0.0011218356206265073,0.5,0.0,0.06886967185459152,0.15042577243074398,26.99450620517674,40.610400125907276,0.05306672106044507,4.004593900320485,0.9895936199054433,1945.1971842163998,-680.9925559062001,510.7564829328067,11844.377817460976,4,1,0,0
SYN_002,synthetic,synthetic_track_2,DRV_02,43.400000000000006,1,48.04764197191154,9.897044459649997,0.7111983797730935,-0.7029913688005897,0.3740763815800769,1.0,0.0,0.5,0.0,0.05640457438405762,0.12036407126774597,26.99450620517674,40.610400125907276,0.05271971628083116,4.004593900320485,0.9894950211137754,1954.8067126107821,-683.387470346445,504.3971784583829,12361.204971933013,4,1,0,0
SYN_002,synthetic,synthetic_track_2,DRV_02,43.6,1,49.95317866073325,9.527683444108561,0.702988020075933,-0.711201689838909,0.3759243678097658,0.9973124996268037,0.0026875003731962623,0.5,0.0,0.034082251798614766,0.09785057798624126,26.99450620517674,40.610400125907276,0.0523714611565705,4.004593900320485,0.9893880880263772,1964.797348342929,-685.0961541014899,499.62821812868225,12223.658923375158,4,1,0,0
SYN_002,synthetic,synthetic_track_2,DRV_02,43.800000000000004,1,51.96337987744172,10.051006083542333,0.6943515696741458,-0.7196359480258402,0.37784564391210174,0.9999058927603056,9.410723969444084e-05,0.625,1.0,0.03456668023631179,0.06823646903184867,26.99450620517674,40.610400125907276,0.05202196533459718,4.004593900320485,0.989273142786862,1975.1900243184173,-687.2832077974833,493.27484020251586,13098.753400291747,5,1,0,0
SYN_002,synthetic,synthetic_track_2,DRV_02,44.0,1,53.901139041615096,9.688795820866893,0.6852602177839995,-0.7282983138265704,0.3798442354458495,0.9979476021846406,0.0020523978153594168,0.625,1.0,0.02239649129773813,0.03950524893079291,26.99450620517674,40.610400125907276,0.051671238496213495,4.004593900320485,0.9891497219669164,1985.9702521267402,-689.3945567132741,486.9309824871316,13192.7848351027,5,1,0,0
SYN_002,synthetic,synthetic_track_2,DRV_02,44.2,1,55.80313008610251,9.509955222437085,0.675715682872119,-0.737162340275645,0.38191735617821926,0.9968031733808305,0.0031968266191695566,0.625,1.0,0.011610141689945131,0.00555694964034599,26.99450620517674,40.610400125907276,0.05131929035682195,4.004593900320485,0.9890181413969509,1997.1308781439607,-691.9731272842581,479.0174736335571,13732.285033749395,5,1,0,0
SYN_002,synthetic,synthetic_track_2,DRV_02,44.400000000000006,1,57.65955537041311,9.28212642155298,0.6657135856971744,-0.746207358458901,0.3840636304123001,1.0,0.0,0.625,1.0,-0.002976417083809678,0.01943176906051654,26.99450620517674,40.610400125907276,0.050966130665656015,4.004593900320485,0.9888785555319216,2008.6627892180434,-694.0224637644523,472.69956687941965,13701.02994557549,5,1,0,0
SYN_002,synthetic,synthetic_track_2,DRV_02,44.6,1,59.38955315753773,8.64998893562312,0.6552515950533404,-0.7554107142343516,0.3862813056188545,0.9925340736789665,0.007465926321033469,0.625,1.0,-0.017536052776770086,0.04714715359907849,26.99450620517674,40.610400125907276,0.050611769205510006,4.004593900320485,0.9887311619263357,2020.540699849551,-696.6112980782734,464.81463163781996,13932.137697366376,5,1,0,0
SYN_002,synthetic,synthetic_track_2,DRV_02,44.800000000000004,1,60.91341878672166,7.619328145919617,0.6443427245611609,-0.7647368523257525,0.38856551920183674,0.9396393242599921,0.0,0.625,1.0,-0.02367917044039627,0.06593075701730941,26.99450620517674,40.610400125907276,0.05025621579246814,4.004593900320485,0.9885765139163551,2032.7233836068954,-698.734177967547,458.5114200417258,14148.706096031861,5,1,0,0
SYN_002,synthetic,synthetic_track_2,DRV_02,45.0,1,61.44410444020925,2.653428267437974,0.6330160916814874,-0.774138635951142,0.39090834300132604,0.6640163075067607,0.006089648269371141,0.75,0.0,-0.039434305760178825,0.08450312998112888,26.99450620517674,40.610400125907276,0.04989948027563278,4.004593900320485,0.9884155155287441,2045.0122044949371,-701.4889309135813,450.6281219206846,15000.0,6,1,0,0
SYN_002,synthetic,synthetic_track_2,DRV_02,45.2,1,61.68293018732718,1.1941287355896435,0.6214518234513154,-0.7834523796179542,0.3932715777874879,0.532646707268344,0.0,0.75,0.0,-0.04756410801732712,0.09707443168944128,26.99450620517674,40.610400125907276,0.04954157253685132,4.004593900320485,0.9882525337908418,2057.3487905324027,-704.3911202378918,442.72526771788625,15000.0,6,1,0,0
SYN_002,synthetic,synthetic_track_2,DRV_02,45.400000000000006,1,61.54380830270402,-0.6956094231157905,0.6097047932569479,-0.7926285795248,0.39564399817930823,0.4497476603734282,0.008819666261473711,0.75,0.0,-0.05247589948919421,0.10334676286978417,26.99450620517674,40.610400125907276,0.049182502490442724,4.004593900320485,0.98808884991194,2069.6575521929435,-707.4719608385747,434.7836544464069,15000.0,6,1,0,0
SYN_002,synthetic,synthetic_track_2,DRV_02,45.6,1,61.51339707922666,-0.15205611738682734,0.5978492401669401,-0.8016085616008679,0.3980110677294122,0.46269939757839346,0.0014386008694321152,0.75,0.0,-0.054105040540932924,0.10337407100564318,26.99450620517674,40.610400125907276,0.04882228008292269,4.004593900320485,0.9879261238776641,2081.960231608789,-710.7555031829404,426.780986384762,15000.0,6,1,0,0
SYN_002,synthetic,synthetic_track_2,DRV_02,45.800000000000004,1,61.68579794839793,0.8620043458563842,0.5858674021454378,-0.8104069268604235,0.4003769676170748,0.502993074419325,0.0,0.75,0.0,-0.04232317729337224,0.09915821322836582,26.99450620517674,40.610400125907276,0.04846091529272817,4.004593900320485,0.9877638743675738,2094.2973911984686,-713.539613132379,420.31824397924623,15000.0,6,1,0,0
SYN_002,synthetic,synthetic_track_2,DRV_02,46.0,1,62.06681154504564,1.9050679832385242,0.5737219784519434,-0.8190501153416608,0.4027494983073978,0.5924661826771428,0.0,0.75,0.0,-0.049255449273438105,0.08914815758698165,26.99450620517674,40.610400125907276,0.04809841812994116,4.004593900320485,0.9876012060054371,2106.710753507478,-717.224232753388,412.14158460580524,15000.0,6,1,0,0
SYN_002,synthetic,synthetic_track_2,DRV_02,46.2,1,62.75617772003459,3.446830874944773,0.5613728681349802,-0.8275629903046088,0.4051366833668227,0.7206895360105088,0.0,0.75,0.0,-0.04283637009393616,0.0746662488444544,26.99450620517674,40.610400125907276,0.04773479863601107,4.004593900320485,0.9874371978828179,2119.2619890514848,-721.1376783073013,403.82946629827205,15000.0,6,1,0,0
SYN_002,synthetic,synthetic_track_2,DRV_02,46.400000000000006,1,64.07400233385951,6.5891230691245894,0.5487582051034213,-0.8359811196023935,0.4075503825099009,0.8909604986473666,0.0,0.75,1.0,-0.03433119140171649,0.05665060399290348,26.99450620517674,40.610400125907276,0.04737006688347678,4.004593900320485,0.98727049022661,2132.0767895182566,-725.2739694594501,395.3528184570575,15000.0,6,1,0,0
SYN_002,synthetic,synthetic_track_2,DRV_02,46.6,1,65.69091080929708,8.084542377187844,0.5357484515805633,-0.8443776386363088,0.41001476721504937,1.0,0.0,0.75,1.0,-0.02423059725143882,0.03603117073956404,26.99450620517674,40.610400125907276,0.047004232975687676,4.004593900320485,0.9870983147886778,2145.214971680116,-729.6190418570048,386.68225688802704,15000.0,6,1,0,0
SYN_002,synthetic,synthetic_track_2,DRV_02,46.800000000000004,1,67.22648950071827,7.6778934571059665,0.5222770726773532,-0.8527758552841272,0.4125413407077146,1.0,0.0,0.75,1.0,-0.012999423513823969,0.013652466099697967,26.99450620517674,40.610400125907276,0.04663730704652357,4.004593900320485,0.9869193525598661,2158.6602695802594,-734.1509117006005,377.7887294141619,15000.0,6,1,0,0
SYN_002,synthetic,synthetic_track_2,DRV_02,47.0,1,68.69963997893075,7.365752391062372,0.5083545478529395,-0.8611478698093803,0.41512697491928063,0.9948602967218005,0.005139703278199487,0.75,1.0,0.00021987871396955683,0.014528152114079453,26.99450620517674,40.610400125907276,0.04626929926011423,4.004593900320485,0.9867339583419857,2172.4001975760457,-739.7935157836422,366.7827580540996,15000.0,6,1,0,0
SYN_002,synthetic,synthetic_track_2,DRV_02,47.2,1,69.68359034331958,4.9197518219441605,0.49398835229992455,-0.8694685202996171,0.41776926876462417,0.8566538304125746,0.0,0.75,1.0,0.01378935144383685,0.038464283130189056,26.99450620517674,40.610400125907276,0.04590021981055757,4.004593900320485,0.9865424037609453,2186.3369156447097,-744.6219591870199,357.3021925056761,15000.0,6,1,0,0
SYN_002,synthetic,synthetic_track_2,DRV_02,47.400000000000006,1,69.42106062555615,-1.3126485888171402,0.47927732389407396,-0.8776635157057259,0.42044940685475185,0.46068572335935004,0.0,0.75,0.0,0.033003274413238394,0.06711714591303224,26.99450620517674,40.610400125907276,0.045530078921637455,4.004593900320485,0.9863468382301109,2200.221127769821,-750.500619382189,345.5193398880209,15000.0,6,1,0,0
SYN_002,synthetic,synthetic_track_2,DRV_02,47.6,1,67.44558633325903,-9.877371461485609,0.4644865706748197,-0.8855801633182316,0.42311944764804255,0.21990339442846743,0.25296200915406064,0.75,0.0,0.04108293936069263,0.09059519475739335,26.99450620517674,40.610400125907276,0.04515888684654046,4.004593900320485,0.9861527431858874,2213.7102450364728,-755.4097798838056,335.33778904740797,15000.0,6,1,0,0
SYN_002,synthetic,synthetic_track_2,DRV_02,47.800000000000004,1,64.55681082848444,-14.443877523872928,0.4499914732148835,-0.8930328515983602,0.42571350866086016,0.10569604397704578,0.40517433421195126,0.75,0.0,0.053163893387199304,0.11348930774349912,26.99450620517674,40.610400125907276,0.04478665386757183,4.004593900320485,0.9859676524997117,2226.62160720217,-760.2678954953333,324.80876571569013,15000.0,6,1,0,0
SYN_002,synthetic,synthetic_track_2,DRV_02,48.0,1,61.325081970931706,-16.158644287763693,0.4360051964061181,-0.8999441475485367,0.42819646292349417,0.0665908225065135,0.4578283400853065,0.75,0.0,0.06489915211049062,0.1356463710450947,26.99450620517674,40.610400125907276,0.044413390295870575,4.004593900320485,0.9857955816035767,2238.886623596356,-765.0139399715436,313.9196604764406,15000.0,6,1,0,0
SYN_002,synthetic,synthetic_track_2,DRV_02,48.2,1,58.352131686388205,-14.864751422717504,0.422620742452157,-0.9063066302577664,0.43055511992237616,0.07549907726525103,0.4486005265660848,0.625,0.0,0.07621706751436265,0.15694054327335782,26.99450620517674,40.610400125907276,0.04403910647112393,4.004593900320485,0.9856380363903287,2250.5570499336336,-769.5836448733178,302.66227822389635,14056.012409773746,5,1,0,0
SYN_002,synthetic,synthetic_track_2,DRV_02,48.400000000000006,1,55.463631942128096,-14.442498721300545,0.40979892537864787,-0.9121758825788507,0.4327994326795449,0.0751487774308398,0.44533515874313306,0.625,0.0,0.08705517983119322,0.1772549154278016,26.99450620517674,40.610400125907276,0.043663812761280986,4.004593900320485,0.9854938751238614,2261.649776322059,-773.9104856303837,291.03317396364025,13435.367289851836,5,1,0,0
SYN_002,synthetic,synthetic_track_2,DRV_02,48.6,1,53.08033985418702,-11.916460439705396,0.3975362276886571,-0.9175864796710292,0.4349326492927037,0.12232983369585655,0.38325518788143065,0.625,0.0,0.07708600670494922,0.19271993965618747,26.99450620517674,40.610400125907276,0.0432875195622654,4.004593900320485,0.9853627231030208,2272.2658442928964,-777.151583073996,281.46312997249487,13468.54980088075,5,1,0,0
SYN_002,synthetic,synthetic_track_2,DRV_02,48.800000000000004,1,50.9205468590693,-10.798964975588596,0.3857335533788809,-0.9226102241996357,0.436974200825557,0.149674245091616,0.34520913418434346,0.625,0.0,0.08337003925215697,0.2074132503302906,26.99450620517674,40.610400125907276,0.04291023729768741,4.004593900320485,0.9852423542870358,2282.4499536647104,-780.1590804667366,271.6592765281979,13061.226038171166,5,1,0,0
SYN_002,synthetic,synthetic_track_2,DRV_02,49.0,1,49.27236584414247,-8.240905074634135,0.37435144697330075,-0.9272868995887928,0.4389326833970597,0.1884050489401334,0.2961181101472909,0.5,0.0,0.08931755557562611,0.22126140725824156,26.99450620517674,40.610400125907276,0.042531976418555155,4.004593900320485,0.9851317821445955,2292.304426833539,-782.8984542991378,261.6269685787759,12347.946263789298,4,1,0,0
SYN_002,synthetic,synthetic_track_2,DRV_02,49.2,1,47.71125874137099,-7.8055355138574,0.3632837722362401,-0.9316785394275258,0.4408277743910652,0.19501675666507035,0.2841051358373195,0.5,0.0,0.0948967292362478,0.23418522314124257,26.99450620517674,40.610400125907276,0.0421527474029851,4.004593900320485,0.9850287524395522,2301.846678581813,-785.3358231572761,251.37373948212243,12169.78389325175,4,1,0,0
SYN_002,synthetic,synthetic_track_2,DRV_02,49.400000000000006,1,46.29789605687315,-7.066813422489204,0.3525176568342177,-0.9358051622106562,0.44266282280419483,0.21615050630281119,0.25639645644305875,0.5,0.0,0.10007362044910126,0.24610133560106787,26.99450620517674,40.610400125907276,0.04177256075591192,4.004593900320485,0.9849328788952122,2311.106257793188,-787.4382998645726,240.9092920051107,12106.557277766,4,1,0,0
SYN_002,synthetic,synthetic_track_2,DRV_02,49.6,1,45.10746469059619,-5.952156831384805,0.3420256539476343,-0.9396906150652422,0.4444435111140746,0.24451814540260508,0.22137963809810507,0.5,0.0,0.1048130706950386,0.2569248995584297,26.99450620517674,40.610400125907276,0.04139142700879739,4.004593900320485,0.9848435082766963,2320.127750731307,-789.1743378637373,230.24546688212376,11941.918792932067,4,1,0,0
SYN_002,synthetic,synthetic_track_2,DRV_02,49.800000000000004,1,44.12714973557902,-4.901574775085855,0.33176223783672204,-0.9433630359228468,0.4461784136021744,0.25873888275935597,0.19881885276847974,0.5,0.0,0.0814371105365419,0.26427563057625786,26.99450620517674,40.610400125907276,0.04100935671933865,4.004593900320485,0.9847596565188954,2328.953180678423,-790.2178507975508,222.1250568600841,11973.096951304646,4,1,0,0
SYN_002,synthetic,synthetic_track_2,DRV_02,50.0,1,43.31612076491466,-4.055144853321799,0.32168372106458937,-0.9468471807013207,0.4478756116689275,0.2788283469364023,0.1749201717785018,0.5,0.0,0.11195001408000275,0.27299186117956475,26.99450620517674,40.610400125907276,0.04062636047117575,4.004593900320485,0.9846803959345076,2337.616404831406,-791.2419429281374,211.14703970857173,11875.630175398475,4,1,0,0
SYN_002,synthetic,synthetic_track_2,DRV_02,50.2,1,42.75755733379603,-2.7928171555931414,0.31175485597933944,-0.9501625701811777,0.4495416163137319,0.29843262425393663,0.1500619324437054,0.5,0.0,0.08619878198025985,0.27867788089209455,26.99450620517674,40.610400125907276,0.04024244887359859,4.004593900320485,0.9846049784824151,2346.167916298165,-791.7202569227893,202.80992964165029,11836.622863817092,4,1,0,0
SYN_002,synthetic,synthetic_track_2,DRV_02,50.400000000000006,1,42.21106137703176,-2.73247978382134,0.30192051711011947,-0.9533331009400429,0.4511861377496471,0.3012471707715275,0.14645199803990236,0.5,0.0,0.11747100353837316,0.2850790806796926,26.99450620517674,40.610400125907276,0.03985763256125295,4.004593900320485,0.9845322901238502,2354.6101285735713,-791.9524473121865,191.5708811600603,11691.514146348029,4,1,0,0
SYN_002,synthetic,synthetic_track_2,DRV_02,50.6,1,41.70408086782424,-2.534902546037614,0.2921802495796202,-0.9563632687193663,0.45280964011030217,0.30825974521638244,0.13577354752102094,0.5,0.0,0.08969626011982158,0.28897237372568385,26.99450620517674,40.610400125907276,0.039471922193845835,4.004593900320485,0.9844622745640134,2362.950944747136,-791.8106324249259,183.0606254963565,11392.538963657826,4,1,0,0
SYN_002,synthetic,synthetic_track_2,DRV_02,50.800000000000004,1,41.28082141592375,-2.11629725950246,0.28252710739317194,-0.9592593150905792,0.45441364322060307,0.3161692678424471,0.12382824675983906,0.5,0.0,0.09078947063815414,0.2920762452479451,26.99450620517674,40.610400125907276,0.039085328455850256,4.004593900320485,0.9843947547295937,2371.2071090303207,-791.3890279605506,174.49118271376213,11626.714780763481,4,1,0,0
SYN_002,synthetic,synthetic_track_2,DRV_02,51.0,1,41.03927342448533,-1.2077399571920822,0.27294367180891105,-0.9620300161738559,0.45600136712121553,0.3369282198111079,0.0993586412522062,0.5,0.0,0.09163541231091482,0.2943880938239803,26.99450620517674,40.610400125907276,0.03869786205620937,4.004593900320485,0.9843293590352558,2379.4149637152177,-790.6806482712776,165.87225085511412,11748.178504949525,4,1,0,0
SYN_002,synthetic,synthetic_track_2,DRV_02,51.2,1,40.82404709265932,-1.0761316591300485,0.2633893851448065,-0.9646896038586924,0.45757980071446497,0.3400106950024424,0.09476454137583769,0.5,0.0,0.12307003932104069,0.2962481098619222,26.99450620517674,40.610400125907276,0.0383095337280396,4.004593900320485,0.984265284730639,2387.5797731337498,-789.2799598849509,154.32090523772723,11660.60729906949,4,1,0,0
SYN_002,synthetic,synthetic_track_2,DRV_02,51.400000000000006,1,40.70662593710973,-0.5871057777479649,0.2538595003790604,-0.9672411044136275,0.45914995637187495,0.342621438377219,0.08951193846287114,0.5,0.0,0.0926540992768886,0.2967441213844187,26.99450620517674,40.610400125907276,0.03792035422833358,4.004593900320485,0.9842024127733431,2395.7210983211717,-787.881300123282,145.62650081301933,11660.3824868,4,1,0,0
SYN_002,synthetic,synthetic_track_2,DRV_02,51.6,1,40.57056638308326,-0.6802977701323343,0.24433242393051904,-0.9696915316822341,0.46071559583099453,0.344828429543011,0.08530107791568055,0.5,0.0,0.09269163831321246,0.29649368466700166,26.99450620517674,40.610400125907276,0.03753033433766195,4.004593900320485,0.9841403095864213,2403.835211597788,-786.1804704828061,136.91772999411066,11833.747004028712,4,1,0,0
SYN_002,synthetic,synthetic_track_2,DRV_02,51.800000000000004,1,40.55708163512446,-0.06742373979399474,0.23481366457885097,-0.972040401900585,0.4622760022303439,0.3581307415696468,0.06891629849209537,0.5,0.0,0.09250031505774439,0.29552589365640924,26.99450620517674,40.610400125907276,0.03713948485987483,4.004593900320485,0.9840790539376718,2411.946627924813,-784.1753742811507,128.20578874870245,11634.468497076135,4,1,0,0
SYN_002,synthetic,synthetic_track_2,DRV_02,52.0,1,40.5746836514859,0.08801008180718384,0.22527550897832402,-0.9742951016270979,0.463835889985541,0.36073069792279244,0.06430411078355686,0.5,0.0,0.09209018864767178,0.2938758792744892,26.99450620517674,40.610400125907276,0.0367478166218026,4.004593900320485,0.984018103249899,2420.0615646551105,-781.8651340983921,119.5020884242348,11286.46410998035,4,1,0,0
SYN_002,synthetic,synthetic_track_2,DRV_02,52.2,1,40.71193535777673,0.6862585314541647,0.21571155982002022,-0.9764571280706664,0.4653964547413674,0.37229169644097976,0.04943987415161018,0.5,0.0,0.12179305593469358,0.29068479257388985,26.99450620517674,40.610400125907276,0.036355340472955924,4.004593900320485,0.9839573174864865,2428.2039517266658,-778.3109546866131,107.92999502311868,11610.49193051099,4,1,0,0
SYN_002,synthetic,synthetic_track_2,DRV_02,52.400000000000006,1,40.86750983540261,0.7778723881293814,0.20609441518884117,-0.978532110882402,0.4669622984089742,0.37785600757979354,0.042450886192896574,0.5,0.0,0.09035129349679069,0.2876062994838811,26.99450620517674,40.610400125907276,0.03596206728522515,4.004593900320485,0.9838961669272315,2436.3774536937462,-775.2922993645004,99.2907133531213,11545.571534705245,4,1,0,0
SYN_002,synthetic,synthetic_track_2,DRV_02,52.6,1,41.08463378185236,1.085619732248766,0.19642045788729937,-0.9805197620259082,0.4685341257103358,0.3845773422440773,0.03391372270369016,0.5,0.0,0.08930451981970448,0.2839935814141751,26.99450620517674,40.610400125907276,0.03556800795257923,4.004593900320485,0.9838345676837496,2444.5943804501167,-771.9746142847197,90.69857969846248,11439.575002501759,4,1,0,0
SYN_002,synthetic,synthetic_track_2,DRV_02,52.800000000000004,1,41.29930464780706,1.0733543297735082,0.18667579469889187,-0.9824215732940402,0.47011430393271475,0.3892736457080083,0.027689159383557295,0.5,0.0,0.08809852946183305,0.27989599291034734,26.99450620517674,40.610400125907276,0.03517317339076397,4.004593900320485,0.983772245663654,2452.854241379678,-768.362477252272,82.16531465905237,11299.046194679413,4,1,0,0
SYN_002,synthetic,synthetic_track_2,DRV_02,53.0,1,41.66458631896251,1.8264083557772537,0.1768616703595135,-0.9842357184931071,0.4717027387268612,0.3977458648276203,0.01510613117032725,0.5,0.0,0.11534254134462567,0.2737639786681158,26.99450620517674,40.610400125907276,0.03477757453699966,4.004593900320485,0.9837092083793328,2461.1871586434704,-763.098534031235,70.89930725714467,11677.448307357905,4,1,0,0
SYN_002,synthetic,synthetic_track_2,DRV_02,53.2,1,41.90459538546372,1.2000453325060434,0.1669428942729109,-0.9859665663965405,0.47330522281605203,0.3981555860009012,0.014019943046063436,0.5,0.0,0.08475222996476973,0.2687265346321073,26.99450620517674,40.610400125907276,0.03438122234967794,4.004593900320485,0.983644789855726,2469.568077720563,-758.8242169292306,62.54844226138104,11603.609198035238,4,1,0,0
SYN_002,synthetic,synthetic_track_2,DRV_02,53.400000000000006,1,42.3125672172922,2.039859159142381,0.15694991212625078,-0.9876065639127568,0.4749169380231852,0.4190399844136976,0.0,0.5,0.0,0.08312639466731614,0.2633650007184456,26.99450620517674,40.610400125907276,0.03398412780805843,4.004593900320485,0.9835795379985157,2478.0305911640216,-754.2797505667107,54.29463952486063,11885.576788736716,4,1,0,0
SYN_002,synthetic,synthetic_track_2,DRV_02,53.6,1,42.73511687837962,2.1127483054371154,0.14684331347048923,-0.9891597653003319,0.4765443444546196,0.4174713776192487,0.0,0.5,0.0,0.08140621380691283,0.25772293964228254,26.99450620517674,40.610400125907276,0.03358630191196457,4.004593900320485,0.9835127104715878,2486.5776145396976,-749.4750643990498,46.14887914447697,11437.352905419853,4,1,0,0
SYN_002,synthetic,synthetic_track_2,DRV_02,53.800000000000004,1,43.15844964428435,2.1166638295236595,0.13662020591861587,-0.9906235002940093,0.4781880027960957,0.43202601205146784,0.0,0.5,0.0,0.10572707906974324,0.24983256899991793,26.99450620517674,40.610400125907276,0.03318775568147882,4.004593900320485,0.9834442398264687,2495.2093044685544,-742.6833701601848,35.47430679069063,11860.655868528447,4,1,0,0
SYN_002,synthetic,synthetic_track_2,DRV_02,54.0,1,43.577787657183656,2.0966900644965136,0.12628104385303413,-0.9919945050066498,0.47984794316702967,0.4309832967931589,0.0032711191182076896,0.5,0.0,0.07709687738362743,0.24368495510464888,26.99450620517674,40.610400125907276,0.03278850015663751,4.004593900320485,0.9833741193054862,2503.924861999991,-737.3165948135164,27.621459313666122,11795.916729425711,4,1,0,0
SYN_002,synthetic,synthetic_track_2,DRV_02,54.2,1,44.064194779253995,2.432035610351697,0.11582749022853767,-0.9932693453979933,0.48152401192307526,0.45035356075203,0.0006188650255357223,0.5,0.0,0.09975890948488411,0.2352390109104833,26.99450620517674,40.610400125907276,0.03238854639712493,4.004593900320485,0.9833023631676484,2512.7377009558422,-729.822843401174,17.373572077745962,11716.221187116858,4,1,0,0
SYN_002,synthetic,synthetic_track_2,DRV_02,54.400000000000006,1,44.59267240653888,2.6423881364244295,0.10524419901273488,-0.9944464080955634,0.4832187886453543,0.45471863598296347,0.0026077499957112204,0.5,0.0,0.072482398451543,0.22874949739959308,26.99450620517674,40.610400125907276,0.031987905481966936,4.004593900320485,0.9832286729851671,2521.65623543715,-723.9682159269521,9.866436296885773,11987.335222370086,4,1,0,0
SYN_002,synthetic,synthetic_track_2,DRV_02,54.6,1,45.1111836036754,2.592555985682594,0.09452183414509523,-0.9955227887245209,0.48493389143022114,0.47031238249947116,0.0030569528095666914,0.5,0.0,0.09345572434909459,0.2199254473314924,26.99450620517674,40.610400125907276,0.03158658850922435,4.004593900320485,0.9831528603184011,2530.678472157885,-715.8799080582974,0.11145709016538774,11698.544740392694,4,1,0,0
SYN_002,synthetic,synthetic_track_2,DRV_02,54.800000000000004,1,45.648309396978064,2.6856289665133204,0.08366362871938288,-0.9964940527818043,0.48666893695343943,0.4767317002509608,0.00475974879039079,0.5,0.0,0.06765965476673112,0.21319507197591858,26.99450620517674,40.610400125907276,0.031184606595685074,4.004593900320485,0.9830749656846066,2539.808134037281,-709.6240311910958,-7.003758638127422,11560.402178187041,4,1,0,0
SYN_002,synthetic,synthetic_track_2,DRV_02,55.0,1,46.22292502363587,2.873078133289013,0.07266602180018307,-0.9973563301427105,0.4884246411610156,0.505318888887677,0.0,0.5,0.0,0.08691552319392375,0.20408320033428393,26.99450620517674,40.610400125907276,0.030781970876556472,4.004593900320485,0.9829949038389985,2549.052719042008,-701.0639433581016,-16.209280159456213,11866.411737981836,4,1,0,0
SYN_002,synthetic,synthetic_track_2,DRV_02,55.2,1,46.83838279088402,3.0772888362407613,0.06152097354477,-0.9981057908929813,0.49020244596961693,0.512383127896397,0.0,0.5,0.0,0.06267790832822978,0.19714534307503365,26.99450620517674,40.610400125907276,0.030378692505156787,4.004593900320485,0.9829125064803145,2558.4203956001847,-694.5038885511605,-22.894243521789896,11795.753109578258,4,1,0,0
SYN_002,synthetic,synthetic_track_2,DRV_02,55.400000000000006,1,47.486337029019346,3.2397711906766347,0.05021970518812246,-0.9987381945288856,0.49200392223080475,0.5353735650146806,0.0,0.5,0.0,0.08017054976325383,0.18774273452043294,26.99450620517674,40.610400125907276,0.029974782652606287,4.004593900320485,0.9828275905517997,2567.9176630059887,-685.6073307276822,-31.5050171227996,11760.522044170011,4,1,0,0
SYN_002,synthetic,synthetic_track_2,DRV_02,55.6,1,48.22515610217534,3.6940953657799724,0.03875553561604934,-0.9992487220202552,0.493830319808844,0.5556660271044599,0.0006825106344228018,0.5,0.0,0.0762126555318105,0.17813403528943522,26.99450620517674,40.610400125907276,0.029570252507517752,4.004593900320485,0.9827400097123986,2577.562694226424,-676.5830181618612,-39.76038832463572,12336.422210325623,4,1,0,0
SYN_002,synthetic,synthetic_track_2,DRV_02,55.800000000000004,1,48.924221058340905,3.495324780827822,0.027107784720436182,-0.9996325164817071,0.49568513350508153,0.5832565468981078,0.0,0.5,0.0,0.07215831072233175,0.16826415279253507,26.99450620517674,40.610400125907276,0.029165113275686477,4.004593900320485,0.9826493607950985,2587.347538438092,-667.4795374075168,-47.65214615469435,12168.383611234218,4,1,0,0
SYN_002,synthetic,synthetic_track_2,DRV_02,56.0,1,49.7723243390927,4.240516403758967,0.015287435359103308,-0.9998831403319796,0.49756683431501775,0.6148290948796717,0.0,0.5,0.0,0.06797972281769778,0.15805413067553487,26.99450620517674,40.610400125907276,0.028759376179779955,4.004593900320485,0.9825558153512136,2597.3020033059106,-658.3463628797721,-55.174657221362764,12276.49285400485,4,1,0,0
SYN_002,synthetic,synthetic_track_2,DRV_02,56.2,1,50.59840229047002,4.130389756886608,0.0032599967616451777,-0.9999946861964388,0.4994811544819059,0.6257320685664836,0.0,0.625,0.0,0.04814648551634271,0.1501103648238449,26.99450620517674,40.610400125907276,0.028353052459026903,4.004593900320485,0.9824587142403476,2607.4216837640047,-651.507050482995,-60.57231957252206,13179.389999617828,5,1,0,0
SYN_002,synthetic,synthetic_track_2,DRV_02,56.400000000000006,1,51.46999726634166,4.3579748793581885,-0.008967536417328954,-0.9999597908369136,0.5014272468776932,0.6546445228419551,0.007625401693821675,0.625,0.0,0.060245360346986326,0.1390283386775439,26.99450620517674,40.610400125907276,0.027946153368906216,4.004593900320485,0.9823581509973057,2617.715683217273,-642.4422410751949,-67.44304668209367,13379.039334169602,5,1,0,0
SYN_002,synthetic,synthetic_track_2,DRV_02,56.6,1,52.441792706723135,4.858977201907386,-0.021404311534338912,-0.9997709014808047,0.5034068621571679,0.7108022492521211,0.0,0.625,0.0,0.055486889071356925,0.12722732852805968,26.99450620517674,40.610400125907276,0.027538690180834737,4.004593900320485,0.9822539219657553,2628.2040417586177,-633.4851814038007,-73.9427295433532,13524.819530013714,5,1,0,0
SYN_002,synthetic,synthetic_track_2,DRV_02,56.800000000000004,1,53.69471832368082,6.264628084788413,-0.03407248482059627,-0.9994193643201787,0.5054238541843495,0.8000603330883279,0.0,0.625,0.0,0.06213473427249353,0.11112396344318887,26.99450620517674,40.610400125907276,0.0271306741818553,4.004593900320485,0.9821455828775395,2638.942985423354,-622.5154058875418,-81.55246842570497,13479.056933582076,5,1,0,0
SYN_002,synthetic,synthetic_track_2,DRV_02,57.0,1,55.1624503583559,7.338660173375402,-0.04703763608509005,-0.9988931178016628,0.5074890356583374,0.8608122151584138,0.0,0.625,0.0,0.04336398762551714,0.09680119483076428,26.99450620517674,40.610400125907276,0.026722116674324132,4.004593900320485,0.9820318933691747,2649.975475495025,-613.9795164250056,-87.23733020702107,13401.302676187152,5,1,0,0
SYN_002,synthetic,synthetic_track_2,DRV_02,57.2,1,56.71865430524978,7.781019734469403,-0.06034891838100981,-0.9981773429858255,0.5096106683644279,0.9478272029418446,0.0,0.625,0.0,0.03706108707724661,0.08077769517316818,26.99450620517674,40.610400125907276,0.02631302897559751,4.004593900320485,0.9819119048972159,2661.319206356075,-605.7074183948992,-92.57498192767791,13588.251680089137,5,1,0,0
SYN_002,synthetic,synthetic_track_2,DRV_02,57.400000000000006,1,58.605706157761304,9.43525926255763,-0.07402452371749318,-0.997256421332246,0.511792155068476,0.999800759291328,0.00019924070867204254,0.625,1.0,0.03620546338297053,0.05755371217233187,26.99450620517674,40.610400125907276,0.02590342241771857,4.004593900320485,0.9817852247856365,2673.0403475876274,-595.806125844713,-98.77847226526974,14133.549208378457,5,1,0,0
SYN_002,synthetic,synthetic_track_2,DRV_02,57.6,1,60.382941901029355,8.886178716340254,-0.08814048315105981,-0.9961080539930885,0.5140462206899283,1.0,0.0,0.625,1.0,0.01953009797280981,0.03555070124455133,26.99450620517674,40.610400125907276,0.025493308347103127,4.004593900320485,0.981650393899727,2685.1169359678333,-588.2875430665742,-103.38525359570218,14373.584219561842,5,1,0,0
SYN_002,synthetic,synthetic_track_2,DRV_02,57.800000000000004,1,62.11318213191399,8.651201154423163,-0.10266599195863779,-0.9947158861178145,0.5163686415322757,0.9982821994560146,0.0017178005439854465,0.75,1.0,0.010168053137444349,0.0021347952898511384,26.99450620517674,40.610400125907276,0.025082698124225495,4.004593900320485,0.9815078920222258,2697.539572394216,-579.4567074478382,-108.72824671054047,14817.867090550239,6,1,0,0
SYN_002,synthetic,synthetic_track_2,DRV_02,58.0,1,63.81421735681164,8.505176124488258,-0.11758488140466485,-0.9930628357083205,0.5187576100758108,1.0,0.0,0.75,1.0,-0.009467838914208512,0.0404719362922986,26.99450620517674,40.610400125907276,0.02467160312330385,4.004593900320485,0.9813579225211219,2710.3024158655785,-571.3213043552975,-113.646908650972,15000.0,6,1,0,0
SYN_002,synthetic,synthetic_track_2,DRV_02,58.2,1,63.60442771368817,-1.048948215617358,-0.13288471772674676,-0.9911315007579382,0.5212120030510727,0.3999434932980155,0.011547763465867257,0.75,0.0,-0.03488498915966451,0.09639656875407257,26.99450620517674,40.610400125907276,0.024260034731985097,4.004593900320485,0.9812006104821475,2723.023301408316,-563.9432163456659,-118.1855779762414,15000.0,6,1,0,0
SYN_002,synthetic,synthetic_track_2,DRV_02,58.400000000000006,1,59.05298163326239,-22.757230402128883,-0.1481028133832924,-0.9889719696068001,0.5236583271939069,0.0032386969413117778,0.7256367223844254,0.625,0.0,-0.06873804721336807,0.1718664117472664,26.99450620517674,40.610400125907276,0.023848004351029347,4.004593900320485,0.981044360114494,2734.8338977349686,-557.3754014245679,-122.39262411142505,14102.698534241808,5,1,0,0
SYN_002,synthetic,synthetic_track_2,DRV_02,58.6,1,53.46744229760645,-27.927696678279688,-0.1622006757953483,-0.9867577923540976,0.5259295957182631,0.003160015769429383,0.9968399842305706,0.625,0.0,-0.11502338921513841,0.2761926487638601,26.99450620517674,40.610400125907276,0.02343552339399418,4.004593900320485,0.9809082712824181,2745.5273861944897,-551.6612104341444,-126.31981810863705,13591.504033123421,5,1,0,0
SYN_002,synthetic,synthetic_track_2,DRV_02,58.800000000000004,1,47.94188661951415,-27.627778390461515,-0.1749366730064487,-0.9845796871952188,0.5279860358066326,0.0,1.0,0.5,0.0,-0.1373748845779627,0.3891569745850277,26.99450620517674,40.610400125907276,0.023022603286918544,4.004593900320485,0.9807968905684313,2755.1157635183927,-547.7271193171757,-129.29662914632576,11932.802599815848,4,1,0,0
SYN_002,synthetic,synthetic_track_2,DRV_02,59.0,1,42.55026775914017,-26.958094301869906,-0.18633170537386973,-0.9824868933336798,0.5298299545227678,0.0,1.0,0.5,0.0,-0.19137733325664077,0.5369624731174535,26.99450620517674,40.610400125907276,0.02260925546800618,4.004593900320485,0.9807099506129792,2763.625817070221,-544.3729097866809,-132.15804211298843,11880.254254896972,4,1,0,0
SYN_002,synthetic,synthetic_track_2,DRV_02,59.2,1,37.22796871422244,-26.611495224588637,-0.19642433297832557,-0.9805189857488839,0.5314665032827348,0.0,1.0,0.375,0.0,-0.18849626247780588,0.6745589727899305,26.99450620517674,40.610400125907276,0.022195491387308718,4.004593900320485,0.9806468586590482,2771.071410813065,-542.2425864438334,-134.24607522178977,10172.020680991196,3,1,0,0
SYN_002,synthetic,synthetic_track_2,DRV_02,59.400000000000006,1,31.957780975104797,-26.350938695588226,-0.2052375502458664,-0.9787121885258584,0.5328983482332817,0.0013189177409286515,0.9986810822590714,0.375,0.0,-0.23509007991809266,0.8345296500771838,26.99450620517674,40.610400125907276,0.02178132250640854,4.004593900320485,0.9806073062609757,2777.4629670080863,-540.4444314037642,-136.2983218399688,9718.239235286037,3,1,0,0
SYN_002,synthetic,synthetic_track_2,DRV_02,59.6,1,27.605365053872774,-21.762079606160114,-0.21278989833817652,-0.9770979782832572,0.5341274936554012,0.0042269579444125715,0.8198096440617799,0.25,0.0,-0.18573151078525493,0.9501263634555794,26.99450620517674,40.610400125907276,0.021366760298101417,4.004593900320485,0.9805910606871773,2782.984040018861,-539.4303271809363,-137.65283370773741,8858.328339655356,2,1,0,0
SYN_002,synthetic,synthetic_track_2,DRV_02,59.800000000000004,1,23.830443363581995,-18.87460845145389,-0.21930347180490387,-0.9756566953874276,0.5351892384651655,0.00018606115989697604,0.6897643767509818,0.25,0.0,-0.3242916475316592,1.1240404984246735,26.99450620517674,40.610400125907276,0.020951816246078458,4.004593900320485,0.9805940802965473,2787.750128691577,-538.1853854353963,-139.67346547237565,8469.828176391298,2,1,0,0
SYN_002,synthetic,synthetic_track_2,DRV_02,60.0,1,21.180364629544158,-13.250393670189187,-0.22491850195125818,-0.974377579524489,0.5361057939791495,0.04023609342064441,0.4938633380421029,0.25,0.0,-0.11995675480617812,1.1780274501214723,26.99450620517674,40.610400125907276,0.020536501844608264,4.004593900320485,0.9806138206661885,2791.986201617486,-537.843745890066,-140.3459030693075,8291.031823116595,2,1,0,0
SYN_002,synthetic,synthetic_track_2,DRV_02,60.2,1,19.193500932153928,-9.934318486951152,-0.22990285389858212,-0.9732135828117522,0.5369204233879781,0.11558745670844658,0.39167580358008597,0.125,0.0,-0.2557339093285001,1.2720923209860624,26.99450620517674,40.610400125907276,0.020120828598218305,4.004593900320485,0.9806453290357355,2795.824901803917,-537.2697925505538,-141.69190036645404,6816.716590922202,1,1,0,0
SYN_002,synthetic,synthetic_track_2,DRV_02,60.400000000000006,1,17.776799378748738,-7.083507767025949,-0.23441444079010026,-0.9721367547567906,0.5376586349622917,0.17801840547494896,0.307580166914674,0.125,0.0,-0.27270179151751683,1.3382439465139124,26.99450620517674,40.610400125907276,0.019704808021376318,4.004593900320485,0.9806856838046866,2799.3802616796665,-536.8406113431167,-143.04246331540907,6996.040262036497,1,1,0,0
SYN_002,synthetic,synthetic_track_2,DRV_02,60.6,1,16.88259632274593,-4.4710152800140435,-0.23858852414978052,-0.9711207526070224,0.5383423580153205,0.24111762621741922,0.22549435223447672,0.125,0.0,-0.1406363084321639,1.3577660780659677,26.99450620517674,40.610400125907276,0.019288451638171448,4.004593900320485,0.9807323728023816,2802.7567809442157,-536.6798717709293,-143.7206004452276,6417.317666878797,1,1,0,0
SYN_002,synthetic,synthetic_track_2,DRV_02,60.800000000000004,1,16.41897727053918,-2.3180952610337435,-0.24254856871195846,-0.970139264134681,0.5389916886431184,0.28391608545105684,0.17034142900010496,0.125,0.0,-0.14215504169846502,1.3671102128963841,26.99450620517674,40.610400125907276,0.018871770981994912,4.004593900320485,0.9807830935754145,2806.0405763983235,-536.5547644854546,-144.401246562838,6550.699685558756,1,1,0,0
SYN_002,synthetic,synthetic_track_2,DRV_02,61.0,1,16.078727823370425,-1.701247235843777,-0.2463959931385948,-0.9691692393824959,0.5396231877689084,0.3014903373432022,0.1443126081207136,0.125,0.0,-0.2844811948246805,1.3540982807102495,26.99450620517674,40.610400125907276,0.01845477759522049,4.004593900320485,0.9808359480914565,2809.256321962998,-536.4105389621487,-145.7718651999954,6901.274435431169,1,1,0,0
SYN_002,synthetic,synthetic_track_2,DRV_02,61.2,1,16.06077434215238,-0.0897674060902176,-0.25015992861583264,-0.9682045290716841,0.5402416003774996,0.32404684663488,0.11407781032383345,0.125,0.0,-0.1401287138798699,1.3322093748935957,26.99450620517674,40.610400125907276,0.01803748302888482,4.004593900320485,0.9808903900589343,2812.4684768314282,-536.3909244615598,-146.46272988699545,6653.247640840422,1,1,0,0
SYN_002,synthetic,synthetic_track_2,DRV_02,61.400000000000006,1,16.161910150837905,0.5056790434276159,-0.2539158907498567,-0.9672263025914395,0.5408593224675824,0.34355247266216676,0.09051119659945593,0.125,0.0,-0.13733976457812355,1.3010313299191307,26.99450620517674,40.610400125907276,0.01761989884236753,4.004593900320485,0.980944997907784,2815.700858861596,-536.4059499723261,-147.15788744722516,6804.106039120898,1,1,0,0
SYN_002,synthetic,synthetic_track_2,DRV_02,61.6,1,16.354203753619927,0.9614680139101139,-0.2576916430779227,-0.9662272077973174,0.5414809343964607,0.3511833848260824,0.07938519529806139,0.125,0.0,-0.13363504639531953,1.261682181394504,26.99450620517674,40.610400125907276,0.017202036603070934,4.004593900320485,0.9809992441749094,2818.9716996123198,-536.4553255843653,-147.85777540508465,6725.6514498781835,1,1,0,0
SYN_002,synthetic,synthetic_track_2,DRV_02,61.800000000000004,1,16.866882887505056,2.5633956694256455,-0.2615083174971039,-0.9652012224815268,0.5421099422331385,0.37977369744479517,0.03998989259387188,0.125,0.0,-0.25315706349847084,1.1638553828848825,26.99450620517674,40.610400125907276,0.016783907886099566,4.004593900320485,0.9810527242934848,2822.3450761898207,-536.655885343808,-149.2734732924608,6533.098730370567,1,1,0,0
SYN_002,synthetic,synthetic_track_2,DRV_02,62.0,1,17.336871739273025,2.3499442588398445,-0.2654403593896084,-0.9641272818498166,0.5427586684980424,0.3837449883758087,0.035012451153856525,0.125,0.0,-0.11839140711686161,1.1082264416244256,26.99450620517674,40.610400125907276,0.01636552427393962,4.004593900320485,0.9811040250924278,2825.8124505376754,-536.8064080151934,-149.9901383046859,6799.33599865458,1,1,0,0
SYN_002,synthetic,synthetic_track_2,DRV_02,62.2,1,17.883693194310027,2.734107275185007,-0.26947736925598614,-0.9630067224370102,0.5434254712572453,0.3906543250081128,0.025219064248974778,0.125,0.0,-0.11242659367149471,1.0499500848889651,26.99450620517674,40.610400125907276,0.015946897356138055,4.004593900320485,0.9811533309321154,2829.3891891765375,-536.9899581698493,-150.71324345464606,6732.048392293618,1,1,0,0
SYN_002,synthetic,synthetic_track_2,DRV_02,62.400000000000006,1,18.633606319223155,3.7495656245656406,-0.27363675317305464,-0.9618331078273968,0.5441133056108726,0.43219903511330765,0.006355865775429878,0.125,0.0,-0.20624626387493922,0.9301857603582626,26.99450620517674,40.610400125907276,0.015528038728981647,4.004593900320485,0.9812003002702073,2833.115910440382,-537.4546430713658,-152.1804344219405,6613.082650804078,1,1,0,0
SYN_002,synthetic,synthetic_track_2,DRV_02,62.6,1,19.403508845130524,3.8495126295368465,-0.27796511358947656,-0.960591169867384,0.5448299827769965,0.43890011308569316,0.0069683021376617015,0.125,0.0,-0.09374375689509397,0.8706363321792832,26.99450620517674,40.610400125907276,0.015108959995175704,4.004593900320485,0.9812440360225446,2836.996612209408,-537.7349900806186,-152.9253379731919,6949.047076497006,1,1,0,0
SYN_002,synthetic,synthetic_track_2,DRV_02,62.800000000000004,1,20.42308814190139,5.097896483854321,-0.28246632126384913,-0.9592772161120413,0.5455762715787322,0.5068759040670509,0.0,0.25,0.0,-0.16918388118933128,0.7557181548607668,26.99450620517674,40.610400125907276,0.01468967276352258,4.004593900320485,0.9812844467531219,2841.081229837788,-538.3896095475524,-154.4397662634408,7679.63470545428,2,1,0,0
SYN_002,synthetic,synthetic_track_2,DRV_02,63.0,1,21.46740532124892,5.2215858967376505,-0.2871973393311958,-0.9578714361964668,0.5463617749688054,0.5059976325948803,0.005468205155662884,0.25,0.0,-0.07580448124807503,0.7012684951124695,26.99450620517674,40.610400125907276,0.014270188648600189,4.004593900320485,0.9813204303997743,2845.374710902038,-538.7630036916262,-155.21007648787491,7906.883769067314,2,1,0,0
SYN_002,synthetic,synthetic_track_2,DRV_02,63.2,1,22.65202349082956,5.923090847903207,-0.29216273035620044,-0.9563686208731496,0.547187444404238,0.5839179763856953,0.0,0.25,0.0,-0.13521592222025783,0.5997033263318078,26.99450620517674,40.610400125907276,0.013850519270440325,4.004593900320485,0.9813518746298088,2849.9051156002038,-539.5996555609895,-156.77880918159036,8186.722619972083,2,1,0,0
SYN_002,synthetic,synthetic_track_2,DRV_02,63.400000000000006,1,24.086652468920835,7.173144890456378,-0.2973935938382774,-0.9547549687453601,0.5480586760769622,0.6588428126562313,0.002544247483417836,0.25,0.0,-0.11513807303373566,0.508545217680961,26.99450620517674,40.610400125907276,0.013430676254206717,4.004593900320485,0.9813781586313193,2854.722446093988,-540.5528859842894,-158.38751367136553,8290.251751596861,2,1,0,0
SYN_002,synthetic,synthetic_track_2,DRV_02,63.6,1,25.695180654648695,8.042640928639297,-0.30294596578800465,-0.9530077343929445,0.5489850857873053,0.7451869147554487,0.001801109450740794,0.25,0.0,-0.09723593173678324,0.42767534675328883,26.99450620517674,40.610400125907276,0.013010671229872935,4.004593900320485,0.9813981788677562,2859.8614822249174,-541.6186146031012,-160.03908645183452,8418.386098100817,2,1,0,0
SYN_002,synthetic,synthetic_track_2,DRV_02,63.800000000000004,1,27.596476809609626,9.506480774804658,-0.3088578100997921,-0.9511082236740258,0.5499733619663303,0.837745136175482,0.004872382593719537,0.25,0.0,-0.08141386117010738,0.35639197536044315,26.99450620517674,40.610400125907276,0.012590515831900295,4.004593900320485,0.9814111666922675,2865.3807775868395,-542.7925480423064,-161.7363161545695,8966.538276251267,2,1,0,0
SYN_002,synthetic,synthetic_track_2,DRV_02,64.0,1,29.82149395174172,11.12508571066046,-0.31519382742210517,-0.949027318445051,0.551034764920546,0.9495768601227422,0.0,0.375,0.0,-0.06749156862317424,0.2937273553457024,26.99450620517674,40.610400125907276,0.012170221698915684,4.004593900320485,0.9814158304342004,2871.345076377188,-544.070188553611,-163.48187831632345,9722.987793269805,3,1,0,0
SYN_002,synthetic,synthetic_track_2,DRV_02,64.2,1,32.026932997531766,11.027195228950237,-0.322024930116478,-0.9467311890835104,0.5521817454571515,0.9922106059864846,0.007789394013515454,0.375,0.0,-0.055256115223977095,0.23864011805429866,26.99450620517674,40.610400125907276,0.011749800473388916,4.004593900320485,0.9814107422284709,2877.7504629766945,-545.4468430610748,-165.27833042296524,10112.653358938054,3,1,0,0
SYN_002,synthetic,synthetic_track_2,DRV_02,64.4,1,34.28058217345999,11.268245879641121,-0.3293425893150705,-0.9442104949974052,0.5534135505724412,0.9968269694663577,0.0031730305336422917,0.375,0.0,-0.06310565868356112,0.16803309907091646,26.99450620517674,40.610400125907276,0.011329263801310501,4.004593900320485,0.9813959847249053,2884.6065794113865,-547.6867548742863,-168.07371864046488,9998.420755651774,3,1,0,0
SYN_002,synthetic,synthetic_track_2,DRV_02,64.60000000000001,1,36.49097203808822,11.051949323141166,-0.33715330167589275,-0.9414497603000621,0.5547320345021897,0.9957329797233998,0.004267020276600144,0.375,0.0,-0.0429742359566005,0.10920115197807324,26.99450620517674,40.610400125907276,0.010908623331868775,4.004593900320485,0.9813713423041746,2891.9047738190043,-550.1212303656064,-170.99673453555323,10162.827849375079,3,1,0,0
SYN_002,synthetic,synthetic_track_2,DRV_02,64.8,1,38.69783544242342,11.034317021675975,-0.3454422066256556,-0.9384400257243922,0.5561355334267316,0.9964180710316672,0.003581928968332704,0.375,0.0,-0.0191116815760179,0.0752683887726416,26.99450620517674,40.610400125907276,0.010487890717127475,4.004593900320485,0.9813370018116293,2899.644340907489,-551.8434409288689,-173.0198031288103,10174.744919051062,3,1,0,0
SYN_002,synthetic,synthetic_track_2,DRV_02,65.0,1,41.073464560414735,11.878145589956581,-0.35420303611782067,-0.9351685458808576,0.5576239117129786,1.0,0.0,0.5,1.0,-0.018832786283036935,0.017391164884350052,26.99450620517674,40.610400125907276,0.010067077611702696,4.004593900320485,0.9812929752673102,2907.8590338195722,-555.5010893285759,-177.25296341781794,11537.632242206064,4,1,0,0
SYN_002,synthetic,synthetic_track_2,DRV_02,65.2,1,43.39592924170074,11.612323406430036,-0.3634677812594575,-0.9316067689676407,0.5592036603499178,1.0,0.0,0.5,1.0,0.0004341192635642304,0.019138812959648418,26.99450620517674,40.610400125907276,0.009646195672440324,4.004593900320485,0.981238516605023,2916.5382196679125,-558.4083333410921,-180.5980605571678,11670.649722388256,4,1,0,0
SYN_002,synthetic,synthetic_track_2,DRV_02,65.4,1,45.66898440678839,11.365275825438239,-0.37321747106973263,-0.9277438866887312,0.5608727345515216,1.0,0.0,0.5,1.0,0.011108213178837959,0.051160440994129655,26.99450620517674,40.610400125907276,0.009225256558092858,4.004593900320485,0.9811738562506637,2925.67201654927,-561.4340328097774,-184.09451176919583,11842.010756529697,4,1,0,0
SYN_002,synthetic,synthetic_track_2,DRV_02,65.60000000000001,1,47.65865343081466,9.94834512013135,-0.38343349710380614,-0.9235684886887087,0.5626292339517828,1.0,0.0,0.5,0.0,0.02929008170181725,0.088459383195146,26.99450620517674,40.610400125907276,0.008804271928996694,4.004593900320485,0.9810992081080027,2935.203747235433,-565.6171959153246,-188.9988307780987,11842.889525233337,4,1,0,0
SYN_002,synthetic,synthetic_track_2,DRV_02,65.8,1,49.41552641152391,8.784364903546269,-0.3940447884045756,-0.9190912385237895,0.5644622590837372,0.9267175081470516,0.0,0.5,0.0,0.043804896065739264,0.12112082613178814,26.99450620517674,40.610400125907276,0.008383253446749058,4.004593900320485,0.9810158155775814,2945.086852517738,-569.9251429194501,-194.18693944649038,12193.962935664038,4,1,0,0
SYN_002,synthetic,synthetic_track_2,DRV_02,66.0,1,50.42693373156035,5.057036600182165,-0.40499203878625645,-0.9143202111512965,0.5663628562534111,0.6832745148410992,0.0,0.625,0.0,0.04136318825092516,0.14333006220669034,26.99450620517674,40.610400125907276,0.007962212773884723,4.004593900320485,0.98092469946323,2955.17223926405,-573.2077774236737,-198.26741549333246,13403.10483289952,5,1,0,0
SYN_002,synthetic,synthetic_track_2,DRV_02,66.2,1,50.83274221943391,2.029042439367821,-0.4161038008866416,-0.9093171211891318,0.568302353704625,0.4668121705623754,0.0,0.625,0.0,0.06548268872835895,0.17063793930915133,26.99450620517674,40.610400125907276,0.007541161573553403,4.004593900320485,0.9808291363149106,2965.3387877079367,-577.6128842649756,-203.96293828511435,13285.988219392926,5,1,0,0
SYN_002,synthetic,synthetic_track_2,DRV_02,66.4,1,50.17496048744319,-3.28890865995362,-0.427242439709882,-0.9041371011692573,0.5702574591746032,0.3104624254174617,0.13457428912367375,0.625,0.0,0.07641672461073451,0.19593737061441355,26.99450620517674,40.610400125907276,0.007120111509196258,4.004593900320485,0.9807317872684521,2975.3737798054253,-582.0037651961821,-209.95036198491508,13375.20014634565,5,1,0,0
SYN_002,synthetic,synthetic_track_2,DRV_02,66.60000000000001,1,48.75527715414287,-7.098416666501599,-0.43817372462183746,-0.8988903086867864,0.5721872653471972,0.2191799898478105,0.25480446498707204,0.5,0.0,0.08662365376694107,0.21972031102665274,26.99450620517674,40.610400125907276,0.0066990742442230855,4.004593900320485,0.9806373286217994,2985.124835236254,-586.329927405008,-216.2280846742065,11936.65765677423,4,1,0,0
SYN_002,synthetic,synthetic_track_2,DRV_02,66.8,1,47.18020593386876,-7.875356101370521,-0.44873401429908183,-0.893665364893947,0.5740624683146642,0.18550610143207055,0.30026447866123185,0.5,0.0,0.09627325106010214,0.24231650054907453,26.99450620517674,40.610400125907276,0.006278061441689129,4.004593900320485,0.9805491092430814,2994.560876423028,-590.5415227132248,-222.792152614797,11899.250272239256,4,1,0,0
SYN_002,synthetic,synthetic_track_2,DRV_02,67.0,1,45.36099869663012,-9.096036186193217,-0.45889385483209905,-0.8884910973089919,0.575877091619813,0.16784577303284054,0.3229673819372143,0.5,0.0,0.1054741466836262,0.2639220677225638,26.99450620517674,40.610400125907276,0.0058570847639719354,4.004593900320485,0.9804678093402874,3003.633076162354,-594.5897251961903,-229.6363388370596,11760.62133299981,4,1,0,0
SYN_002,synthetic,synthetic_track_2,DRV_02,67.2,1,43.82536052584826,-7.6781908539092925,-0.46860571293283576,-0.8834074291099825,0.5776217454158373,0.1982159069356183,0.2844471869215152,0.5,0.0,0.08490733501072482,0.27952906085347773,26.99450620517674,40.610400125907276,0.005436155872448363,4.004593900320485,0.9803944996134794,3012.3981482675235,-597.4900515317819,-234.94833072476698,11663.313948974192,4,1,0,0
SYN_002,synthetic,synthetic_track_2,DRV_02,67.4,1,42.23631497038404,-7.945227777321087,-0.4779353187279076,-0.8783950313568796,0.579307336205293,0.18634490943681467,0.29608074566519466,0.5,0.0,0.12064266146996072,0.2995356021657995,26.99450620517674,40.610400125907276,0.005015286427171631,4.004593900320485,0.9803279288607487,3020.8454112616005,-601.1392028951063,-242.26126622694034,11337.84849234336,4,1,0,0
SYN_002,synthetic,synthetic_track_2,DRV_02,67.60000000000001,1,41.10581915843232,-5.652479059758626,-0.4868759305818744,-0.873471137599883,0.5809318098580001,0.2209089681582804,0.2529675170437722,0.5,0.0,0.09584060562440753,0.31388962498530876,26.99450620517674,40.610400125907276,0.0045944880865482485,4.004593900320485,0.980268328577066,3029.066575093287,-603.6884397205071,-247.91216055528344,11505.876062441008,4,1,0,0
SYN_002,synthetic,synthetic_track_2,DRV_02,67.8,1,39.937211268925985,-5.843039447531666,-0.49552854216218467,-0.8685916554415083,0.5825128029025552,0.22100488405310498,0.24976129077926962,0.5,0.0,0.10022893651819606,0.32761211579460586,26.99450620517674,40.610400125907276,0.004173772507015001,4.004593900320485,0.9802136776466289,3037.054017347072,-606.0570098941364,-253.69922498409346,11365.072239872761,4,1,0,0
SYN_002,synthetic,synthetic_track_2,DRV_02,68.0,1,38.85734773641935,-5.3993176625331785,-0.5038883422665328,-0.8637687992326913,0.5840488494898216,0.2365102205987905,0.2330598496874483,0.375,0.0,0.14009587023171813,0.34476533770381934,26.99450620517674,40.610400125907276,0.0037531513427161646,4.004593900320485,0.9801641402663352,3044.825486894356,-608.9048151964339,-261.6162844294968,10212.000778832356,3,1,0,0
SYN_002,synthetic,synthetic_track_2,DRV_02,68.2,1,37.93945572904231,-4.589460036885207,-0.5119770593620971,-0.858999121470412,0.5855433628642992,0.24701353512923596,0.21707695773594005,0.375,0.0,0.10959246172834478,0.35662538832212126,26.99450620517674,40.610400125907276,0.003332636245180605,4.004593900320485,0.9801193224655557,3052.4133780401644,-610.7872460850533,-267.6959896975517,10225.128908851731,3,1,0,0
SYN_002,synthetic,synthetic_track_2,DRV_02,68.4,1,37.10338841880549,-4.180336551184105,-0.5198311517347963,-0.8542690288697555,0.5870025727000316,0.2587671072098238,0.20097862100223376,0.375,0.0,0.1131451281834882,0.3674811395401926,26.99450620517674,40.610400125907276,0.002912238862999129,4.004593900320485,0.9800785080750023,3059.8340557239253,-612.4358425237538,-273.889242156489,9982.786314012197,3,1,0,0
SYN_002,synthetic,synthetic_track_2,DRV_02,68.60000000000001,1,36.35780086937638,-3.7279377471455177,-0.52746990560052,-0.849573715863302,0.5884296261007549,0.2755707101288647,0.1797707757311375,0.375,0.0,0.11636273905898756,0.3771953747231801,26.99450620517674,40.610400125907276,0.002491970841501736,4.004593900320485,0.9800413335724089,3067.1056158978004,-613.836736611688,-280.1883349224578,10083.315194723671,3,1,0,0
SYN_002,synthetic,synthetic_track_2,DRV_02,68.8,1,35.88695256378587,-2.354241527952574,-0.534914026646476,-0.844906494292033,0.5898280030572693,0.2964325749114585,0.152440236259832,0.375,0.0,0.07917768385466366,0.38296898605273305,26.99450620517674,40.610400125907276,0.0020718438224349668,4.004593900320485,0.9800073973543035,3074.2830064105574,-614.6266816865602,-284.4425679557292,10238.909619783632,3,1,0,0
SYN_002,synthetic,synthetic_track_2,DRV_02,69.0,1,35.46321293765568,-2.1186981306509267,-0.5422212501864635,-0.8402357501595779,0.5912082704635687,0.29634005288957765,0.1514594840583152,0.375,0.0,0.12086376369503998,0.39047667151996224,26.99450620517674,40.610400125907276,0.001651869443639483,4.004593900320485,0.9799754870766615,3081.3756489980883,-615.5868083424425,-290.90002684856455,10271.554696366182,3,1,0,0
SYN_002,synthetic,synthetic_track_2,DRV_02,69.2,1,35.094309142192714,-1.8445189773148485,-0.5494021331473392,-0.8355580746382344,0.5925722401919401,0.30337994405788554,0.14275756667782968,0.375,0.0,0.1229798986121633,0.39649242587464606,26.99450620517674,40.610400125907276,0.0012320593387277687,4.004593900320485,0.9799453919712093,3088.394510826527,-616.2675309305771,-297.44123288024946,10216.20633403517,3,1,0,0
SYN_002,synthetic,synthetic_track_2,DRV_02,69.4,1,34.671379175837956,-2.1146498317737894,-0.5564685954308055,-0.8308686432278368,0.5939220213127937,0.30624591830130715,0.13775022630590214,0.375,0.0,0.12461287146798097,0.40091154742785545,26.99450620517674,40.610400125907276,0.0008124251367617932,4.004593900320485,0.9799168672715736,3095.3287866616947,-616.6590549940848,-304.05746390856524,10129.304829081138,3,1,0,0
SYN_002,synthetic,synthetic_track_2,DRV_02,69.60000000000001,1,34.4913149993706,-0.9003208823367714,-0.5634105963126393,-0.8261770391160942,0.5952555358964797,0.32298177940264733,0.11675564137617847,0.375,0.0,0.1257337277123084,0.4036546275716764,26.99450620517674,40.610400125907276,0.00039297846193080826,4.004593900320485,0.9798901472056492,3102.227049661569,-616.7527775026442,-310.7398378026041,9873.397645450936,3,1,0,0
SYN_002,synthetic,synthetic_track_2,DRV_02,69.8,1,34.30105000566787,-0.9513249685136671,-0.570277299816734,-0.8214522513900213,0.596582124934917,0.32323589422725263,0.11447154114212396,0.375,0.0,0.08418285872427371,0.4045267741004387,26.99450620517674,40.610400125907276,0.0,4.004593900320485,0.9798562789582311,3109.0872596627023,-616.6461147961145,-315.2270626409027,10016.758192374855,3,1,0,0
SYN_002,synthetic,synthetic_track_2,DRV_02,70.0,1,34.15818098841834,-0.7143450862476541,-0.5770668323635193,-0.8166969272538828,0.5979013960889812,0.3279695177413621,0.10684847962499941,0.375,0.0,0.12641363124631252,0.40438510548100365,26.99450620517674,40.610400125907276,0.0,4.004593900320485,0.9797053543382063,3115.918895860386,-616.2276909733348,-321.99966353111665,9686.845639549181,3,1,0,0
SYN_002,synthetic,synthetic_track_2,DRV_02,70.2,1,34.17383083075981,0.07824921170737298,-0.5837886827547553,-0.8119056434632461,0.5992151722808434,0.3421876910656287,0.08915048184594186,0.375,0.0,0.12609846136109543,0.402514778184928,26.99450620517674,40.610400125907276,0.0,4.004593900320485,0.9795550583418572,3122.7536620265378,-615.4945074110287,-328.8143268054963,10349.777227204668,3,1,0,0
SYN_002,synthetic,synthetic_track_2,DRV_02,70.4,1,34.14968091336562,-0.12074958697095184,-0.590473806233672,-0.8070568035472596,0.6005295503897188,0.3451519839863259,0.08483595969529276,0.375,0.0,0.08362610948630482,0.4003285106804801,26.99450620517674,40.610400125907276,0.0,4.004593900320485,0.9794046934862018,3129.583598209211,-614.8287852866225,-333.3763398973719,10027.401313522932,3,1,0,0
SYN_002,synthetic,synthetic_track_2,DRV_02,70.60000000000001,1,34.30383887883748,0.7707898273593017,-0.5971139766957179,-0.8021564054687998,0.6018429996556175,0.36871186589403715,0.0574363446478425,0.375,0.0,0.1243955359667506,0.3956946868492508,26.99450620517674,40.610400125907276,0.0,4.004593900320485,0.979254434890183,3136.444365984978,-613.5625506720629,-340.2410670136327,9943.910402978447,3,1,0,0
SYN_002,synthetic,synthetic_track_2,DRV_02,70.8,1,34.51708737069325,1.0662424592788255,-0.6037431787459404,-0.7971788846411747,0.6031623780740343,0.37505017375486777,0.048673891214869605,0.375,0.0,0.12270450517484457,0.38952608997880767,26.99450620517674,40.610400125907276,0.0,4.004593900320485,0.9791034979991162,3143.3477834591167,-611.9734468279181,-347.1239574257552,10173.606986709025,3,1,0,0
SYN_002,synthetic,synthetic_track_2,DRV_02,71.0,1,34.66635824602552,0.7463543766613512,-0.6103717118804177,-0.7921151263144571,0.6044899583575224,0.36475795815415607,0.05834446619997854,0.375,0.0,0.08063438644253147,0.38462208057623815,26.99450620517674,40.610400125907276,0.0,4.004593900320485,0.9789516228146851,3150.2810551083217,-610.734244108814,-351.71832467046545,9754.585855092906,3,1,0,0
SYN_002,synthetic,synthetic_track_2,DRV_02,71.2,1,34.983831987082674,1.5873687052857832,-0.6169861647717401,-0.7869739973342571,0.6058232798285234,0.3800656305352774,0.03849900825507337,0.375,0.0,0.11888323883848775,0.3761842685070931,26.99450620517674,40.610400125907276,0.0,4.004593900320485,0.9787990908384026,3157.2778215057383,-608.6059288132255,-358.6121927668103,10064.966108764767,3,1,0,0
SYN_002,synthetic,synthetic_track_2,DRV_02,71.4,1,35.33677259339842,1.7647030315787404,-0.6236172931574313,-0.7817297945422053,0.6071688118280266,0.39261724984186336,0.022749639458283708,0.375,0.0,0.1160608884199431,0.3665867602009825,26.99450620517674,40.610400125907276,0.0,4.004593900320485,0.9786451619776595,3164.345176024418,-606.1554098173024,-365.5014222850019,10057.172125387468,3,1,0,0
SYN_002,synthetic,synthetic_track_2,DRV_02,71.60000000000001,1,35.87000752517809,2.666174658898335,-0.6302700703442132,-0.7763759646127001,0.6085279184662342,0.4065512141194932,0.0050016454633836195,0.375,0.0,0.11290154494631258,0.3559926448613565,26.99450620517674,40.610400125907276,0.0,4.004593900320485,0.9784896801782484,3171.5191775294534,-603.3851325445082,-372.37791957572153,9659.024085999152,3,1,0,0
SYN_002,synthetic,synthetic_track_2,DRV_02,71.8,1,36.37596580091104,2.529791378664754,-0.6369762293116064,-0.7708834433894451,0.6099075341402795,0.4086622765033621,0.003341795864638451,0.375,0.0,0.10945666081569141,0.34456696062952996,26.99450620517674,40.610400125907276,0.0,4.004593900320485,0.9783318521451377,3178.794370689636,-600.29869731445,-379.23390462580625,10146.642416186007,3,1,0,0
SYN_002,synthetic,synthetic_track_2,DRV_02,72.0,1,36.9038037338558,2.6391896647238156,-0.6437280983943411,-0.7652542945567868,0.6113066097480069,0.41300726089697654,0.0,0.375,0.0,0.07093947290422638,0.33656779485275873,26.99450620517674,40.610400125907276,0.0,4.004593900320485,0.9781717978956137,3186.175131436407,-598.0677165226659,-383.78948173425874,10143.871027361814,3,1,0,0
SYN_002,synthetic,synthetic_track_2,DRV_02,72.2,1,37.418610573909866,2.5740342002703187,-0.6505271066535504,-0.7594830370119929,0.6127259868146936,0.42147895967125576,0.002116756451371936,0.375,0.0,0.10321870308414027,0.324110495538612,26.99450620517674,40.610400125907276,0.0,4.004593900320485,0.9780094211591848,3193.6588535511887,-594.4653753554933,-390.59496183560793,10438.983310272235,3,1,0,0
SYN_002,synthetic,synthetic_track_2,DRV_02,72.4,1,37.972121654612934,2.7675554035153382,-0.6573681316550567,-0.7535695983015371,0.6141651641444593,0.43648740270619474,0.002941013789487041,0.375,0.0,0.09925649487861281,0.3112310375513618,26.99450620517674,40.610400125907276,0.0,4.004593900320485,0.9778447792726596,3201.2532778821114,-590.5618401083613,-397.36099648877433,10301.189506069555,3,1,0,0
SYN_002,synthetic,synthetic_track_2,DRV_02,72.60000000000001,1,38.59324955712697,3.105639512570164,-0.6642553985480302,-0.747505695964785,0.6156256303619445,0.46272260758968764,0.0,0.375,0.0,0.09518339024196334,0.2980608063597527,26.99450620517674,40.610400125907276,0.0,4.004593900320485,0.9776777019373792,3208.971927793537,-586.3646074141642,-404.08125947703246,10481.146419295226,3,1,0,0
SYN_002,synthetic,synthetic_track_2,DRV_02,72.8,1,39.25768094491741,3.3221569389522188,-0.6711980067427,-0.7412781095814353,0.6171099861141417,0.4782261992953544,0.0,0.5,0.0,0.09103807037620618,0.2847158100211044,26.99450620517674,40.610400125907276,0.0,4.004593900320485,0.9775078916393278,3216.8234639825205,-581.8821234907685,-410.74989095890135,11413.819845185813,4,1,0,0
SYN_002,synthetic,synthetic_track_2,DRV_02,73.0,1,39.930331656382414,3.3632535573250166,-0.6782002382248588,-0.7348771576744952,0.6186198969197155,0.48958864844210775,0.0013220504088441354,0.5,0.0,0.08685427626270324,0.2712959879364665,26.99450620517674,40.610400125907276,0.0,4.004593900320485,0.9773351578431703,3224.809530313797,-577.1237276946977,-417.36152131661294,11649.234732568686,4,1,0,0
SYN_002,synthetic,synthetic_track_2,DRV_02,73.2,1,40.729222674592506,3.9944550910504617,-0.6852598258574001,-0.7282986825924413,0.6201556789064995,0.5292430150784379,0.0,0.5,0.0,0.10928422962888588,0.2534294128622602,26.99450620517674,40.610400125907276,0.0,4.004593900320485,0.9771594643838821,3232.9553748487156,-570.3676976505283,-426.080037434687,11344.859241980143,4,1,0,0
SYN_002,synthetic,synthetic_track_2,DRV_02,73.4,1,41.61005536836645,4.404163468869733,-0.6923949160024782,-0.7215187317692598,0.6217221874709068,0.5422373336849993,0.003887118610118872,0.5,0.0,0.0770946339230817,0.24013532832174792,26.99450620517674,40.610400125907276,0.0,4.004593900320485,0.976980255804114,3241.277385922389,-565.0063870762567,-432.5406824984273,11572.644968391856,4,1,0,0
SYN_002,synthetic,synthetic_track_2,DRV_02,73.60000000000001,1,42.49785641008656,4.439005208600548,-0.6996150394691633,-0.7145199763117621,0.623322574215844,0.5597537754334702,0.0031128284548220123,0.5,0.0,0.07296303962074122,0.22698896697631932,26.99450620517674,40.610400125907276,0.0,4.004593900320485,0.9767971715604932,3249.7769572044062,-559.4059496164176,-438.9302028197075,11713.086205418665,4,1,0,0
SYN_002,synthetic,synthetic_track_2,DRV_02,73.8,1,43.38685874770977,4.445011688116054,-0.7069161876188979,-0.7072973233954467,0.6249571071546935,0.5842442181807512,0.0,0.5,0.0,0.06888388911334203,0.21402828291439263,26.99450620517674,40.610400125907276,0.0,4.004593900320485,0.9766101809922887,3258.4543289539483,-553.5788595544731,-445.2455418762585,11662.78466229731,4,1,0,0
SYN_002,synthetic,synthetic_track_2,DRV_02,74.0,1,44.31839437441589,4.657678133530574,-0.7142931444109112,-0.6998466288034638,0.6266258324911439,0.6241907921284842,0.0006813530804834306,0.5,0.0,0.08560908663962764,0.19708206957940158,26.99450620517674,40.610400125907276,0.0,4.004593900320485,0.9764192788137989,3267.3180078288315,-545.4793947836423,-453.54636001827555,11764.868700641451,4,1,0,0
SYN_002,synthetic,synthetic_track_2,DRV_02,74.2,1,45.43313933403246,5.573724798082864,-0.7217474109492167,-0.6921565392222359,0.6283303861209292,0.64945446163727,0.0,0.5,0.0,0.05962110162296665,0.1846454115892685,26.99450620517674,40.610400125907276,0.0,4.004593900320485,0.9762242778785514,3276.404635695638,-539.1748457687017,-459.6798491113194,11868.63388841305,4,1,0,0
SYN_002,synthetic,synthetic_track_2,DRV_02,74.4,1,46.4935966564239,5.302286611957179,-0.7293032312961256,-0.6841906143912162,0.6300778145568534,0.680399297419758,0.009378104470800595,0.5,0.0,0.07352316821364181,0.16844365480852036,26.99450620517674,40.610400125907276,0.0,4.004593900320485,0.9760243720654816,3285.7033550269225,-530.4887512974241,-467.7327071758732,12415.194526627047,4,1,0,0
SYN_002,synthetic,synthetic_track_2,DRV_02,74.60000000000001,1,47.71508292720813,6.107431353921164,-0.7369443883249346,-0.6759533774724319,0.6318660298128698,0.7426031594111241,0.0,0.5,0.0,0.06686573794052464,0.15268079550443425,26.99450620517674,40.610400125907276,0.0,4.004593900320485,0.9758198002401934,3295.2463716123643,-521.5137466998724,-475.6414105537083,12107.87956286603,4,1,0,0
SYN_002,synthetic,synthetic_track_2,DRV_02,74.8,1,48.91558992400021,6.002534983960395,-0.744689556507635,-0.6674110161126064,0.6337012253100701,0.7576245447241038,0.002981213203418,0.5,0.0,0.04588986869373319,0.14114291862521094,26.99450620517674,40.610400125907276,0.0,4.004593900320485,0.9756098538753136,3305.0294895971642,-514.6136310113253,-481.4784554519107,12016.80685967788,4,1,0,0
SYN_002,synthetic,synthetic_track_2,DRV_02,75.0,1,50.23797772470447,6.611939003521314,-0.7525268018146167,-0.658561623958354,0.6355825941533008,0.8144943938057648,0.0,0.625,0.0,0.055650029914186855,0.12612714004905295,26.99450620517674,40.610400125907276,0.0,4.004593900320485,0.975394625279648,3315.0770851421053,-505.21620029711306,-489.1365638253876,13058.619879808837,5,1,0,0
SYN_002,synthetic,synthetic_track_2,DRV_02,75.2,1,51.737903448819345,7.49962862057437,-0.760466453420451,-0.6493772195127582,0.6375148240657895,0.8689672052162695,0.0,0.625,0.0,0.04948015521178097,0.11151611892962031,26.99450620517674,40.610400125907276,0.0,4.004593900320485,0.9751735781776594,3325.4246658318693,-495.625165866842,-496.6551013797678,13434.029752979553,5,1,0,0
SYN_002,synthetic,synthetic_track_2,DRV_02,75.4,1,53.36050297023753,8.11299760709094,-0.7685259866138184,-0.6398185742062018,0.6395047434292056,0.9182906028122324,0.004880215281393366,0.625,0.0,0.0434751581304201,0.09729218683729723,26.99450620517674,40.610400125907276,0.0,4.004593900320485,0.9749459314024845,3336.096766425917,-485.87500218830667,-504.03849499977207,13255.356055594604,5,1,0,0
SYN_002,synthetic,synthetic_track_2,DRV_02,75.60000000000001,1,55.05226086300557,8.45878946384019,-0.7767124188845117,-0.6298553947935756,0.6415570704665224,0.9866796924757752,0.0,0.625,0.0,0.03762812904569084,0.0834404162582646,26.99450620517674,40.610400125907276,0.0,4.004593900320485,0.9747111451894155,3347.107218598518,-475.9996024102271,-511.29245767035655,13381.737187426348,5,1,0,0
SYN_002,synthetic,synthetic_track_2,DRV_02,75.8,1,57.01071448777551,9.792268123849688,-0.7850230206578733,-0.6194665907352779,0.6436744651150996,1.0,0.0,0.625,1.0,0.039045324447073426,0.06663568731275213,26.99450620517674,40.610400125907276,0.0,4.004593900320485,0.9744689152416183,3358.5093614960733,-463.52944118197036,-520.1884424192033,13762.40418820632,5,1,0,0
SYN_002,synthetic,synthetic_track_2,DRV_02,76.0,1,58.85037543645394,9.198304743392143,-0.7934828032744092,-0.6085926724072392,0.645867184903091,1.0,0.0,0.625,1.0,0.02502802229632629,0.053600223457772725,26.99450620517674,40.610400125907276,0.0,4.004593900320485,0.974218068097872,3370.2794365833643,-453.4912265214463,-527.1777487269698,13640.52268162877,5,1,0,0
SYN_002,synthetic,synthetic_track_2,DRV_02,76.2,1,60.57950433864308,8.64564451094573,-0.8020575746726846,-0.5972467219752412,0.6481306608814162,0.9980307540722867,0.00196924592771331,0.625,1.0,0.023776835085597012,0.037837165586709506,26.99450620517674,40.610400125907276,0.0,4.004593900320485,0.9739591264459517,3382.395337451093,-440.91519071804686,-535.7695249110456,13707.499987811963,5,1,0,0
SYN_002,synthetic,synthetic_track_2,DRV_02,76.4,1,62.2812302375545,8.508629494557098,-0.8107148290716808,-0.5854412574488369,0.6504606418175178,1.0,0.0,0.75,1.0,0.015733028371530306,0.022716633056895214,26.99450620517674,40.610400125907276,0.0,4.004593900320485,0.9736925766268616,3394.8515834986038,-428.35884651880997,-544.2176955370355,15000.0,6,1,0,0
SYN_002,synthetic,synthetic_track_2,DRV_02,76.60000000000001,1,63.95679135902802,8.37780560736757,-0.8194341149933242,-0.5731733866685609,0.6528560737497315,0.9947696213474734,0.005230378652526665,0.75,1.0,0.008045810522886812,0.008330390611195051,26.99450620517674,40.610400125907276,0.0,4.004593900320485,0.9734185392138164,3407.6429417704094,-415.87238188294725,-552.5416383312682,15000.0,6,1,0,0
SYN_002,synthetic,synthetic_track_2,DRV_02,76.80000000000001,1,65.6126962017259,8.279524213489395,-0.8281947774232398,-0.5604403720725964,0.6553159503404633,1.0,0.0,0.75,1.0,0.0007735646827149938,0.005188571246870735,26.99450620517674,40.610400125907276,0.0,4.004593900320485,0.9731371293318367,3420.7654810107547,-403.5006639537293,-560.76097908797,15000.0,6,1,0,0
SYN_002,synthetic,synthetic_track_2,DRV_02,77.0,1,67.1595399536014,7.734218759377498,-0.8369766557728435,-0.547238593020729,0.6578395155789913,0.9969640118459299,0.0030359881540701077,0.75,1.0,-0.00600332605173263,0.01766443351863373,26.99450620517674,40.610400125907276,0.0,4.004593900320485,0.9728484334685491,3434.197389001475,-391.28279415556375,-568.8949693030327,15000.0,6,1,0,0
SYN_002,synthetic,synthetic_track_2,DRV_02,77.2,1,68.63023981461431,7.353499305064588,-0.8457476299308464,-0.5335831204848558,0.660422574807976,0.9983382437981418,0.0016617562018581952,0.75,1.0,-0.012182358646891284,0.028879833333727078,26.99450620517674,40.610400125907276,0.0,4.004593900320485,0.9725529314927532,3447.923436964398,-379.25176700145664,-576.9618618994152,15000.0,6,1,0,0
SYN_002,synthetic,synthetic_track_2,DRV_02,77.4,1,69.30837528922756,3.390677373066211,-0.8544805165098629,-0.5194834423781357,0.6630621994162305,0.8029422293081009,0.004883568207841485,0.75,0.0,-0.01764049577799298,0.03858079509694715,26.99450620517674,40.610400125907276,0.0,4.004593900320485,0.9722509584375689,3461.7851120222435,-367.4342360722007,-584.9782959069182,15000.0,6,1,0,0
SYN_002,synthetic,synthetic_track_2,DRV_02,77.60000000000001,1,69.61773494973974,1.54679830256093,-0.863061152782191,-0.5050994422470447,0.6657279061581237,0.649472463439665,0.004244120010158003,0.75,0.0,-0.027150731766504656,0.04782540855674685,26.99450620517674,40.610400125907276,0.0,4.004593900320485,0.9719460015862963,3475.7086590121917,-353.5629810423056,-594.5515389584713,15000.0,6,1,0,0
SYN_002,synthetic,synthetic_track_2,DRV_02,77.80000000000001,1,69.72420475479072,0.5323490252548879,-0.8714363502246671,-0.49050860084927295,0.6684055113484983,0.5662178936259221,0.005496754851509913,0.75,0.0,-0.02640542905534282,0.05318512515670292,26.99450620517674,40.610400125907276,0.0,4.004593900320485,0.9716396835525175,3489.65349996315,-342.27708038952744,-602.5038120066813,15000.0,6,1,0,0
SYN_002,synthetic,synthetic_track_2,DRV_02,78.0,1,69.69863109472364,-0.12786830033540753,-0.879577140607414,-0.47575629656462304,0.671087211531375,0.5286447807462162,0.0,0.75,0.0,-0.03443323661004922,0.05637106356744067,26.99450620517674,40.610400125907276,0.0,4.004593900320485,0.9713328970515964,3503.5932261820944,-329.07124463128065,-612.0274270679298,15000.0,6,1,0,0
SYN_002,synthetic,synthetic_track_2,DRV_02,78.2,1,69.60519931858347,-0.467158880700822,-0.887465368186798,-0.46087440834686305,0.6737679281119412,0.5256390834734301,0.006116254951471043,0.75,0.0,-0.029393941202816697,0.05601606785363908,26.99450620517674,40.610400125907276,0.0,4.004593900320485,0.9710262230747796,3517.514266045811,-318.34662089802373,-619.951785198766,15000.0,6,1,0,0
SYN_002,synthetic,synthetic_track_2,DRV_02,78.4,1,69.68745271857141,0.4112669999396701,-0.8950917592588666,-0.4458819827116445,0.676445051162656,0.5977773439415679,0.0,0.75,0.0,-0.03388389630821899,0.05166619306575237,26.99450620517674,40.610400125907276,0.0,4.004593900320485,0.9707199601977778,3531.4517565895253,-305.8028479898875,-629.4445432128233,15000.0,6,1,0,0
SYN_002,synthetic,synthetic_track_2,DRV_02,78.60000000000001,1,69.95288473404601,1.3271600773730086,-0.9024734601358665,-0.4307454628320495,0.679125337805678,0.6688942108688245,0.004180858329352372,0.75,0.0,-0.025213086159814324,0.044606787762064,26.99450620517674,40.610400125907276,0.0,4.004593900320485,0.9704133354058161,3545.4423335363344,-295.6060802037342,-637.3337916280926,15000.0,6,1,0,0
SYN_002,synthetic,synthetic_track_2,DRV_02,78.80000000000001,1,70.86985362813088,4.584844470424372,-0.9096258655077895,-0.4154284352318759,0.6818158333723721,0.8445014608588204,0.0,0.75,1.0,-0.024161306586746433,0.031919458661486,26.99450620517674,40.610400125907276,0.0,4.004593900320485,0.9701055427129863,3559.6163042619605,-283.65054905898364,-646.7573599870242,15000.0,6,1,0,0
SYN_002,synthetic,synthetic_track_2,DRV_02,79.0,1,72.15229319899345,6.412197854312822,-0.9166069428149689,-0.3997895851362268,0.684541596973454,0.9910126264455992,0.008987373554400789,0.75,1.0,-0.013104361583438084,0.01784815767704567,26.99450620517674,40.610400125907276,0.0,4.004593900320485,0.9697937153570225,3574.0467629017594,-273.89490467429243,-654.5534855809832,15000.0,6,1,0,0
SYN_002,synthetic,synthetic_track_2,DRV_02,79.2,1,73.46381373908325,6.55760270044901,-0.9234381446088111,-0.3837473036796954,0.6873166851734153,0.9973832648492467,0.0026167351507533454,0.875,1.0,-0.004841666465813274,0.0031184632003209006,26.99450620517674,40.610400125907276,0.0,4.004593900320485,0.969476245266947,3588.739525649576,-262.3975077901481,-663.8059410124614,15000.0,7,1,0,0
SYN_002,synthetic,synthetic_track_2,DRV_02,79.4,1,73.81390315917685,1.75044710046798,-0.9301050605997024,-0.3672935831822058,0.6901422164710723,0.7275034833433107,0.0,0.875,0.0,0.00959763022082437,0.028324717213940448,26.99450620517674,40.610400125907276,0.0,4.004593900320485,0.969153004486495,3603.5023062814116,-251.08069610584784,-672.8988009659604,15000.0,7,1,0,0
SYN_002,synthetic,synthetic_track_2,DRV_02,79.60000000000001,1,72.54285488389868,-6.355241376390808,-0.9365085018215358,-0.3506448716521924,0.6929812127464253,0.32457790431150363,0.11478784120055718,0.875,0.0,0.026600050775455526,0.05748718259119297,26.99450620517674,40.610400125907276,0.0,4.004593900320485,0.9688282233125947,3618.010877258191,-239.89038174477434,-681.7722264385031,15000.0,7,1,0,0
SYN_002,synthetic,synthetic_track_2,DRV_02,79.80000000000001,1,69.26117562029489,-16.40839631801896,-0.9425113599660073,-0.3341741108090623,0.6957713225496521,0.09058061338417478,0.42695062018002566,0.75,0.0,0.03687290473939835,0.0845795140478902,26.99450620517674,40.610400125907276,0.0,4.004593900320485,0.9685090347511055,3631.86311238225,-230.6214543855357,-688.9493708949935,15000.0,6,1,0,0
SYN_002,synthetic,synthetic_track_2,DRV_02,80.0,1,64.89204212333416,-21.84566748480364,-0.9479723927018904,-0.3183525446341727,0.6984352139196635,0.0,0.6488642285598302,0.75,0.0,0.06378135999196566,0.12012886956757592,26.99450620517674,40.610400125907276,0.0,4.004593900320485,0.9682042855783761,3644.841520806917,-219.51797435043073,-697.2342128359583,15000.0,6,1,0,0
SYN_002,synthetic,synthetic_track_2,DRV_02,80.2,1,60.608990512651914,-21.41525805341125,-0.9528479917422877,-0.3034480262461583,0.7009310616936378,0.0014114691317064889,0.6830304300949404,0.625,0.0,0.07075982337972785,0.15200254282674508,26.99450620517674,40.610400125907276,0.0,4.004593900320485,0.9679187605930335,3656.963318909447,-210.24423041220396,-703.8079624654838,14010.952010456338,5,1,0,0
SYN_002,synthetic,synthetic_track_2,DRV_02,80.4,1,56.42641246718438,-20.912890227337684,-0.9571901785649043,-0.2894597762365033,0.7032621767133552,0.0008382986985187811,0.6908541356540558,0.625,0.0,0.0878210315621322,0.1855994689053636,26.99450620517674,40.610400125907276,0.0,4.004593900320485,0.9676520810347778,3668.248601402884,-200.91980700878995,-710.0260351839931,13752.267731519294,5,1,0,0
SYN_002,synthetic,synthetic_track_2,DRV_02,80.60000000000001,1,52.6532257141021,-18.86593376541139,-0.9610481579944733,-0.2763809653638072,0.7054324233467085,0.00027361161477123153,0.6276802559109752,0.625,0.0,0.08308489468411562,0.21345213474162927,26.99450620517674,40.610400125907276,0.0,4.004593900320485,0.9674038048199223,3678.7792465457046,-193.40531514847214,-714.7078439890676,13443.192230384138,5,1,0,0
SYN_002,synthetic,synthetic_track_2,DRV_02,80.80000000000001,1,49.14207385977974,-17.555759271611784,-0.9644869993144549,-0.2641303241837232,0.7074575474126356,0.0,0.5699475201326742,0.5,0.0,0.09481951778806952,0.24188403353551174,26.99450620517674,40.610400125907276,0.0,4.004593900320485,0.9671721306267802,3688.6076613176606,-185.82816927447988,-719.098442034422,12220.779383513856,4,1,0,0
SYN_002,synthetic,synthetic_track_2,DRV_02,81.0,1,46.14542284106389,-14.98325509357926,-0.9675556523963583,-0.2526579892183451,0.7093476271764732,0.03511872442399351,0.5014984144629951,0.5,0.0,0.10672717144982376,0.2705523398331602,26.99450620517674,40.610400125907276,0.0,4.004593900320485,0.9669559055017971,3697.8367458858734,-178.17709184209968,-723.1686369038143,12134.877296949524,4,1,0,0
SYN_002,synthetic,synthetic_track_2,DRV_02,81.2,1,43.44239135138256,-13.515157448406647,-0.9703129610993292,-0.2418527600062725,0.7111224511318988,0.058993640757023805,0.4653701463013855,0.5,0.0,0.11864749055384828,0.29902800631740845,26.99450620517674,40.610400125907276,0.0,4.004593900320485,0.9667528656412965,3706.5252241561498,-170.4423610315617,-726.889025578414,11716.538353661068,4,1,0,0
SYN_002,synthetic,synthetic_track_2,DRV_02,81.4,1,41.41467682378498,-10.138572637987906,-0.9727984936816237,-0.2316529531233389,0.7127933123377211,0.12023110673831984,0.3853849008046728,0.5,0.0,0.0967054194109017,0.3199480376510168,26.99450620517674,40.610400125907276,0.0,4.004593900320485,0.9665617191193504,3714.808159520907,-164.58152298142866,-729.4320905498699,11580.039319662046,4,1,0,0
SYN_002,synthetic,synthetic_track_2,DRV_02,81.60000000000001,1,39.467333844302544,-9.736714897412178,-0.9750681893996207,-0.22190544387406408,0.7143861845232513,0.13620568225573493,0.3645130389475608,0.5,0.0,0.1389216515205479,0.3467781756194418,26.99450620517674,40.610400125907276,0.0,4.004593900320485,0.9663794945413258,3722.7016262897673,-156.68219349543327,-732.4698743755266,11104.870226945017,4,1,0,0
SYN_002,synthetic,synthetic_track_2,DRV_02,81.80000000000001,1,37.911343516147085,-7.779951640777298,-0.9771402783767527,-0.21259556997689852,0.7159041589018783,0.17256567482772375,0.31556145094560295,0.375,0.0,0.11133816277079224,0.36573983374714764,26.99450620517674,40.610400125907276,0.0,4.004593900320485,0.9662058382724108,3730.283894992997,-150.69143337425731,-734.4678339730506,10151.02716466166,3,1,0,0
SYN_002,synthetic,synthetic_track_2,DRV_02,82.0,1,36.623183842737625,-6.4407983670473,-0.9790469776678846,-0.203634514558266,0.7173622874986533,0.1987958591105097,0.2804954543073936,0.375,0.0,0.11706473489738004,0.3833768107660192,26.99450620517674,40.610400125907276,0.0,4.004593900320485,0.9660390283609398,3737.6085317615443,-144.64239870043724,-736.2123491901937,10421.752741949274,3,1,0,0
SYN_002,synthetic,synthetic_track_2,DRV_02,82.2,1,35.502549189009386,-5.603173268641193,-0.9808108560082379,-0.19496170069115523,0.7187708714926047,0.2248398549495284,0.24757257028131086,0.375,0.0,0.12233046453219801,0.3993891880603638,26.99450620517674,40.610400125907276,0.0,4.004593900320485,0.9658778863520318,3744.709041599346,-138.53445585102799,-737.6919534579778,10064.560905564673,3,1,0,0
SYN_002,synthetic,synthetic_track_2,DRV_02,82.4,1,34.59158631339302,-4.554814378081815,-0.9824474269798027,-0.1865396826971819,0.7201363541537205,0.24836083921901256,0.21444192726368036,0.375,0.0,0.08420953258386395,0.4090184196127907,26.99450620517674,40.610400125907276,0.0,4.004593900320485,0.9657216751356,3751.6273588620247,-134.4297500594484,-738.5256934187056,9860.458142475029,3,1,0,0
SYN_002,synthetic,synthetic_track_2,DRV_02,82.60000000000001,1,33.81660760065566,-3.8748935636868254,-0.9839724488351349,-0.17832055387247947,0.7214667997811586,0.2627431271967536,0.1955147708259198,0.375,0.0,0.12983454678267373,0.42169664365482873,26.99450620517674,40.610400125907276,0.0,4.004593900320485,0.9655694721558211,3758.390680382156,-128.22399738602226,-739.539373522766,9716.61257270485,3,1,0,0
SYN_002,synthetic,synthetic_track_2,DRV_02,82.80000000000001,1,33.243048920058385,-2.867793402986365,-0.9853968390201147,-0.1702735142327373,0.72276743853503,0.27940387305909037,0.17442200317272755,0.375,0.0,0.13343936164813552,0.43205329351000804,26.99450620517674,40.610400125907276,0.0,4.004593900320485,0.9654206790823783,3765.0392901661676,-121.9608565934014,-740.259623547187,10266.940876320892,3,1,0,0
SYN_002,synthetic,synthetic_track_2,DRV_02,83.0,1,32.78148856470155,-2.3078017767841885,-0.9867329271376556,-0.16235187249414196,0.7240460173396476,0.29033062781123464,0.15866409413152066,0.375,0.0,0.09059154067439944,0.4375778483466983,26.99450620517674,40.610400125907276,0.0,4.004593900320485,0.96527440966713,3771.595587879108,-117.754398624115,-740.5719387160955,9987.085020975064,3,1,0,0
SYN_002,synthetic,synthetic_track_2,DRV_02,83.2,1,32.42978541814427,-1.7585157327863854,-0.9879881036411527,-0.15452995523055965,0.7253068438229053,0.30046394976205987,0.1457081163112562,0.375,0.0,0.13774659306572032,0.44370462484626105,26.99450620517674,40.610400125907276,0.0,4.004593900320485,0.9651301711174454,3778.0815449627366,-111.39988647930971,-740.7817955617357,10047.477305812505,3,1,0,0
SYN_002,synthetic,synthetic_track_2,DRV_02,83.4,1,32.15114655102658,-1.3931943355884613,-0.9891688042340226,-0.1467824128778163,0.7265541432620647,0.31333128649506614,0.12933010166343567,0.375,0.0,0.09271677547056563,0.44632325706807746,26.99450620517674,40.610400125907276,0.0,4.004593900320485,0.9649874800616055,3784.511774272942,-107.13489765242826,-740.7455383753729,9825.469106276912,3,1,0,0
SYN_002,synthetic,synthetic_track_2,DRV_02,83.60000000000001,1,31.885105829133504,-1.330203609465368,-0.9902793878864345,-0.13909253728100732,0.7277907258217197,0.3155163754804574,0.12414640851990562,0.375,0.0,0.13979219320171912,0.44805647224819994,26.99450620517674,40.610400125907276,0.0,4.004593900320485,0.9648460150167809,3790.8887954387687,-100.69695279141985,-740.4209186664775,9760.570524591374,3,1,0,0
SYN_002,synthetic,synthetic_track_2,DRV_02,83.80000000000001,1,31.796224562018008,-0.444406335577483,-0.9913217411617882,-0.1314579989957273,0.729017076045917,0.32989251430794936,0.10530470741238793,0.375,0.0,0.13992949818666883,0.4472242691714244,26.99450620517674,40.610400125907276,0.0,4.004593900320485,0.9647057205511328,3797.248040351172,-94.21396819553965,-739.7654480409484,10082.147612948833,3,1,0,0
SYN_002,synthetic,synthetic_track_2,DRV_02,84.0,1,31.774044287508286,-0.11090137254861077,-0.9923025773315026,-0.12383696952549092,0.7302400077598408,0.33828808107600944,0.09439977386898833,0.375,0.0,0.09297472925559418,0.4453120846277614,26.99450620517674,40.610400125907276,0.0,4.004593900320485,0.9645658171630599,3803.602849208674,-89.86915503583221,-739.1413434525346,9679.17287357269,3,1,0,0
SYN_002,synthetic,synthetic_track_2,DRV_02,84.2,1,31.818682593588733,0.22319153040223583,-0.9932242029387478,-0.11621395224623077,0.7314620863862834,0.350858978782718,0.07844632947783418,0.375,0.0,0.13844831008687927,0.4405527017730629,26.99450620517674,40.610400125907276,0.0,4.004593900320485,0.9644260113681948,3809.9665857273917,-83.32138971933371,-737.9201010992904,9976.555585332426,3,1,0,0
SYN_002,synthetic,synthetic_track_2,DRV_02,84.4,1,31.97624367695312,0.7878054168219428,-0.9940884395345416,-0.10857335945700512,0.7326858818706522,0.35577354550698204,0.07139287568793005,0.375,0.0,0.09132876399153339,0.43622216853732054,26.99450620517674,40.610400125907276,0.0,4.004593900320485,0.9642860091647831,3816.3618344627826,-78.93820013332663,-736.913637982361,9834.226099742757,3,1,0,0
SYN_002,synthetic,synthetic_track_2,DRV_02,84.60000000000001,1,32.12031971949832,0.7203802127259884,-0.9948977422788189,-0.10088846519056978,0.7339157373966889,0.36489267884380633,0.05927311638528546,0.375,0.0,0.135082958001203,0.4281899051482567,26.99450620517674,40.610400125907276,0.0,4.004593900320485,0.9641453136926045,3822.785898406682,-72.34075061727376,-735.1122188852383,9933.397593620553,3,1,0,0
SYN_002,synthetic,synthetic_track_2,DRV_02,84.80000000000001,1,32.421679839399175,1.506800599504281,-0.9956508814285715,-0.09316288053999164,0.7351511343089773,0.37738567767428927,0.04468467982811959,0.375,0.0,0.08854800793485465,0.4219360323317661,26.99450620517674,40.610400125907276,0.0,4.004593900320485,0.9640039842858387,3829.270234374562,-67.93005931067077,-733.7152292229609,10310.398889515542,3,1,0,0
SYN_002,synthetic,synthetic_track_2,DRV_02,85.0,1,32.785534690311636,1.819274254562302,-0.996350249833349,-0.08535912169781888,0.736398121995108,0.38814187820493723,0.0310589980232529,0.375,0.0,0.13021716239593287,0.41142747773722815,26.99450620517674,40.610400125907276,0.0,4.004593900320485,0.9638613288945453,3835.827341312624,-61.300381072841574,-731.3236216227158,9873.814816784985,3,1,0,0
SYN_002,synthetic,synthetic_track_2,DRV_02,85.2,1,33.09724211274749,1.558537112179259,-0.9969952696106235,-0.07746245783629745,0.7376591040985815,0.38442640516489857,0.03472716540789609,0.375,0.0,0.08490782195278188,0.40379797736533357,26.99450620517674,40.610400125907276,0.0,4.004593900320485,0.963717072541908,3842.4467897351733,-56.87454169775093,-729.5309714635619,10161.252632504435,3,1,0,0
SYN_002,synthetic,synthetic_track_2,DRV_02,85.4,1,33.560781612633036,2.3176974994277444,-0.9975829416763762,-0.06948578614585746,0.7389320749490718,0.3972968281045261,0.01742183420124352,0.375,0.0,0.12427614138833408,0.39162943513403037,26.99450620517674,40.610400125907276,0.0,4.004593900320485,0.9635714446766119,3849.1589460576997,-50.232156292005996,-726.5438589280997,10105.102465019894,3,1,0,0
SYN_002,synthetic,synthetic_track_2,DRV_02,85.60000000000001,1,34.04177126908724,2.404948282271029,-0.9981136791722928,-0.06139286154879349,0.7402228742418653,0.40154978845469363,0.013574239953558564,0.375,0.0,0.08069067007454578,0.38314993315244006,26.99450620517674,40.610400125907276,0.0,4.004593900320485,0.9634237772375163,3855.967300311517,-45.804791833271025,-724.3536323653096,9992.36786573382,3,1,0,0
SYN_002,synthetic,synthetic_track_2,DRV_02,85.80000000000001,1,34.627427527937634,2.92828129425196,-0.9985849518131759,-0.053179827117783615,0.7415321731368302,0.41061231873257276,0.0012041201645291658,0.375,0.0,0.11766868953363799,0.37006143253056784,26.99450620517674,40.610400125907276,0.0,4.004593900320485,0.9632739934439323,3862.8927858171046,-39.17095234227944,-720.7706423830795,9993.006418046876,3,1,0,0
SYN_002,synthetic,synthetic_track_2,DRV_02,86.0,1,35.18346425070304,2.7801836138270275,-0.9989949978337026,-0.04482180611310267,0.7428639972725201,0.411894432304284,0.0,0.375,0.0,0.11353401091642487,0.35672209283986495,26.99450620517674,40.610400125907276,0.0,4.004593900320485,0.9631216327628094,3869.9294786672453,-32.553024387801884,-716.8320770171299,10152.051506324595,3,1,0,0
SYN_002,synthetic,synthetic_track_2,DRV_02,86.2,1,35.65353800647934,2.3503687788814887,-0.9993399798580086,-0.0363263631181951,0.7442172074360087,0.4168809593482359,0.005450458511549899,0.375,0.0,0.10935106280896001,0.34331776120513413,26.99450620517674,40.610400125907276,0.0,4.004593900320485,0.9629668255201063,3877.060186268541,-25.959382369838696,-712.5407817353238,9957.749766460714,3,1,0,0
SYN_002,synthetic,synthetic_track_2,DRV_02,86.4,1,36.17248695270488,2.5947447311277116,-0.9996158728340522,-0.027714739367637686,0.7455884973593349,0.4217288853774127,0.0038760632728143843,0.375,0.0,0.07057724704547426,0.33442215489607136,26.99450620517674,40.610400125907276,0.0,4.004593900320485,0.9628099499528777,3884.2946836590822,-21.581328132890903,-709.4858805738209,10265.459567502017,3,1,0,0
SYN_002,synthetic,synthetic_track_2,DRV_02,86.60000000000001,1,36.781061426360495,3.0428723682780756,-0.9998199457414237,-0.018975671203319163,0.7469797468575158,0.4394199279539686,0.000678712560156722,0.375,0.0,0.1024111501805949,0.32123309108709214,26.99450620517674,40.610400125907276,0.0,4.004593900320485,0.9626507910102858,3891.6508959443545,-15.047213886676284,-704.6161395075457,9970.394378905825,3,1,0,0
SYN_002,synthetic,synthetic_track_2,DRV_02,86.80000000000001,1,37.42021045657978,3.195745151096432,-0.9999491139057518,-0.010088091945550798,0.7483944030662221,0.44978289584703546,0.0018547559713052333,0.375,0.0,0.09833058770003017,0.3083173126393591,26.99450620517674,40.610400125907276,0.0,4.004593900320485,0.9624889543400099,3899.1349380356705,-8.560405787664806,-699.4068720529424,10339.40512214951,3,1,0,0
SYN_002,synthetic,synthetic_track_2,DRV_02,87.0,1,38.055713874772046,3.1775170909613237,-0.9999994537172986,-0.0010452583912176376,0.7498336419299366,0.459743146572973,0.002911145527812921,0.375,0.0,0.09434788247633355,0.2957496133758368,26.99450620517674,40.610400125907276,0.0,4.004593900320485,0.9623243054140009,3906.746080810625,-2.1296336182062596,-693.8651422261446,10669.414015487002,3,1,0,0
SYN_002,synthetic,synthetic_track_2,DRV_02,87.2,1,38.69977433684629,3.220302310371217,-0.9999667781565341,0.008151232007552765,0.7512973232328125,0.47442186473146186,7.070381382590226e-05,0.375,0.0,0.09048266141510207,0.28358157066640244,26.99450620517674,40.610400125907276,0.0,4.004593900320485,0.962156860272952,3914.486035677994,4.236409599675002,-687.9991586457159,10284.20810180982,3,1,0,0
SYN_002,synthetic,synthetic_track_2,DRV_02,87.4,1,39.3896778991568,3.4495178115525604,-0.9998468168250427,0.017502653651073837,0.752785776091922,0.48680790157204,0.0,0.5,0.0,0.08674785215045697,0.2718450726785381,26.99450620517674,40.610400125907276,0.0,4.004593900320485,0.9619865812658698,3922.3639712578256,10.529125928059127,-681.8182620815916,11454.685217323422,4,1,0,0
SYN_002,synthetic,synthetic_track_2,DRV_02,87.60000000000001,1,40.022048327714316,3.1618521427875734,-0.9996349145903051,0.027019206724726682,0.754300763703428,0.49087689789966515,0.0057993865139285925,0.5,0.0,0.08315076201603766,0.26055566416339476,26.99450620517674,40.610400125907276,0.0,4.004593900320485,0.9618132666831135,3930.3683809233685,16.74007079269987,-675.33290774848,11474.55279862856,4,1,0,0
SYN_002,synthetic,synthetic_track_2,DRV_02,87.80000000000001,1,40.731689873840345,3.5482077306301463,-0.9993268410884371,0.03668602840599697,0.755840073254494,0.5090937962156674,0.0006640028843227347,0.5,0.0,0.07969407765428106,0.2497155805532182,26.99450620517674,40.610400125907276,0.0,4.004593900320485,0.9616371696704715,3938.5147188981364,22.861010862215792,-668.5546423808518,11515.697396305864,4,1,0,0
SYN_002,synthetic,synthetic_track_2,DRV_02,88.0,1,41.55933412804499,4.1382212710232125,-0.9989173249303483,0.04652072606910654,0.7574066767111801,0.5338448364920534,0.0,0.5,0.0,0.1011220482960256,0.23594528796616693,26.99450620517674,40.610400125907276,0.0,4.004593900320485,0.9614579502350267,3946.826585723745,30.8685358896101,-659.0832603013038,11583.498605982235,4,1,0,0
SYN_002,synthetic,synthetic_track_2,DRV_02,88.2,1,42.32998411948521,3.8532499572011147,-0.9983997340116846,0.05655060676418509,0.7590051126391818,0.5398668258147438,0.0,0.5,0.0,0.07216317225441483,0.22610665138224986,26.99450620517674,40.610400125907276,0.0,4.004593900320485,0.9612750891648633,3955.2925825476423,36.749058467656255,-651.6723507783607,11754.426198014266,4,1,0,0
SYN_002,synthetic,synthetic_track_2,DRV_02,88.4,1,43.161760251107765,4.158880658112771,-0.9977690221724395,0.06676060509802258,0.7606331889514697,0.547136865257846,0.0,0.5,0.0,0.06915151021355352,0.21665978711663741,26.99450620517674,40.610400125907276,0.0,4.004593900320485,0.9610888372347376,3963.9249345978637,42.51438193095879,-644.0145042857987,11833.937299562012,4,1,0,0
SYN_002,synthetic,synthetic_track_2,DRV_02,88.60000000000001,1,43.99398550079868,4.161126248454572,-0.9970184114917163,0.07716402754220834,0.7622932566534353,0.5670261715491667,0.0,0.5,0.0,0.08771952793321534,0.2046213756063578,26.99450620517674,40.610400125907276,0.0,4.004593900320485,0.9608989254896327,3972.7237316980236,50.010815804418584,-633.4475073723286,11803.698118419918,4,1,0,0
SYN_002,synthetic,synthetic_track_2,DRV_02,88.80000000000001,1,44.80562815666129,4.058213279313065,-0.9961417008719584,0.08775939712601549,0.7639853330188507,0.5740318372614439,0.0,0.5,0.0,0.06256544478058235,0.1959667892636121,26.99450620517674,40.610400125907276,0.0,4.004593900320485,0.9607053519534292,3981.684857329356,55.48225342322579,-625.2767832028674,11699.252430017548,4,1,0,0
SYN_002,synthetic,synthetic_track_2,DRV_02,89.0,1,45.69200716186776,4.431895026032322,-0.995133087147067,0.09854003686394594,0.7657086264094916,0.5914448780173089,0.0,0.5,0.0,0.07929899523120287,0.1848562434233534,26.99450620517674,40.610400125907276,0.0,4.004593900320485,0.9605082071895399,3990.8232587617294,62.565986160623105,-614.0891489764269,11721.641295653884,4,1,0,0
SYN_002,synthetic,synthetic_track_2,DRV_02,89.2,1,46.5444379866136,4.262154123729225,-0.9939843673523664,0.10952204097402471,0.7674660113003325,0.5941848226237286,0.0003003761572133951,0.5,0.0,0.056485973603851804,0.17679411885259694,26.99450620517674,40.610400125907276,0.0,4.004593900320485,0.9603071623580276,4000.132146359052,67.71402049703116,-605.5027141989198,11526.63804832126,4,1,0,0
SYN_002,synthetic,synthetic_track_2,DRV_02,89.4,1,47.43073035254167,4.431461829640355,-0.9926896149792874,0.12069518761025298,0.7692561819921254,0.6148549689841086,0.0008822704255879518,0.5,0.0,0.07145326849690282,0.166327081170412,26.99450620517674,40.610400125907276,0.0,4.004593900320485,0.9601023668308866,4009.6182924295604,74.3508457743855,-593.8303112524267,11954.144743207065,4,1,0,0
SYN_002,synthetic,synthetic_track_2,DRV_02,89.60000000000001,1,48.336632269955324,4.5295095870682545,-0.9912410085684528,0.13206537370634536,0.7710804408518386,0.6431476137958878,0.0,0.5,0.0,0.06714485281027964,0.15608831082056218,26.99450620517674,40.610400125907276,0.0,4.004593900320485,0.9598936716173354,4019.2856188835513,80.72127518920811,-581.9461437062143,11893.449034730265,4,1,0,0
SYN_002,synthetic,synthetic_track_2,DRV_02,89.80000000000001,1,49.180991682180625,4.221797061126509,-0.9896307523249859,0.1436348636393075,0.7729395420929907,0.6340367865990039,0.010495110118822726,0.5,0.0,0.04757668523145655,0.1484937849613036,26.99450620517674,40.610400125907276,0.0,4.004593900320485,0.9596809904353476,4029.1218172199874,85.32109022420848,-572.9237868230025,12025.54861959906,4,1,0,0
SYN_003,synthetic,synthetic_track_0,DRV_03,0.0,1,54.111258353870205,9.232622617939867,0.0,1.0,0.0,0.9981867099023831,0.001813290097616928,0.625,0.0,1.0,0.07614823100266961,29.684619600379932,43.84512288644939,0.022889551991289097,1.3280097912108753,1.0028975528328552,10.822251670774042,780.0,0.0,13927.00875711932,5,1,0,0
SYN_003,synthetic,synthetic_track_0,DRV_03,0.2,1,53.996593222540206,-0.5733256566499989,0.013076206690525243,0.9999145027544039,0.0020812022443796236,0.38899409696156245,0.028092253044051795,0.625,0.0,0.034730255261351664,0.16377457080932387,29.684619600379932,43.84512288644939,0.02331060267895277,1.3280097912108753,1.002533148089799,21.621570315282085,793.1239385815151,11.556900217005655,13296.484821973956,5,1,0,0
SYN_003,synthetic,synthetic_track_0,DRV_03,0.4,1,53.08848439024055,-4.540544161498268,0.026122476800597132,0.9996587498770779,0.004157994291400401,0.301305355495562,0.14568215722971653,0.625,0.0,0.043327708874954206,0.1794710200946638,29.684619600379932,43.84512288644939,0.023731641703189414,1.3280097912108753,1.0021692513723488,32.23926719333019,806.0731221383552,23.30676279823038,13549.813603618515,5,1,0,0
SYN_003,synthetic,synthetic_track_0,DRV_03,0.6000000000000001,1,51.87536148119394,-6.065614545233053,0.03894501198478202,0.9992413552498242,0.006199859075640421,0.2530089534958862,0.21044134371943465,0.625,0.0,0.04735389565769922,0.19569176903886928,29.684619600379932,43.84512288644939,0.02415265740089509,1.3280097912108753,1.00180935733172,42.614339489568984,818.7906928809939,35.23050343365672,13332.359395328667,5,1,0,0
SYN_003,synthetic,synthetic_track_0,DRV_03,0.8,1,50.399835083916635,-7.3776319863865325,0.0514683634517304,0.9986746254729818,0.008195065286455574,0.21994436425200076,0.2541812643486893,0.625,0.0,0.0515324757433803,0.21259684288936878,29.684619600379932,43.84512288644939,0.024573638109612016,1.3280097912108753,1.0014548115285877,52.69430650635231,831.2206360147133,47.30717552850553,13135.926988919675,5,1,0,0
SYN_003,synthetic,synthetic_track_0,DRV_03,1.0,1,48.827423352024965,-7.862058659458349,0.06362777582097472,0.9979737001264491,0.01013352048199083,0.20786949036411298,0.2720416948048833,0.5,0.0,0.05590505718503009,0.23035617890754248,29.684619600379932,43.84512288644939,0.024994572167851635,1.3280097912108753,1.0011067720367468,62.45979117675731,843.3081836170977,59.51407757942114,12213.417931962607,4,1,0,0
SYN_003,synthetic,synthetic_track_0,DRV_03,1.2000000000000002,1,47.14205256192869,-8.426853950481359,0.07539884604314599,0.9971534556001709,0.012011498303222559,0.17957886413109692,0.3039156157889202,0.5,0.0,0.06051603054665961,0.24915181819700905,29.684619600379932,43.84512288644939,0.025415447915417645,1.3280097912108753,1.000765668649728,71.88820168914305,855.00020807652,71.82687972856732,12228.61089056319,4,1,0,0
SYN_003,synthetic,synthetic_track_0,DRV_03,1.4000000000000001,1,45.50310236252764,-8.194750997005258,0.08675367283903282,0.9962297928936567,0.013824654170989048,0.1857431232293248,0.29905002976786244,0.5,0.0,0.06541310260887014,0.26917991442473443,29.684619600379932,43.84512288644939,0.025836253693728987,1.3280097912108753,1.0004320018849622,80.98882216164857,866.2456017600592,84.21976855706046,11958.234386253658,4,1,0,0
SYN_003,synthetic,synthetic_track_0,DRV_03,1.6,1,44.00762102941195,-7.477406665578457,0.09770307261649641,0.9952156096049215,0.015574773492624726,0.19773054140528162,0.2821455801113363,0.5,0.0,0.05247455994299926,0.2851366366351951,29.684619600379932,43.84512288644939,0.02625697784614282,1.3280097912108753,1.000105570988843,89.79034636753096,874.3571350903902,93.55071338363496,11614.941882334717,4,1,0,0
SYN_003,synthetic,synthetic_track_0,DRV_03,1.8,1,42.47953426720739,-7.640433811022795,0.10828139087187946,0.9941202846692403,0.01726737430144826,0.18774326774274833,0.29550854832868706,0.5,0.0,0.07482859342067395,0.30784149066952354,29.684619600379932,43.84512288644939,0.026677608718277384,1.3280097912108753,0.999785748194673,98.28625322097244,884.7053076730238,106.01776485741306,11836.608111694517,4,1,0,0
SYN_003,synthetic,synthetic_track_0,DRV_03,2.0,1,41.00203906947172,-7.387475988678354,0.11848079266808342,0.9929563443418561,0.0189012025424947,0.1986050472102662,0.2808924760390433,0.5,0.0,0.06000761684893015,0.32607396702784597,29.684619600379932,43.84512288644939,0.02709813465833487,1.3280097912108753,0.99947268046188,106.48666103486678,892.0921048119966,115.37152765221074,11448.925151073281,4,1,0,0
SYN_003,synthetic,synthetic_track_0,DRV_03,2.2,1,39.66593696174338,-6.68051053864172,0.12831361544223546,0.9917336417063516,0.02047820404516669,0.21406750162246935,0.2622467637858361,0.5,0.0,0.06356754146646319,0.3454573540218862,29.684619600379932,43.84512288644939,0.027518544017424155,1.3280097912108753,0.9991661486822476,114.41984842721546,899.1387699269857,124.7143531825354,11542.49417753979,4,1,0,0
SYN_003,synthetic,synthetic_track_0,DRV_03,2.4000000000000004,1,38.26194359324062,-7.019966842513767,0.13781404483304854,0.9904581207939862,0.022003817005233742,0.19934902720499748,0.28189085476763376,0.375,0.0,0.09069235640867133,0.37328554748666226,29.684619600379932,43.84512288644939,0.02793882514988351,1.3280097912108753,0.9988655342198781,122.07223714586358,907.9774632367511,137.13238547938477,10468.837798996326,3,1,0,0
SYN_003,synthetic,synthetic_track_0,DRV_03,2.6,1,36.91223010924583,-6.748567419973952,0.14696621340708851,0.9891415126850062,0.023475430220358383,0.20260416830654351,0.27611098845151255,0.375,0.0,0.07279963856671055,0.3957928167233573,29.684619600379932,43.84512288644939,0.02835896641360317,1.3280097912108753,0.9985711392889519,129.45468316771274,914.169654674521,146.39986526637063,10023.390635497246,3,1,0,0
SYN_003,synthetic,synthetic_track_0,DRV_03,2.8000000000000003,1,35.80829373327703,-5.519681879844001,0.15578363440903642,0.9877912022539539,0.024895131378406297,0.23192807281168182,0.23882237548812973,0.375,0.0,0.05096238333476647,0.41164036132215903,29.684619600379932,43.84512288644939,0.028778956170347852,1.3280097912108753,0.998282728549448,136.61634191436815,918.0822267111841,152.5490335140124,10190.498019851717,3,1,0,0
SYN_003,synthetic,synthetic_track_0,DRV_03,3.0,1,34.636640481308795,-5.858266259841187,0.16432551371988938,0.9864061666173293,0.026272373445070798,0.22267877310082332,0.24966396045864317,0.375,0.0,0.08030729693760581,0.436757943352967,29.684619600379932,43.84512288644939,0.02919878278607913,1.3280097912108753,0.997999224072302,143.5436700106299,923.6186374502411,161.71939814685143,9941.743065396875,3,1,0,0
SYN_003,synthetic,synthetic_track_0,DRV_03,3.2,1,33.5658305688447,-5.354049562320462,0.17257620028689313,0.9849961700913046,0.027604551925121137,0.2277498959640131,0.24489413839968613,0.375,0.0,0.08522410675049712,0.4635828580623005,29.684619600379932,43.84512288644939,0.029618434631277703,1.3280097912108753,0.9977209273006247,150.25683612439886,928.7462458178175,170.81412193246135,9800.131925528874,3,1,0,0
SYN_003,synthetic,synthetic_track_0,DRV_03,3.4000000000000004,1,32.425248779502716,-5.7029089467099325,0.18056028212990757,0.983563919893958,0.028895545408538243,0.21884558751790104,0.25529073154326815,0.375,0.0,0.09047312372760057,0.4922049070107197,29.684619600379932,43.84512288644939,0.03003790008126556,1.3280097912108753,0.9974473980111254,156.7418858802994,933.4551893822511,179.8202496273205,10529.36952307163,3,1,0,0
SYN_003,synthetic,synthetic_track_0,DRV_03,3.6,1,31.435856547917925,-4.946961157923955,0.18826178536071625,0.9821188829122448,0.03014267036159604,0.23549143281428356,0.23306859887780354,0.375,0.0,0.06340253629800606,0.5123189315598811,29.684619600379932,43.84512288644939,0.030457167516527963,1.3280097912108753,0.9971789466859169,163.029057189883,936.3576459200141,185.76877256200962,10098.935700816344,3,1,0,0
SYN_003,synthetic,synthetic_track_0,DRV_03,3.8000000000000003,1,30.362084742929238,-5.36885902494344,0.19571726124097694,0.9806603661066002,0.03135174176728519,0.22061486683326734,0.249992003968415,0.375,0.0,0.0999981526807778,0.5440681621324455,29.684619600379932,43.84512288644939,0.03087622532303535,1.3280097912108753,0.9969149115751539,169.10147413846883,940.3506506800084,194.59881977509235,10132.532637332994,3,1,0,0
SYN_003,synthetic,synthetic_track_0,DRV_03,4.0,1,29.410928977639717,-4.755778826447603,0.20290735800084547,0.9791979391671107,0.03251951425739785,0.24295305611504123,0.22257011047214656,0.375,0.0,0.07008369299693741,0.5662874464138016,29.684619600379932,43.84512288644939,0.03129506189256503,1.3280097912108753,0.9966556674314261,174.98365993399676,942.7695480276038,200.4182943411661,9640.445149952675,3,1,0,0
SYN_003,synthetic,synthetic_track_0,DRV_03,4.2,1,28.691439389682362,-3.5974479397867754,0.20986179799755772,0.9777310600268523,0.033650703833460915,0.2598690503512772,0.20216672623262474,0.25,0.0,0.07294172191130648,0.5893350993526366,29.684619600379932,43.84512288644939,0.03171366562302274,1.3280097912108753,0.9964006782247871,180.72194781193323,944.9922088328383,206.179741032231,8413.9494606171,2,1,0,0
SYN_003,synthetic,synthetic_track_0,DRV_03,4.4,1,27.75212799704178,-4.696556963202916,0.21663589638671482,0.9762524716469222,0.034754220733064084,0.23659666072619856,0.2302659349631493,0.25,0.0,0.11499566698181837,0.6253939368930923,29.684619600379932,43.84512288644939,0.032132024918764046,1.3280097912108753,0.9961489281027501,186.2723734113416,947.9557464609329,214.7053118926552,8568.903938937436,2,1,0,0
SYN_003,synthetic,synthetic_track_0,DRV_03,4.6000000000000005,1,27.050639660157834,-3.507441684419721,0.2231783162792308,0.9747776357420023,0.03582161027141184,0.2569786016509308,0.20586134184500493,0.25,0.0,0.08052709982651556,0.6503517429141503,29.684619600379932,43.84512288644939,0.032550128190915545,1.3280097912108753,0.9959013877579178,191.68250134337316,949.6832614990868,220.3062113638287,8540.373770689901,2,1,0,0
SYN_003,synthetic,synthetic_track_0,DRV_03,4.800000000000001,1,26.203910054127114,-4.233648030153603,0.2295457055189516,0.9732978830131127,0.03686201948911022,0.2483706129996468,0.2136820114658322,0.25,0.0,0.08372063423794682,0.6759583802761528,29.684619600379932,43.84512288644939,0.032967963857695876,1.3280097912108753,0.9956570142433789,196.9232833541986,951.2116412802503,225.8368973090926,8499.23951733674,2,1,0,0
SYN_003,synthetic,synthetic_track_0,DRV_03,5.0,1,25.495955535749783,-3.5397725918866563,0.23570443419913104,0.9718247885801573,0.037869862183499726,0.2582915552384766,0.200435151749738,0.25,0.0,0.0869901119792608,0.7021125663753659,29.684619600379932,43.84512288644939,0.03338552034473655,1.3280097912108753,0.9954164500930286,202.02247446134854,952.5406947673521,231.29407100730214,8411.984190137247,2,1,0,0
SYN_003,synthetic,synthetic_track_0,DRV_03,5.2,1,24.810622773697375,-3.4266638102620384,0.24168770167441697,0.9703540873615868,0.03885047585795164,0.26404301076885894,0.19305125554130767,0.25,0.0,0.09032103517371394,0.7286852041383347,29.684619600379932,43.84512288644939,0.03380278608540259,1.3280097912108753,0.9951790881664715,206.984599016088,953.6705119724588,236.6745277398142,8295.748688668122,2,1,0,0
SYN_003,synthetic,synthetic_track_0,DRV_03,5.4,1,24.30611010264413,-2.522563355266225,0.24750133209167663,0.9688875531313453,0.03980473058001692,0.27591657165406974,0.17946771040209936,0.25,0.0,0.09369521560439835,0.755516660490734,29.684619600379932,43.84512288644939,0.0342197495211129,1.3280097912108753,0.9949448323955542,211.84582103661683,954.601461862847,241.97516348471396,8389.166774930567,2,1,0,0
SYN_003,synthetic,synthetic_track_0,DRV_03,5.6000000000000005,1,23.705083133973055,-3.005134843355375,0.25318811848204187,0.9674170644864207,0.04073958096858016,0.27247939166654245,0.18346169213540725,0.25,0.0,0.09709046213018564,0.7824146090645515,29.684619600379932,43.84512288644939,0.03463639910166045,1.3280097912108753,0.9947128906369382,216.58683766341144,955.3341897040807,247.19298143737157,8048.067144456236,2,1,0,0
SYN_003,synthetic,synthetic_track_0,DRV_03,5.800000000000001,1,23.173370289284136,-2.6585642234445928,0.25872587284440135,0.9659507869042308,0.04165131493527143,0.2741735363983326,0.18040224760827933,0.25,0.0,0.1004803584823873,0.8091527523179213,29.684619600379932,43.84512288644939,0.03505272328553227,1.3280097912108753,0.9944836910159872,221.22151172126826,955.869613847538,252.32509834133256,8266.861335996391,2,1,0,0
SYN_003,synthetic,synthetic_track_0,DRV_03,6.0,1,22.573001753234028,-3.001842680250544,0.2641312078636468,0.964486757313179,0.04254259840793621,0.2701291226844006,0.18361845019748188,0.25,0.0,0.10383417402879526,0.835470778025046,29.684619600379932,43.84512288644939,0.03546871054022912,1.3280097912108753,0.9942569320103053,225.73611207191507,956.2089219710613,257.3687506139265,8384.05647324932,2,1,0,0
SYN_003,synthetic,synthetic_track_0,DRV_03,6.2,1,22.16317578543261,-2.0491298390070867,0.2693885402351134,0.9630315749704133,0.04341079078306059,0.29587852906978357,0.15227045519320448,0.25,0.0,0.0531540447512925,0.8483819437994884,29.684619600379932,43.84512288644939,0.03588434934258493,1.3280097912108753,0.9940329191618843,230.16874722900158,956.3054762721596,259.85657307515476,8564.654238740788,2,1,0,0
SYN_003,synthetic,synthetic_track_0,DRV_03,6.4,1,21.81888078801271,-1.721474987099505,0.2745426243675779,0.9615749307284186,0.04426322062096184,0.29485303287894216,0.1534896505242438,0.25,0.0,0.1087196989789553,0.8735116165141598,29.684619600379932,43.84512288644939,0.03629962817908606,1.3280097912108753,0.993810817537478,234.5325233866041,956.3534157106284,264.76262294418746,8190.14170730895,2,1,0,0
SYN_003,synthetic,synthetic_track_0,DRV_03,6.6000000000000005,1,21.405359526961117,-2.0676063052579607,0.27960894978937123,0.9601139699002847,0.04510240834357771,0.2916398811678245,0.15731002827651736,0.25,0.0,0.11182198419335851,0.8974366961993403,29.684619600379932,43.84512288644939,0.03671453554619018,1.3280097912108753,0.9935903422518795,238.81359529199634,956.2093571408421,269.5738609681488,8473.249866564342,2,1,0,0
SYN_003,synthetic,synthetic_track_0,DRV_03,6.800000000000001,1,21.122319455250995,-1.41520035855061,0.2845717026876733,0.9586547585181219,0.04592569140230699,0.3003482116859909,0.14757638813893662,0.25,0.0,0.11475009404247553,0.9198035716675125,29.684619600379932,43.84512288644939,0.03712905995064496,1.3280097912108753,0.9933718013486245,243.03805918304653,955.8753936281892,274.28798734723796,8176.6828191005925,2,1,0,0
SYN_003,synthetic,synthetic_track_0,DRV_03,7.0,1,20.85084131039689,-1.3573907242705197,0.28946137010694384,0.9571896965679326,0.046738088304432025,0.297682117081856,0.14838302076368254,0.25,0.0,0.05840625622244793,0.9302891032703384,29.684619600379932,43.84512288644939,0.037543189909806415,1.3280097912108753,0.9931546241552729,247.2082274451259,955.6379190249137,276.6079543087411,7903.540806733683,2,1,0,0
SYN_003,synthetic,synthetic_track_0,DRV_03,7.2,1,20.495856683462517,-1.774923134671873,0.29428079558189413,0.9557190033433924,0.04754004373944729,0.3024546741650164,0.14378176103873683,0.25,0.0,0.11871604992288823,0.9496365393845837,29.684619600379932,43.84512288644939,0.037956913951957015,1.3280097912108753,0.992938763240862,251.30739878181842,955.0235587948383,281.17241806169534,7664.87609130851,2,1,0,0
SYN_003,synthetic,synthetic_track_0,DRV_03,7.4,1,20.268420503291207,-1.1371809008565492,0.299010889228174,0.954249699042644,0.04832834591958046,0.3128537609068939,0.12996425453422375,0.25,0.0,0.06023765847971892,0.9584090107367623,29.684619600379932,43.84512288644939,0.03837022061662342,1.3280097912108753,0.992724589472055,255.36108288247667,954.6473471451053,283.41643222348574,7659.39716988042,2,1,0,0
SYN_003,synthetic,synthetic_track_0,DRV_03,7.6000000000000005,1,20.169090548807265,-0.4966497724197083,0.3036812810320405,0.9527736769824925,0.04910790055432244,0.31420768314702635,0.1284635148971066,0.25,0.0,0.12203347601628975,0.9739373457199267,29.684619600379932,43.84512288644939,0.038783098454894,1.3280097912108753,0.9925115450703592,259.3949009922381,953.7586532730038,287.82689129312956,8261.111732216883,2,1,0,0
SYN_003,synthetic,synthetic_track_0,DRV_03,7.800000000000001,1,19.932740935724393,-1.1817480654143608,0.30832155250325427,0.9512821980159111,0.04988363480619963,0.3076239195398753,0.13614901471334165,0.25,0.0,0.12381251852770811,0.9865145952697287,29.684619600379932,43.84512288644939,0.0391955360297359,1.3280097912108753,0.9922990697994919,263.38144917938297,952.6908181648776,292.132528443643,8155.41528704319,2,1,0,0
SYN_003,synthetic,synthetic_track_0,DRV_03,8.0,1,19.78962971550433,-0.7155561011003186,0.31290025137384764,0.9497859931006474,0.050650278688342876,0.32073502242043017,0.1205568511397399,0.25,0.0,0.06245258932935988,0.9916083799701916,29.684619600379932,43.84512288644939,0.039607521916311936,1.3280097912108753,0.9920877699734018,267.33937512248383,952.090730832522,294.24555304892596,7992.477920338205,2,1,0,0
SYN_003,synthetic,synthetic_track_0,DRV_03,8.200000000000001,1,19.67504410558595,-0.5729280495918943,0.31743889452673135,0.9482787291939258,0.05141141829278535,0.3191310690394926,0.12157030053724077,0.25,0.0,0.1257382331848442,0.9992595835866217,29.684619600379932,43.84512288644939,0.04001904470229703,1.3280097912108753,0.9918772387668581,271.27438394360104,950.7603480416913,298.39113265831077,7954.924107301059,2,1,0,0
SYN_003,synthetic,synthetic_track_0,DRV_03,8.4,1,19.613510718443294,-0.3076669357132822,0.3219440610461511,0.9467586923588883,0.05216815075838482,0.32093937795392946,0.11858302575830268,0.25,0.0,0.06317675218180509,1.0017703251459935,29.684619600379932,43.84512288644939,0.040430092988194326,1.3280097912108753,0.9916673540870244,275.1970860872897,950.0309433195368,300.4233662904547,8192.591923138532,2,1,0,0
SYN_003,synthetic,synthetic_track_0,DRV_03,8.6,1,19.59430115554783,-0.09604781447732691,0.3264278937412532,0.9452221062732553,0.05292251655524802,0.32466844205261763,0.11442927828594184,0.25,0.0,0.12668715169773032,1.0040790543896208,29.684619600379932,43.84512288644939,0.040840655387651005,1.3280097912108753,0.9914578859200261,279.11594631839927,948.4460261424206,304.4059971304092,7904.069337909854,2,1,0,0
SYN_003,synthetic,synthetic_track_0,DRV_03,8.8,1,19.5685621590933,-0.1286949822726413,0.3309000122719812,0.9436658210820199,0.05367614352276909,0.3302194217531727,0.1085969497328546,0.25,0.0,0.06339522880476592,1.0038582229452304,29.684619600379932,43.84512288644939,0.04125072052777367,1.3280097912108753,0.9912486514529049,283.02965875021795,947.5914768864812,306.356136804249,8560.74124233969,2,1,0,0
SYN_003,synthetic,synthetic_track_0,DRV_03,9.0,1,19.4385101020177,-0.6502602853780104,0.3353588515056906,0.942090463128029,0.05442878052888807,0.32152809419803013,0.11632930241573189,0.125,0.0,0.1266032627417658,1.000656595689866,29.684619600379932,43.84512288644939,0.041660277049443376,1.3280097912108753,0.9910396828229041,286.9173607706215,945.7606905855456,310.1735019906486,6938.886765707249,1,1,0,0
SYN_003,synthetic,synthetic_track_0,DRV_03,9.200000000000001,1,19.547670593254416,0.5458024561835906,0.3397806326184372,0.9405047164673948,0.05517641553281182,0.33778325751971505,0.09683304686486188,0.25,0.0,0.1259682597949125,0.993820702016669,29.684619600379932,43.84512288644939,0.04206931360763033,1.3280097912108753,0.9908314424109992,290.82689488927235,943.7711060537657,313.87969225337315,7850.291145567621,2,1,0,0
SYN_003,synthetic,synthetic_track_0,DRV_03,9.4,1,19.619319254149893,0.3582433044773836,0.3442196837361639,0.9388891358028248,0.05592824901716776,0.33762411055758607,0.0977405740177972,0.25,0.0,0.06260397346173156,0.9890752438907394,29.684619600379932,43.84512288644939,0.04247781887170808,1.3280097912108753,0.9906228810811655,294.75075874010236,942.7180981090871,315.69090461334474,8102.09236131946,2,1,0,0
SYN_003,synthetic,synthetic_track_0,DRV_03,9.600000000000001,1,19.68165610124142,0.3116842354576299,0.34866728167819944,0.9372465666446237,0.05668283821925045,0.33382634831925995,0.1002486759018636,0.25,0.0,0.12417356310581286,0.9770395706916774,29.684619600379932,43.84512288644939,0.04288578152576748,1.3280097912108753,0.9904141672802295,298.68708996035065,940.4984049672969,319.22927659159495,8200.586134217467,2,1,0,0
SYN_003,synthetic,synthetic_track_0,DRV_03,9.8,1,19.75366426796634,0.36004083362460193,0.3531211358119499,0.9355776095241263,0.05743982499237513,0.34170535031363763,0.09188073161997284,0.25,0.0,0.06146469825777379,0.9698056261734737,29.684619600379932,43.84512288644939,0.043293190268930054,1.3280097912108753,0.9902053453704351,302.6378228139439,939.3328496146269,320.9563548336058,8024.687619225799,2,1,0,0
SYN_003,synthetic,synthetic_track_0,DRV_03,10.0,1,19.886642996032602,0.6648936403313144,0.3575832526049808,0.933881265181202,0.058199581310373824,0.3459672431031235,0.08526917163753281,0.25,0.0,0.12143770174358624,0.9530721550100554,29.684619600379932,43.84512288644939,0.04370003381566111,1.3280097912108753,0.9899963761836368,306.61515141315044,936.8932124985026,324.32617650900244,7998.236068272216,2,1,0,0
SYN_003,synthetic,synthetic_track_0,DRV_03,10.200000000000001,1,19.92821284752432,0.2078492574585944,0.36206717637398955,0.932152004660488,0.05896445219483663,0.34267814775912464,0.08860031888547593,0.25,0.0,0.05988071426876493,0.9436478974940145,29.684619600379932,43.84512288644939,0.04410630089608232,1.3280097912108753,0.989786994830328,310.6007939826553,935.620312402262,325.9689059585424,7859.967309431669,2,1,0,0
SYN_003,synthetic,synthetic_track_0,DRV_03,10.4,1,20.144919081567146,1.0835311702141226,0.3665520844865727,0.9303975329710137,0.05973092191974141,0.35864638719929554,0.0687757189235747,0.25,0.0,0.1178731444446653,0.9228886658918904,29.684619600379932,43.84512288644939,0.04451198025628392,1.3280097912108753,0.9895776068857383,314.62977779896875,932.9713622261637,329.17005163008093,8048.181623093839,2,1,0,0
SYN_003,synthetic,synthetic_track_0,DRV_03,10.600000000000001,1,20.323714378408315,0.8939764842058473,0.3710771221913782,0.9286020511425576,0.06050572649980168,0.35745583591897184,0.07074480557948624,0.25,0.0,0.057915596824698046,0.9116399645531277,29.684619600379932,43.84512288644939,0.04491706065863643,1.3280097912108753,0.9893674451210737,318.6945206746504,931.5965395022097,330.72852149089954,8284.860264898703,2,1,0,0
SYN_003,synthetic,synthetic_track_0,DRV_03,10.8,1,20.563129404969494,1.197075132805896,0.37563340948534285,0.9267683322591557,0.061287407822048154,0.36278107738307125,0.0625919032817411,0.25,0.0,0.1136179600905618,0.8876260776249648,29.684619600379932,43.84512288644939,0.04532153088210199,1.3280097912108753,0.989156679710769,322.8071465556443,928.7493182735866,333.7614738451406,8123.4329340428585,2,1,0,0
SYN_003,synthetic,synthetic_track_0,DRV_03,11.0,1,20.8112704818389,1.2407053843470273,0.38023414790580146,0.9248902598505128,0.06207829741454698,0.36411248989303574,0.05866803870874979,0.25,0.0,0.11047147070936002,0.8618873936651037,29.684619600379932,43.84512288644939,0.04572537972254515,1.3280097912108753,0.9889450472892541,326.9694006520121,925.776228213594,336.6828656225608,8229.325685084059,2,1,0,0
SYN_003,synthetic,synthetic_track_0,DRV_03,11.200000000000001,1,21.126219891557867,1.5747470485948334,0.3848808441436256,0.9229662701373709,0.06287873089461771,0.3632903135863853,0.059899986363614724,0.25,0.0,0.05399298796792129,0.8484809679604169,29.684619600379932,43.84512288644939,0.04612859599304324,1.3280097912108753,0.9887325128179847,331.1946446303237,924.244090737214,338.10192676723324,8345.208874895905,2,1,0,0
SYN_003,synthetic,synthetic_track_0,DRV_03,11.4,1,21.511022110466172,1.9240110945415267,0.38958790391554254,0.9209892861063553,0.06369127781352378,0.3762597397257217,0.04448100289506153,0.25,0.0,0.10539870616719607,0.820804891050222,29.684619600379932,43.84512288644939,0.04653116852419626,1.3280097912108753,0.988518785691116,335.4968490524169,921.0918922523692,340.85727804277695,8299.652112453487,2,1,0,0
SYN_003,synthetic,synthetic_track_0,DRV_03,11.600000000000001,1,21.968214052743708,2.2859597113876795,0.3943702656860151,0.9189516274226527,0.06451862481777249,0.38200739948820767,0.03668414684628435,0.25,0.0,0.10184350296176259,0.7922423843304262,29.684619600379932,43.84512288644939,0.04693308616443631,1.3280097912108753,0.9883035619017577,339.89049186296563,917.8268627687979,343.5030617055178,8007.12713030482,2,1,0,0
SYN_003,synthetic,synthetic_track_0,DRV_03,11.8,1,22.282425989690047,1.571059684731697,0.3992432708463998,0.9168450308988255,0.0653635561274934,0.37374520095113384,0.04768560179367477,0.25,0.0,0.04955808297023948,0.777721378175783,29.684619600379932,43.84512288644939,0.04733433778033644,1.3280097912108753,0.9880865262751558,344.34697706090367,916.1537010392997,344.7852045061932,8210.034185184917,2,1,0,0
SYN_003,synthetic,synthetic_track_0,DRV_03,12.0,1,22.77399560167399,2.4578480599197228,0.4041744792522257,0.9146819066326786,0.06622057251171225,0.3926468512380839,0.0247235010576888,0.25,0.0,0.09634747179042558,0.7483680186668723,29.684619600379932,43.84512288644939,0.04773491225691909,1.3280097912108753,0.9878683112578264,348.90177618123846,912.7294415824326,347.26876486143965,7951.484865324576,2,1,0,0
SYN_003,synthetic,synthetic_track_0,DRV_03,12.200000000000001,1,23.27429096508579,2.5014768170589896,0.4092023632264918,0.9124436563042423,0.06709649541946894,0.38951848489507357,0.025825797554398025,0.25,0.0,0.09262412694825478,0.7187991698810275,29.684619600379932,43.84512288644939,0.04813479849796401,1.3280097912108753,0.9876481398048654,353.5566343742556,909.2057753442018,349.64584730665956,8544.769867141544,2,1,0,0
SYN_003,synthetic,synthetic_track_0,DRV_03,12.4,1,23.848358720647465,2.8703387778083744,0.41432789187575514,0.9101276822588096,0.06799166045658762,0.4031329557791464,0.009695309807051394,0.25,0.0,0.0888873364718089,0.6892241923988015,29.684619600379932,43.84512288644939,0.048533985426315554,1.3280097912108753,0.9874259768461136,358.3263061183851,905.5881392431963,351.91798700025566,8388.056430875136,2,1,0,0
SYN_003,synthetic,synthetic_track_0,DRV_03,12.600000000000001,1,24.453206391065056,3.0242383520879557,0.4195662458343233,0.9077247189299695,0.06890890502276636,0.4066146381790816,0.004185795335647993,0.25,0.0,0.08516136432595485,0.6598183140546221,29.684619600379932,43.84512288644939,0.04893246198418961,1.3280097912108753,0.9872015011003805,363.21694739659813,901.8819910416407,354.08688578498595,8116.935776394082,2,1,0,0
SYN_003,synthetic,synthetic_track_0,DRV_03,12.8,1,25.022436423590836,2.846150162628902,0.4249229842687996,0.9052295053963373,0.06984941296088426,0.41994262952154077,0.0,0.25,0.0,0.08146624230881169,0.6307241010198292,29.684619600379932,43.84512288644939,0.04933021713347985,1.3280097912108753,0.9869745804474729,368.2214346813163,898.0927976753893,356.1544087959451,8470.073023583673,2,1,0,0
SYN_003,synthetic,synthetic_track_0,DRV_03,13.0,1,25.672895269623293,3.252294230162285,0.4303890564060057,0.9026434845086669,0.0708118143617916,0.4222841457928396,0.0019054531749120925,0.25,0.0,0.07781801212372412,0.602053738987579,29.684619600379932,43.84512288644939,0.049727239856063546,1.3280097912108753,0.9867453749104339,373.35601373524094,894.2260236514182,358.1225807098539,8673.35492062672,2,1,0,0
SYN_003,synthetic,synthetic_track_0,DRV_03,13.200000000000001,1,26.32380631491421,3.254555226454592,0.43598086109979184,0.8999559371184147,0.07179923341062326,0.42953867123992295,0.0029342495109458324,0.25,0.0,0.07422904972997173,0.5738918201181429,29.684619600379932,43.84512288644939,0.050123519154106726,1.3280097912108753,0.9865135303818346,378.6207749982238,890.2871195385652,359.99358164306193,8387.576447463909,2,1,0,0
SYN_003,synthetic,synthetic_track_0,DRV_03,13.4,1,27.03315864599214,3.546761655389634,0.44169701359419716,0.8971642816017408,0.07281168749965843,0.44438852269115214,0.0,0.25,0.0,0.07070843683623343,0.5462983851047543,29.684619600379932,43.84512288644939,0.05051904405036885,1.3280097912108753,0.9862790481651703,384.0274067274222,886.2815105769537,361.76974270650675,8173.8607044930295,2,1,0,0
SYN_003,synthetic,synthetic_track_0,DRV_03,13.600000000000001,1,27.802732107038587,3.847867305232242,0.4475485946480182,0.8942596129919901,0.07385142437065811,0.44873579605054503,0.0035570142395752622,0.25,0.0,0.06726235145751004,0.5193120257558366,29.684619600379932,43.84512288644939,0.05091380358850692,1.3280097912108753,0.9860416744056865,389.5879531488299,882.214585431193,363.4535412266935,8520.6374090019,2,1,0,0
SYN_003,synthetic,synthetic_track_0,DRV_03,13.8,1,28.558245788169646,3.7775684056552983,0.45354683075132135,0.8912324457263842,0.07492076022092883,0.46315053943875933,0.0,0.25,0.0,0.06389445634516426,0.4929529058025418,29.684619600379932,43.84512288644939,0.05130778683337886,1.3280097912108753,0.985801147410954,395.29960230646384,878.0916851120197,365.0475956425588,8437.57639091984,2,1,0,0
SYN_003,synthetic,synthetic_track_0,DRV_03,14.0,1,29.356160573135544,3.989573924829486,0.45968674447159263,0.8880811319677435,0.07601915428970459,0.48005338980585355,0.0,0.375,0.0,0.060606270342538564,0.4672256033952858,29.684619600379932,43.84512288644939,0.051700982871346626,1.3280097912108753,0.9855575323180957,401.17083442109094,873.9180920905831,366.5546600888614,9628.343858938928,3,1,0,0
SYN_003,synthetic,synthetic_track_0,DRV_03,14.200000000000001,1,30.15236119811877,3.981003124916125,0.46597538327985777,0.8847976843195227,0.07714823738867134,0.4899934188147825,0.0,0.375,0.0,0.057397512974203625,0.4421217163096836,29.684619600379932,43.84512288644939,0.052093380810578335,1.3280097912108753,0.9853106458298044,407.2013066607147,869.6990196290428,367.9776186775001,9652.852555998401,3,1,0,0
SYN_003,synthetic,synthetic_track_0,DRV_03,14.4,1,31.076858127785762,4.622484648334968,0.4724101658643446,0.8813788261514015,0.07830794358859898,0.5270942594503173,0.0,0.375,0.0,0.0802489472983978,0.40559073358952213,29.684619600379932,43.84512288644939,0.05248496978135006,1.3280097912108753,0.9850604987493012,413.41667828627186,863.296342502915,369.9609706094626,9866.725820928654,3,1,0,0
SYN_003,synthetic,synthetic_track_0,DRV_03,14.600000000000001,1,32.06397213199692,4.9355700210557885,0.47901599269098133,0.8778061737913864,0.07950320736274459,0.5491134164759001,0.0,0.375,0.0,0.04970860619920334,0.38194379970881065,29.684619600379932,43.84512288644939,0.052875738936346936,1.3280097912108753,0.9848065298270398,419.82947271267125,858.985831878471,371.18708055288283,9456.108475284656,3,1,0,0
SYN_003,synthetic,synthetic_track_0,DRV_03,14.8,1,33.13427802338921,5.351529456961437,0.4858033227308819,0.8740681504457387,0.08073643706012909,0.5863709494929906,0.0,0.375,0.0,0.06904791875342628,0.347441297594144,29.684619600379932,43.84512288644939,0.053265677450963625,1.3280097912108753,0.984548466795274,426.45632831734906,852.4692017364291,372.8902817596468,9961.54907590356,3,1,0,0
SYN_003,synthetic,synthetic_track_0,DRV_03,15.0,1,34.22934198284804,5.475319797294169,0.4927865666622501,0.8701502167541141,0.08201083236872098,0.6016750775453058,0.0,0.375,0.0,0.0424458663081125,0.32502275089079957,29.684619600379932,43.84512288644939,0.05365477452360415,1.3280097912108753,0.9842859468501789,433.30219671391865,848.0977938608079,373.9400861993382,10015.437052135152,3,1,0,0
SYN_003,synthetic,synthetic_track_0,DRV_03,15.200000000000001,1,35.44780052392188,6.092292705369182,0.49996741758047164,0.8660442144359111,0.08332734552190743,0.6579781684162804,0.0,0.375,0.0,0.05842733240635099,0.2921540186224694,29.684619600379932,43.84512288644939,0.05404301937598114,1.3280097912108753,0.9840188642897413,440.391756818703,841.5116707312188,375.39511813186596,9933.523493639872,3,1,0,0
SYN_003,synthetic,synthetic_track_0,DRV_03,15.4,1,36.8393871408602,6.9579330846915965,0.5073678204023288,0.8617295949543513,0.08469072246513519,0.7287816589174517,0.0,0.375,0.0,0.052277980572109264,0.2600506314340528,29.684619600379932,43.84512288644939,0.05443040125341435,1.3280097912108753,0.9837466794042062,447.75963424687507,834.9039308675318,376.7174585170814,10212.585888398728,3,1,0,0
SYN_003,synthetic,synthetic_track_0,DRV_03,15.600000000000001,1,38.35450129945979,7.575570792997972,0.5150192831789656,0.8571785916329364,0.0861076219705529,0.7776739013842224,0.006145426809735889,0.375,0.0,0.04625783319794784,0.22854619951731114,29.684619600379932,43.84512288644939,0.05481690942512865,1.3280097912108753,0.9834686336492721,455.430534506767,828.2887302160701,377.91971626791127,10125.061985340804,3,1,0,0
SYN_003,synthetic,synthetic_track_0,DRV_03,15.8,1,40.1343018496575,8.89900275098853,0.5229420518522658,0.8523682363887934,0.08758279509745519,0.8618714506040129,0.0018180499775812934,0.5,0.0,0.04033545241288615,0.19747605271284813,29.684619600379932,43.84512288644939,0.05520253318455118,1.3280097912108753,0.9831841867157277,463.4573948766985,821.6794188339815,379.01479969394325,11593.69134253579,4,1,0,0
SYN_003,synthetic,synthetic_track_0,DRV_03,16.0,1,42.04053537898555,9.531167646640277,0.5311843557903556,0.8472562659335043,0.08912642209167279,0.9568542553531071,0.0,0.5,0.0,0.03448014257549678,0.1666815421739573,29.684619600379932,43.84512288644939,0.055587261849607994,1.3280097912108753,0.9828921771880722,471.8655019524956,815.0884891296289,380.0158547782581,11963.275930203283,4,1,0,0
SYN_003,synthetic,synthetic_track_0,DRV_03,16.2,1,44.13239391272588,10.459292668701643,0.5397645425034437,0.8418160361124324,0.09074336576009531,0.9951027518729615,0.004897248127038521,0.5,0.0,0.028662730212151523,0.13601404834489295,29.684619600379932,43.84512288644939,0.05597108476301997,1.3280097912108753,0.9825920519583811,480.6919807350408,808.527529200607,380.9362022238596,11952.483500203849,4,1,0,0
SYN_003,synthetic,synthetic_track_0,DRV_03,16.400000000000002,1,46.13738824563852,10.02497166456319,0.5487117082128928,0.836011639434577,0.09244076552596937,1.0,0.0,0.5,0.0,0.029183181677025802,0.09509167045154092,29.684619600379932,43.84512288644939,0.05635399129259798,1.3280097912108753,0.9822829974662916,489.9194583841685,799.8444558244416,382.06100989433565,11926.216408034017,4,1,0,0
SYN_003,synthetic,synthetic_track_0,DRV_03,16.6,1,48.267879101405164,10.652454278833225,0.5579986097634934,0.829841883434434,0.09421528045849394,0.9980650598552968,0.0019349401447031718,0.5,1.0,0.015090937579880719,0.06422996372120268,29.684619600379932,43.84512288644939,0.05673597083153742,1.3280097912108753,0.981965399096329,499.5730342044495,793.3931115638268,382.8453442061098,11992.435134955935,4,1,0,0
SYN_003,synthetic,synthetic_track_0,DRV_03,16.8,1,50.37032887486726,10.51224886731049,0.5676400897857351,0.8232768237160831,0.09607173734700952,0.9916236781352136,0.008376321864786459,0.625,1.0,0.010987144960462726,0.02269615434833833,29.684619600379932,43.84512288644939,0.05711701279871208,1.3280097912108753,0.9816387078381305,509.647099979423,784.8883894695266,383.83763880358464,13259.472088687487,5,1,0,0
SYN_003,synthetic,synthetic_track_0,DRV_03,17.0,1,52.392849816226196,10.11260470679467,0.5776191612796809,0.8163063790774625,0.09800905768835058,0.998008033327938,0.001991966672062064,0.625,1.0,0.00043285153561321995,0.019370967982230043,29.684619600379932,43.84512288644939,0.05749710663896715,1.3280097912108753,0.9813030502390045,520.1256699426682,776.5098103447312,384.7976945991962,13470.057961800721,5,1,0,0
SYN_003,synthetic,synthetic_track_0,DRV_03,17.2,1,54.23543572357602,9.212929536749108,0.5879080928071654,0.8089277312664225,0.10002416729666697,0.9963276993157292,0.003672300684270787,0.625,1.0,-0.010257007071570425,0.06195131255808783,29.684619600379932,43.84512288644939,0.05787624182341171,1.3280097912108753,0.9809587811444797,530.9727570873833,768.2708076834147,385.7564495414418,13598.586686609931,5,1,0,0
SYN_003,synthetic,synthetic_track_0,DRV_03,17.400000000000002,1,55.057058961162745,4.108116187933639,0.5984595764252769,0.8011530037295487,0.10211014559372757,0.672466972455311,0.0,0.625,0.0,-0.028016790440598002,0.11560246954014174,29.684619600379932,43.84512288644939,0.05825440784971031,1.3280097912108753,0.9806066954194064,541.9841688796159,758.1833024732398,386.99877771171305,13372.086314941376,5,1,0,0
SYN_003,synthetic,synthetic_track_0,DRV_03,17.6,1,54.361677109801775,-3.476909256804852,0.6090657458570226,0.7931197370029501,0.10422772478454152,0.32839930476004925,0.10892273425243326,0.625,0.0,-0.034602625214988046,0.15836781732142718,29.684619600379932,43.84512288644939,0.05863159424237396,1.3280097912108753,0.9802512884421781,552.8565043015763,750.2898772164472,388.0628368439663,13348.607504733338,5,1,0,0
SYN_003,synthetic,synthetic_track_0,DRV_03,17.8,1,51.981355858558906,-11.901606256214343,0.6194321796009349,0.7850501734760875,0.1063185585195339,0.11897016276545924,0.3870116173866768,0.625,0.0,-0.045313724964402,0.20028765075102728,29.684619600379932,43.84512288644939,0.059007790553050235,1.3280097912108753,0.9798992381696922,563.252775473288,742.5562860004709,389.21886980833216,13313.518159727684,5,1,0,0
SYN_003,synthetic,synthetic_track_0,DRV_03,18.0,1,49.03615947514615,-14.725981917063784,0.6292447418819307,0.7772072148493878,0.10831784143717077,0.0415878442681406,0.4906028040185611,0.5,0.0,-0.05570161763429985,0.2404468894852094,29.684619600379932,43.84512288644939,0.05938298636081275,1.3280097912108753,0.9795579614615858,573.0600073683172,734.9816933862345,390.4924304288996,12150.793615378469,4,1,0,0
SYN_003,synthetic,synthetic_track_0,DRV_03,18.2,1,45.98318836166688,-15.264855567396332,0.6384103492936637,0.7696961906588484,0.11020384757083024,0.032490276259103015,0.503810589582487,0.5,0.0,-0.06550495072183724,0.2776964089317784,29.684619600379932,43.84512288644939,0.05975717127244984,1.3280097912108753,0.979229946886404,582.2566450406506,727.56208562463,391.90720017765517,11781.560343333727,4,1,0,0
SYN_003,synthetic,synthetic_track_0,DRV_03,18.400000000000002,1,43.205591615867945,-13.88798372899469,0.6469238842435463,0.7625545803385111,0.11197243173858665,0.048464048568480446,0.47905340473382263,0.5,0.0,-0.07440878256260595,0.3107048284906947,29.684619600379932,43.84512288644939,0.060130334922752424,1.3280097912108753,0.9789156717625218,590.8977633638242,720.2904019070903,393.48478923531525,11789.059202067565,4,1,0,0
SYN_003,synthetic,synthetic_track_0,DRV_03,18.6,1,41.02594767952859,-10.898219681696766,0.654850389842729,0.7557585374462042,0.11363418526227388,0.11761658387282323,0.38959916677713996,0.5,0.0,-0.06091171702436757,0.33182547352687874,29.684619600379932,43.84512288644939,0.06050246697480113,1.3280097912108753,0.9786139275437974,599.1029528997299,714.9278328941807,394.78656593262286,11699.192566376349,4,1,0,0
SYN_003,synthetic,synthetic_track_0,DRV_03,18.8,1,39.25511869531426,-8.854144921071665,0.6623109532906863,0.7492290712133255,0.11521210632687114,0.16095978430274838,0.3299242699270198,0.5,0.0,-0.06456585882336958,0.349178505164034,29.684619600379932,43.84512288644939,0.060873557120252664,1.3280097912108753,0.978322086330372,606.9539766387927,709.63772591286,396.198150680893,11247.048199874771,4,1,0,0
SYN_003,synthetic,synthetic_track_0,DRV_03,19.0,1,37.98338660512359,-6.358660450953337,0.6693885547315581,0.7429124866324404,0.11672191858438322,0.2106928620172441,0.2681691326445319,0.375,0.0,-0.09043627585371755,0.36555694304668124,29.684619600379932,43.84512288644939,0.06124359507962533,1.3280097912108753,0.9780383524203009,614.5506539598174,702.6864687249249,398.26216896827447,9872.435453928669,3,1,0,0
SYN_003,synthetic,synthetic_track_0,DRV_03,19.200000000000003,1,36.945269914143594,-5.190583454899986,0.6761795288204291,0.7367368898081476,0.11818281806919566,0.23708308967492267,0.22848261295207764,0.375,0.0,-0.0699623375870669,0.3722424738508509,29.684619600379932,43.84512288644939,0.06161257060258385,1.3280097912108753,0.9777605328623508,621.9397079426461,697.5407662791588,399.95376600779196,10116.403306246297,3,1,0,0
SYN_003,synthetic,synthetic_track_0,DRV_03,19.400000000000002,1,36.37981236066244,-2.827287767405764,0.6827302476829825,0.7306705200695683,0.11960378998897041,0.2800765942852876,0.1714173166366679,0.375,0.0,-0.04713913206514992,0.37388406639003074,29.684619600379932,43.84512288644939,0.061980473468223135,1.3280097912108753,0.9774876028150368,629.2156704147786,694.138347601858,401.1524618592151,10220.944987959923,3,1,0,0
SYN_003,synthetic,synthetic_track_0,DRV_03,19.6,1,36.02725421622153,-1.7627907222045636,0.6891275293088323,0.7246400819363393,0.12100301354130358,0.31709866647217755,0.12451875927409334,0.375,0.0,-0.07073562345586303,0.37204628699082776,29.684619600379932,43.84512288644939,0.06234729348535166,1.3280097912108753,0.9772174856355113,636.4211212580229,689.0707170893696,403.0597597396308,10271.78087054644,3,1,0,0
SYN_003,synthetic,synthetic_track_0,DRV_03,19.8,1,35.95910964067126,-0.3407228777513538,0.6954103243392776,0.7186128866102672,0.12238867716500441,0.34663605698151817,0.08396421173341576,0.375,0.0,-0.06990131188670472,0.3651007396873276,29.684619600379932,43.84512288644939,0.06271302049277352,1.3280097912108753,0.9769492476147333,643.6129431861572,684.0385292695003,405.1008057399542,10247.322479412178,3,1,0,0
SYN_003,synthetic,synthetic_track_0,DRV_03,20.0,1,36.222953474508124,1.3192191691843291,0.701628672875111,0.7125427744349881,0.12377171984349176,0.375125522325923,0.044268207453990294,0.375,0.0,-0.06811712520095171,0.3532665679420953,29.684619600379932,43.84512288644939,0.0630776443595701,1.3280097912108753,0.9766816403722755,650.8575338810588,679.0325967843493,407.27774745049555,10187.322034493325,3,1,0,0
SYN_003,synthetic,synthetic_track_0,DRV_03,20.200000000000003,1,36.69380214134447,2.3542433341817315,0.7078390789015969,0.7063737242987871,0.12516491036174207,0.41975052186671424,0.0,0.375,0.0,-0.06544000218445194,0.3369210254320084,29.684619600379932,43.84512288644939,0.0634411549853806,1.3280097912108753,0.9764132061892444,658.1962943093276,674.0432893255071,409.5918248967699,10018.927416862316,3,1,0,0
SYN_003,synthetic,synthetic_track_0,DRV_03,20.400000000000002,1,37.27351885234136,2.898583554984455,0.7140749083533188,0.700069300326903,0.12657621044410147,0.44796425995145206,0.004774060665099912,0.375,0.0,-0.0619542247724203,0.3165698286357002,29.684619600379932,43.84512288644939,0.0638035423006818,1.3280097912108753,0.9761430372652321,665.650998079796,669.0606027659574,412.04336799874926,10234.655719747474,3,1,0,0
SYN_003,synthetic,synthetic_track_0,DRV_03,20.6,1,37.95605753617128,3.4126934191495906,0.7203517672888294,0.6936089181692088,0.12800980732303768,0.5003220750471842,0.001908193283194592,0.375,0.0,-0.05776492967385854,0.29280932204325627,29.684619600379932,43.84512288644939,0.06416479626706713,1.3280097912108753,0.9758706575923662,673.2422095870302,664.074229679473,414.63179869009684,10039.156411299582,3,1,0,0
SYN_003,synthetic,synthetic_track_0,DRV_03,20.8,1,38.840726453245125,4.423344585369229,0.7266835012754492,0.6869724077239596,0.1294696556898135,0.5646763887780151,0.00019921252946219012,0.375,0.0,-0.052990562673245936,0.26628569716387934,29.684619600379932,43.84512288644939,0.06452490687752459,1.3280097912108753,0.97559561775607,681.0103548776792,659.0736308454585,417.35563768693294,10201.237960836446,3,1,0,0
SYN_003,synthetic,synthetic_track_0,DRV_03,21.0,1,39.95311501318985,5.5619427997236315,0.7330995162512827,0.6801213856894484,0.13096352978416909,0.644691713924441,0.0,0.5,0.0,-0.04775525347129081,0.23765614895376533,29.684619600379932,43.84512288644939,0.06488386415671404,1.3280097912108753,0.9753170313759187,689.0009778803172,654.0481073341679,420.2125158713858,11725.560203964187,4,1,0,0
SYN_003,synthetic,synthetic_track_0,DRV_03,21.200000000000003,1,41.26879111139573,6.578380491029385,0.7396318901945678,0.6730116395778092,0.13250018805390715,0.7220128898830703,0.002191047236757447,0.5,0.0,-0.042181937187736454,0.2075556863736286,29.684619600379932,43.84512288644939,0.0652416581612435,1.3280097912108753,0.9750338994685018,697.2547361025963,648.9868727664223,423.1991902310576,11572.485739314581,4,1,0,0
SYN_003,synthetic,synthetic_track_0,DRV_03,21.400000000000002,1,42.862673843793246,7.969413661987588,0.7463069795816941,0.6656019022115613,0.13408744925049929,0.8201502690522517,0.006975256344221569,0.5,0.0,-0.03638678287865262,0.1765717652449719,29.684619600379932,43.84512288644939,0.06559827897994458,1.3280097912108753,0.9747453305420013,705.8272708713549,643.8791253433612,426.3115642716644,11661.746150580726,4,1,0,0
SYN_003,synthetic,synthetic_track_0,DRV_03,21.6,1,44.733228820098326,9.352774881525399,0.7531612811193233,0.6578359101042597,0.13573601362910673,0.9513862107796426,0.0,0.5,0.0,-0.03047519207051646,0.1452273942637003,29.684619600379932,43.84512288644939,0.06595371673414704,1.3280097912108753,0.974450103450828,714.7739166353746,638.714119245368,429.544712796672,11777.987884622033,4,1,0,0
SYN_003,synthetic,synthetic_track_0,DRV_03,21.8,1,46.76977245212345,10.18271816012561,0.7602285225507006,0.6496557499940864,0.1374565224298797,0.9964382434248433,0.0035617565751566663,0.5,0.0,-0.03140740396437488,0.10364033075118972,29.684619600379932,43.84512288644939,0.06630796157795246,1.3280097912108753,0.9741470037908779,724.1278711257993,631.7200475938805,434.03344295688487,11996.088891929146,4,1,0,0
SYN_003,synthetic,synthetic_track_0,DRV_03,22.0,1,48.94647304761489,10.883502977457198,0.7675224968964167,0.6410220095736885,0.13925535983188447,1.0,0.0,0.5,1.0,-0.021015421802755223,0.06306026648350475,29.684619600379932,43.84512288644939,0.06666100369850694,1.3280097912108753,0.9738353041559222,733.9171657353222,624.5807252758597,438.71094433195634,12289.662181536793,4,1,0,0
SYN_003,synthetic,synthetic_track_0,DRV_03,22.200000000000003,1,50.98236905584662,10.179480041158655,0.7750509260769481,0.631898775111382,0.14113791648756197,1.0,0.0,0.625,1.0,-0.010962627421471114,0.02411984050752378,29.684619600379932,43.84512288644939,0.06701283331627289,1.3280097912108753,0.9735143907891829,744.1136395464915,617.2724493029999,443.55928123302306,13188.631747117026,5,1,0,0
SYN_003,synthetic,synthetic_track_0,DRV_03,22.400000000000002,1,53.024955783997164,10.21293364075273,0.7827771826195452,0.6223020828907831,0.14309877683586375,0.9958751855166244,0.004124814483375638,0.625,1.0,-0.0013832643870892447,0.0127440417131865,29.684619600379932,43.84512288644939,0.06736344068530004,1.3280097912108753,0.9731848861546291,754.718630703291,609.7726832675827,448.55843435651326,13477.339475474824,5,1,0,0
SYN_003,synthetic,synthetic_track_0,DRV_03,22.6,1,54.92532913912363,9.501866775632344,0.7906869169277989,0.612220711344538,0.14513819821217133,0.994286608617229,0.005713391382771079,0.625,1.0,0.007633433559630889,0.047254710101553625,29.684619600379932,43.84512288644939,0.06771281609349532,1.3280097912108753,0.972846763726721,765.7036965311157,602.0603106458714,453.6864986397152,13301.206173613657,5,1,0,0
SYN_003,synthetic,synthetic_track_0,DRV_03,22.8,1,56.4305732645274,7.526220627018851,0.7987432218174636,0.6016720581850699,0.1472507108713684,0.9446950178954701,0.00021841143849622138,0.625,0.0,0.016034153896460346,0.07926018658005574,29.684619600379932,43.84512288644939,0.06806094986289193,1.3280097912108753,0.9725006521476898,776.9898111840212,594.115870369756,458.9198981063178,13763.176211003512,5,1,0,0
SYN_003,synthetic,synthetic_track_0,DRV_03,23.0,1,56.92715483594714,2.482907857098695,0.8068737400030775,0.5907239352637118,0.1494211175353887,0.5501201746826603,0.0,0.625,0.0,0.030877457885315606,0.11566062934674767,29.684619600379932,43.84512288644939,0.0684078323499174,1.3280097912108753,0.9721482928792182,788.3752421512106,583.8323717172573,465.5715454383074,13852.882256446084,5,1,0,0
SYN_003,synthetic,synthetic_track_0,DRV_03,23.200000000000003,1,56.28299254766449,-3.220811441413254,0.8149237631143164,0.5795681670965043,0.15161062349061744,0.3296409381626054,0.1065661869544464,0.625,0.0,0.032580932705644154,0.14191205007280483,29.684619600379932,43.84512288644939,0.06875345394566078,1.3280097912108753,0.9717941269192171,799.6318406607435,575.3046279649736,470.9486787716626,13406.81501702806,5,1,0,0
SYN_003,synthetic,synthetic_track_0,DRV_03,23.400000000000002,1,54.55838753038089,-8.623025086418004,0.8227310815954573,0.5684307938322563,0.1537753539732199,0.203542933323854,0.27395787398856314,0.625,0.0,0.038894190291237515,0.165676880287825,29.684619600379932,43.84512288644939,0.06909780507613869,1.3280097912108753,0.9714431764128639,810.5435181668197,566.495455094683,476.3458468951984,13157.810250180131,5,1,0,0
SYN_003,synthetic,synthetic_track_0,DRV_03,23.6,1,52.24650903517583,-11.559392476025288,0.830153907377521,0.5575342949683313,0.15587375349361918,0.1368036925547982,0.36421084736911336,0.625,0.0,0.05655746538813202,0.1920205689704537,29.684619600379932,43.84512288644939,0.06944087620256073,1.3280097912108753,0.9711001981698036,820.9928199738548,555.0727823134816,483.077827992293,13414.258357214016,5,1,0,0
SYN_003,synthetic,synthetic_track_0,DRV_03,23.8,1,50.11664579532998,-10.649316199229268,0.8371269477754525,0.5470086592624973,0.1578832346103567,0.1434194717247131,0.35396462272691864,0.625,0.0,0.050878848368615975,0.21053213955582004,29.684619600379932,43.84512288644939,0.06978265782159351,1.3280097912108753,0.970767779044339,831.0161491329208,545.5966000368528,488.4172905015527,13261.060912956578,5,1,0,0
SYN_003,synthetic,synthetic_track_0,DRV_03,24.0,1,48.26740113988731,-9.246223277213339,0.8436903425438687,0.5368301462271,0.15981079791017708,0.173694543046039,0.3169919018575037,0.5,0.0,0.05527825724438686,0.22688577454803227,29.684619600379932,43.84512288644939,0.07012314046562401,1.3280097912108753,0.9704451210096304,840.6696293608982,535.814875898765,493.6850111130481,11899.025369199611,4,1,0,0
SYN_003,synthetic,synthetic_track_0,DRV_03,24.200000000000003,1,46.545051374932584,-8.611748824773642,0.8498945793977247,0.5269527530152629,0.16166723641555733,0.18832114317666068,0.2952336710399263,0.5,0.0,0.05914707781793248,0.24119502814397187,29.684619600379932,43.84512288644939,0.07046231470302183,1.3280097912108753,0.9701309921733956,849.9786396358846,525.7257774629799,498.85287319950197,11998.533045217597,4,1,0,0
SYN_003,synthetic,synthetic_track_0,DRV_03,24.400000000000002,1,45.37140410715008,-5.868236338912531,0.8557679196143828,0.517359901576138,0.1634574306992086,0.2303336102370034,0.24036305286876866,0.5,0.0,0.04659617348464145,0.25065305350952516,29.684619600379932,43.84512288644939,0.07080017113840038,1.3280097912108753,0.9698248370167324,859.0529204573146,517.957655138534,502.64661431762613,11737.21078865596,4,1,0,0
SYN_003,synthetic,synthetic_track_0,DRV_03,24.6,1,44.159880054048536,-6.057620265507708,0.8613889576111655,0.5079459259660911,0.16520248470332974,0.23641739804685433,0.23107669436290038,0.5,0.0,0.06472645756072154,0.26165325296651454,29.684619600379932,43.84512288644939,0.07113670041287729,1.3280097912108753,0.9695242440563179,867.8848964681243,507.334334853788,507.573806076219,11808.572669716776,4,1,0,0
SYN_003,synthetic,synthetic_track_0,DRV_03,24.8,1,43.25127965404172,-4.543002000034093,0.8667604617817215,0.49872467543920157,0.16690094162848546,0.2665918197521481,0.19173367528452837,0.5,0.0,0.05024548837129463,0.2687535854439617,29.684619600379932,43.84512288644939,0.07147189320433346,1.3280097912108753,0.9692293827466432,876.5351523989327,499.1705030433667,511.1566089786953,11906.871842549857,4,1,0,0
SYN_003,synthetic,synthetic_track_0,DRV_03,25.0,1,42.47292819936967,-3.8917572733602412,0.8719257649437847,0.4896380912747659,0.16856445238441015,0.27390571039409184,0.18061402970827709,0.5,0.0,0.06891617641452408,0.27676933081575145,29.684619600379932,43.84512288644939,0.07180574022767149,1.3280097912108753,0.968938923009164,885.0297380388066,488.0298714002589,515.7635220467789,11757.669946614424,4,1,0,0
SYN_003,synthetic,synthetic_track_0,DRV_03,25.200000000000003,1,41.82282210022623,-3.250530495717179,0.8769054175515777,0.48066296785657736,0.17019802654592434,0.2934193055986621,0.15542444953473272,0.5,0.0,0.05290536148536202,0.28174577341904994,29.684619600379932,43.84512288644939,0.07213823223507271,1.3280097912108753,0.9686522945228663,893.3943024588518,479.4882409623806,519.0781063563277,12055.283633086352,4,1,0,0
SYN_003,synthetic,synthetic_track_0,DRV_03,25.400000000000002,1,41.312351848142086,-2.5523512604207355,0.8817185807922393,0.4717757351599586,0.17180659662670228,0.30461766252497663,0.1393907976963782,0.5,0.0,0.053767190847916105,0.28587815159059315,29.684619600379932,43.84512288644939,0.0724693600162535,1.3280097912108753,0.968368935771271,901.6567728284803,470.7926808664315,522.2616611760942,11450.263437485652,4,1,0,0
SYN_003,synthetic,synthetic_track_0,DRV_03,25.6,1,40.97975221353639,-1.6629981730284626,0.8863845739018399,0.4629496594111003,0.1733955332362462,0.32335212125142926,0.117976114245287,0.5,0.0,0.07276102648408056,0.29013869539645154,29.684619600379932,43.84512288644939,0.07279911439872028,1.3280097912108753,0.9680882351083993,909.8527232711875,458.96940968193337,526.2873623812986,11441.580915688459,4,1,0,0
SYN_003,synthetic,synthetic_track_0,DRV_03,25.8,1,40.65040880896731,-1.646717022845401,0.8909257201157597,0.4541490517838995,0.17497167755215146,0.3249032632443611,0.11416437239981861,0.5,0.0,0.05518197708535504,0.2924421528795756,29.684619600379932,43.84512288644939,0.07312748624802375,1.3280097912108753,0.9678094126438687,917.982805032981,449.9387383767102,529.1318174466828,11449.284115427423,4,1,0,0
SYN_003,synthetic,synthetic_track_0,DRV_03,26.0,1,40.41852331443009,-1.1594274726861187,0.8953440465079789,0.4453751658800903,0.1765351548140348,0.33503082237665105,0.10099729500505203,0.5,0.0,0.05554865165168479,0.2940172321300606,29.684619600379932,43.84512288644939,0.07345446646801176,1.3280097912108753,0.9675324567791128,926.066509695867,440.77639523636196,531.8181904139049,11566.029783937427,4,1,0,0
SYN_003,synthetic,synthetic_track_0,DRV_03,26.200000000000003,1,40.23079437559356,-0.9386446941826421,0.8996515046740146,0.4366087151418092,0.17808971340305135,0.33881110886324,0.09486110773756781,0.5,0.0,0.05578028571165467,0.2948942018066857,29.684619600379932,43.84512288644939,0.07378004600108144,1.3280097912108753,0.9672569414166085,934.1126685709858,431.49045059969495,534.3398347156184,11556.291413482224,4,1,0,0
SYN_003,synthetic,synthetic_track_0,DRV_03,26.400000000000002,1,40.06970481590571,-0.8054477984392605,0.9038537228623194,0.42784161516608643,0.1796370516482665,0.34652253310648795,0.08471755751706848,0.5,0.0,0.05588240836569157,0.2951011679190791,29.684619600379932,43.84512288644939,0.07410421582842994,1.3280097912108753,0.9669826749731513,942.1266095341668,422.08953780482034,536.6908479455807,11809.408736371119,4,1,0,0
SYN_003,synthetic,synthetic_track_0,DRV_03,26.6,1,40.00165379537864,-0.34025510263536063,0.9079541948918322,0.4190694214307755,0.18117819414118594,0.35112306688294076,0.07706390876377596,0.5,0.0,0.07445440887174175,0.2943792866847196,29.684619600379932,43.84512288644939,0.07442696697030439,1.3280097912108753,0.9667095429293989,950.1269402932426,409.39202348118727,539.5513591870389,11442.464163085353,4,1,0,0
SYN_003,synthetic,synthetic_track_0,DRV_03,26.8,1,40.02087475007519,0.09610477348275026,0.9119627854376173,0.41027293107986335,0.18271671928716204,0.36942917052633906,0.05650433797146894,0.5,0.0,0.055644955282336324,0.2931195466031352,29.684619600379932,43.84512288644939,0.07474829048625058,1.3280097912108753,0.9664371385979154,958.1311152432576,399.75920665123783,541.4856830486985,11369.009471638028,4,1,0,0
SYN_003,synthetic,synthetic_track_0,DRV_03,27.0,1,40.05202362824687,0.1557443908584233,0.9158880204117997,0.4014338476837183,0.18425598370062646,0.36304391341679937,0.061279840094958904,0.5,0.0,0.05534986462445681,0.2912669770412028,29.684619600379932,43.84512288644939,0.07506817747536064,1.3280097912108753,0.966165080652282,966.1415199689069,390.04360027247606,543.2354414694004,11256.23241711369,4,1,0,0
SYN_003,synthetic,synthetic_track_0,DRV_03,27.200000000000003,1,40.051845366491925,-0.0008913087747330906,0.9197305410278713,0.3925502921927063,0.18579644614786672,0.37133333819146924,0.05090015026912348,0.5,0.0,0.05494424337192383,0.28883950248718293,29.684619600379932,43.84512288644939,0.07538661907651961,1.3280097912108753,0.9658933192679701,974.1518890422053,380.2556629335412,544.7982597839369,11546.645792565032,4,1,0,0
SYN_003,synthetic,synthetic_track_0,DRV_03,27.400000000000002,1,40.161074672125444,0.546146528167597,0.9234868824401591,0.3836300013827853,0.18733690173888565,0.38090673360485244,0.03810592112696321,0.5,0.0,0.054431247346992735,0.2858525109424845,29.684619600379932,43.84512288644939,0.07570360646865083,1.3280097912108753,0.9656219949307181,982.1841039766304,370.40611958342606,546.172622709068,11705.879546223483,4,1,0,0
SYN_003,synthetic,synthetic_track_0,DRV_03,27.6,1,40.394635660084255,1.1678049397940526,0.9271665997799171,0.3746492976805736,0.1888815584570443,0.38433434956486695,0.03242986976800812,0.5,0.0,0.053813545780924246,0.28231878935187343,29.684619600379932,43.84512288644939,0.07601913087096042,1.3280097912108753,0.9653506288814678,990.2630311086472,360.5058998958006,547.3578817259095,11399.463969587672,4,1,0,0
SYN_003,synthetic,synthetic_track_0,DRV_03,27.8,1,40.778026806370924,1.9169557314333474,0.930779619986442,0.3655807694858889,0.19043519829012445,0.40469111441012756,0.009272046970993524,0.5,0.0,0.07061355418732157,0.27677380488891723,29.684619600379932,43.84512288644939,0.07633318354318039,1.3280097912108753,0.9650786766828975,998.4186364699214,347.2459260087816,548.6445724558688,11369.123125656786,4,1,0,0
SYN_003,synthetic,synthetic_track_0,DRV_03,28.0,1,41.06982579723806,1.4589949543356795,0.9343369680939063,0.35639083890174095,0.19200358393652334,0.39365578497268555,0.02053623859104627,0.5,0.0,0.05197629443312652,0.271999067494737,29.684619600379932,43.84512288644939,0.0766457557858108,1.3280097912108753,0.9648054816921603,1006.632601629369,337.27064518395713,549.3909470744773,11522.310613292644,4,1,0,0
SYN_003,synthetic,synthetic_track_0,DRV_03,28.200000000000003,1,41.45319067684543,1.9168243980368516,0.9378280617548735,0.3471001679416146,0.1935831926210325,0.4024224849958776,0.009871419653340303,0.5,0.0,0.05102237776071093,0.2667007352220461,29.684619600379932,43.84512288644939,0.0769568389403608,1.3280097912108753,0.9645314495122875,1014.9232397647381,327.2817900169898,549.9523163348823,11459.693396788361,4,1,0,0
SYN_003,synthetic,synthetic_track_0,DRV_03,28.400000000000002,1,41.857949989954896,2.023796565547329,0.9412580642449775,0.3376881053484084,0.1951775461086035,0.407461866918288,0.0035092145721523395,0.5,0.0,0.04996944008506378,0.2608797452127586,29.684619600379932,43.84512288644939,0.07726642438958835,1.3280097912108753,0.9642561798385412,1023.2948297627291,317.29044746767823,550.3317597055999,11766.407897256477,4,1,0,0
SYN_003,synthetic,synthetic_track_0,DRV_03,28.6,1,42.25553034772298,1.987901788840425,0.944625712090196,0.3281497585830138,0.1967874672620633,0.4207061293197849,0.0006558227148049939,0.5,0.0,0.06481663755080562,0.2523017609714564,29.684619600379932,43.84512288644939,0.07757450355773902,1.3280097912108753,0.9639795811081401,1031.7459358322737,303.98369519064585,550.5615584850746,11333.622689348227,4,1,0,0
SYN_003,synthetic,synthetic_track_0,DRV_03,28.8,1,42.671294489607774,2.0788207094239652,0.9479273092567327,0.31848676010988375,0.19841267996774495,0.42666755270005047,0.004339940365316882,0.5,0.0,0.047126010680177535,0.24524910663460012,29.684619600379932,43.84512288644939,0.07788106791078357,1.3280097912108753,0.9637016874686968,1040.2801947301953,294.02880538628114,550.5330934316452,11648.815347814902,4,1,0,0
SYN_003,synthetic,synthetic_track_0,DRV_03,29.0,1,43.17288465947113,2.507950849316778,0.9511610827829018,0.30869498635264203,0.20005388360196064,0.44326202204992887,0.0,0.5,0.0,0.04573938000556055,0.23765668540731,29.684619600379932,43.84512288644939,0.07818610895665423,1.3280097912108753,0.9634224214591813,1048.9147716620894,284.1070834495579,550.3388172446079,11492.519343234415,4,1,0,0
SYN_003,synthetic,synthetic_track_0,DRV_03,29.200000000000003,1,43.69098760765984,2.5905147409435614,0.9543299340197491,0.298754710479787,0.2017143791657864,0.4658932592168201,0.0009704267800274643,0.5,0.0,0.05865011659467672,0.22667428262484654,29.684619600379932,43.84512288644939,0.07848961824548006,1.3280097912108753,0.9631414079800319,1057.6529691836213,270.94707248959253,549.8331680856692,11613.165405734477,4,1,0,0
SYN_003,synthetic,synthetic_track_0,DRV_03,29.400000000000002,1,44.29532751654682,3.021699544434888,0.9574310552839892,0.2886620418028439,0.20339480176608102,0.488742112283289,0.0,0.5,0.0,0.04209834855484824,0.21777480574810676,29.684619600379932,43.84512288644939,0.07879158736982093,1.3280097912108753,0.962858576897256,1066.5120346869307,261.14123898714,549.2784374965794,11831.42028745152,4,1,0,0
SYN_003,synthetic,synthetic_track_0,DRV_03,29.6,1,44.887151585385055,2.9591203441911773,0.9604661119987616,0.2783969247351384,0.20509846820902514,0.5227121667944383,0.0,0.5,0.0,0.053404009592730416,0.20499307005824985,29.684619600379932,43.84512288644939,0.07909200796490046,1.3280097912108753,0.9625735512776593,1075.4894650040078,248.16962340998586,548.3201395402361,11816.274122451005,4,1,0,0
SYN_003,synthetic,synthetic_track_0,DRV_03,29.8,1,45.54206202768048,3.274552211477122,0.9634294484795802,0.2679621200885151,0.20682489711615534,0.5409240465899303,0.0,0.5,0.0,0.037860540859883475,0.19469469939632417,29.684619600379932,43.84512288644939,0.07939087170883771,1.3280097912108753,0.9622863886875024,1084.5978774095438,238.52902689300288,547.4487917723878,11914.362649326422,4,1,0,0
SYN_003,synthetic,synthetic_track_0,DRV_03,30.0,1,46.34698644576718,4.024622090433496,0.9663201623804332,0.2573428525859099,0.20857651488645074,0.5828324314280321,0.0045467690409826235,0.5,0.0,0.047332992423972556,0.17997307245935426,29.684619600379932,43.84512288644939,0.07968817032287775,1.3280097912108753,0.9619968140303686,1093.8672746986972,225.80724589257636,546.101382496944,12102.96437723807,4,1,0,0
SYN_003,synthetic,synthetic_track_0,DRV_03,30.200000000000003,1,47.15193234392817,4.024729490804972,0.9691417986673649,0.24650390275974277,0.210359091288211,0.6186566581475378,0.0,0.5,0.0,0.03297950172886674,0.16815899150578226,29.684619600379932,43.84512288644939,0.0799838955716209,1.3280097912108753,0.9617041697153842,1103.2976611674828,216.37436962195312,544.9645515624078,11790.852768545446,4,1,0,0
SYN_003,synthetic,synthetic_track_0,DRV_03,30.400000000000002,1,48.20326081406782,5.256642350698222,0.9718876795691408,0.23544497935125108,0.21217262714759286,0.6860081944274385,0.0,0.5,0.0,0.040368559701866834,0.15133088628910266,29.684619600379932,43.84512288644939,0.08027803926325092,1.3280097912108753,0.961408458105582,1112.9383133302963,203.9538347223638,543.3003244963492,11548.291481729759,4,1,0,0
SYN_003,synthetic,synthetic_track_0,DRV_03,30.6,1,49.45029768338269,6.235184346574378,0.9745643403537603,0.22410789033597195,0.21402659871736468,0.7629665374435652,0.0,0.5,0.0,0.035958656223687865,0.13322162435068613,29.684619600379932,43.84512288644939,0.08057059324976194,1.3280097912108753,0.9611085975620467,1122.8283728669728,191.72413867903867,541.4901625671863,11966.835909899868,4,1,0,0
SYN_003,synthetic,synthetic_track_0,DRV_03,30.8,1,50.88230856504139,7.16005440829349,0.977172825611416,0.21244591991045875,0.2159285332436486,0.8515058376466641,0.0,0.625,0.0,0.03121852778052251,0.11377934893944391,29.684619600379932,43.84512288644939,0.08086154942718408,1.3280097912108753,0.9608037293990133,1133.004834579981,179.6959984415189,539.5607818882809,13183.428675558931,5,1,0,0
SYN_003,synthetic,synthetic_track_0,DRV_03,31.0,1,52.68305265083141,9.003720428950075,0.9797111793339482,0.20041458302250462,0.2178855451115348,0.9613157663451048,0.0,0.625,0.0,0.02613615130435676,0.09296181710104766,29.684619600379932,43.84512288644939,0.08115089973580811,1.3280097912108753,0.9604930421487399,1143.5414451101472,167.87770783698187,537.5395446140719,13716.644114339162,5,1,0,0
SYN_003,synthetic,synthetic_track_0,DRV_03,31.200000000000003,1,54.49885449914535,9.079009241569729,0.9821832768196488,0.18792554572440967,0.21991181636733598,1.0,0.0,0.625,0.0,0.020702752755585863,0.07074321917546181,29.684619600379932,43.84512288644939,0.08143863616040846,1.3280097912108753,0.9601749157896962,1154.4412160099762,156.27506775549855,535.4541966883645,13684.895350219716,5,1,0,0
SYN_003,synthetic,synthetic_track_0,DRV_03,31.400000000000002,1,56.383801379199234,9.424734400269408,0.9845730497200726,0.17497402597218617,0.22200792615576465,0.9948352567546713,0.0051647432453286795,0.625,1.0,0.014914750377417432,0.04712279278853487,29.684619600379932,43.84512288644939,0.08172475073046548,1.3280097912108753,0.9598492864588827,1165.7179762858161,144.89134260945406,533.332602061523,13532.813865382115,5,1,0,0
SYN_003,synthetic,synthetic_track_0,DRV_03,31.6,1,58.23947526618363,9.278369434921991,0.9868657335693716,0.16154263804514934,0.2241765339011185,1.0,0.0,0.625,1.0,0.009971189249265619,0.015683457724294123,29.684619600379932,43.84512288644939,0.0820092355203861,1.3280097912108753,0.9595158522958381,1177.3658713390528,130.97037598839884,530.671823517721,13875.783391182495,5,1,0,0
SYN_003,synthetic,synthetic_track_0,DRV_03,31.8,1,59.92390690389777,8.422158188570705,0.9890415040279563,0.1476377435147192,0.2264165137190486,1.0,0.0,0.625,1.0,0.0006334450731886814,0.01088877491335613,29.684619600379932,43.84512288644939,0.08229208264972342,1.3280097912108753,0.9591747444658657,1189.3506527198324,120.077937660017,528.5693517069965,13927.254456860288,5,1,0,0
SYN_003,synthetic,synthetic_track_0,DRV_03,32.0,1,61.65453080443788,8.653119502700548,0.991075708545211,0.13330018729022103,0.22872127936919853,1.0,0.0,0.75,1.0,-0.008874789030690857,0.04561049194315159,29.684619600379932,43.84512288644939,0.08257328428339497,1.3280097912108753,0.9588267187853872,1201.6815588807199,106.7596803559214,526.0172742841316,15000.0,6,1,0,0
SYN_003,synthetic,synthetic_track_0,DRV_03,32.2,1,62.0211203803246,1.8329478794335685,0.9929517355417767,0.11851941142519021,0.2310926074770615,0.5843001917815228,0.0,0.75,0.0,-0.020040736964930004,0.0815263408269483,29.684619600379932,43.84512288644939,0.08285283263189984,1.3280097912108753,0.9584715743452961,1214.085782956785,93.7574883120972,523.5955921281158,15000.0,6,1,0,0
SYN_003,synthetic,synthetic_track_0,DRV_03,32.4,1,60.48086031171522,-7.7013003430468885,0.9946165203885889,0.10362421227732255,0.2334780351839971,0.24649571440135884,0.2194362637242501,0.625,0.0,-0.0314732640546489,0.11789014218241609,29.684619600379932,43.84512288644939,0.08313071995153429,1.3280097912108753,0.9581153152197323,1226.181955019128,81.0507630986921,521.3504966074424,13769.612724646933,5,1,0,0
SYN_003,synthetic,synthetic_track_0,DRV_03,32.6,1,57.68196288807918,-13.99448711818021,0.9960247889904372,0.08907648239886345,0.2358042221190631,0.09555559984696721,0.4159196217792749,0.625,0.0,-0.0334139882480026,0.14662921006313137,29.684619600379932,43.84512288644939,0.08340693854460644,1.3280097912108753,0.9577663338564392,1237.7183475967438,71.08092892868727,519.7101639304096,13886.297782383748,5,1,0,0
SYN_003,synthetic,synthetic_track_0,DRV_03,32.800000000000004,1,54.38325486620559,-16.493540109367935,0.9971696617965959,0.07518421105832236,0.23802275915321996,0.023591650148286097,0.5147275278381711,0.625,0.0,-0.05178125947830933,0.18105296862436418,29.684619600379932,43.84512288644939,0.08368148075964937,1.3280097912108753,0.9574301705552187,1248.594998569985,58.83775534528204,517.8866429787631,13561.682637969012,5,1,0,0
SYN_003,synthetic,synthetic_track_0,DRV_03,33.0,1,51.33143885669549,-15.25908004755049,0.9980716130924908,0.06207298235910158,0.24011442280192016,0.04814412216339396,0.48423865571354147,0.625,0.0,-0.04898490631657617,0.20647361559112037,29.684619600379932,43.84512288644939,0.08395433899163311,1.3280097912108753,0.9571090267642123,1258.861286341324,49.19729518153885,516.6304876689152,13420.714194467391,5,1,0,0
SYN_003,synthetic,synthetic_track_0,DRV_03,33.2,1,48.69715779203861,-13.17140532328441,0.9987648063708706,0.049687639861008416,0.2420887089117931,0.07860948629283314,0.4425468849965491,0.5,0.0,-0.05507427483482714,0.22912510873361905,29.684619600379932,43.84512288644939,0.08422550568217536,1.3280097912108753,0.9568018184260801,1268.6007178997318,39.67316050377391,515.570722344118,11758.120541342341,4,1,0,0
SYN_003,synthetic,synthetic_track_0,DRV_03,33.4,1,46.410608068984686,-11.432748615269617,0.9992803681183211,0.037930804016163215,0.2439616765191792,0.11389133803529682,0.3941837073908951,0.5,0.0,-0.06035935315350145,0.24818019555842236,29.684619600379932,43.84512288644939,0.08449497331975077,1.3280097912108753,0.9565067106405225,1277.8828395135288,30.24490811974333,514.7198300035345,12194.950890844162,4,1,0,0
SYN_003,synthetic,synthetic_track_0,DRV_03,33.6,1,44.547696063166136,-9.314560029092753,0.9996429278776422,0.02672109174818857,0.24574669990644785,0.16279741889526408,0.32993224651837416,0.5,0.0,-0.06463696996741196,0.262869950704924,29.684619600379932,43.84512288644939,0.08476273443989907,1.3280097912108753,0.9562221756289746,1286.792378726162,20.8910215119909,514.087801590099,11931.881550467198,4,1,0,0
SYN_003,synthetic,synthetic_track_0,DRV_03,33.800000000000004,1,43.2153536257918,-6.661712186871682,0.9998726605262732,0.015958155661352773,0.24746007283195423,0.22035439257354894,0.25405059630940563,0.5,0.0,-0.05057653035480669,0.2706307132420103,29.684619600379932,43.84512288644939,0.08502878162543184,1.3280097912108753,0.9559463516106368,1295.4354494513204,13.91098954616247,513.7619628091643,11768.453301868425,4,1,0,0
SYN_003,synthetic,synthetic_track_0,DRV_03,34.0,1,42.350893569121226,-4.322300283352867,0.9999847903929238,0.005515340680340807,0.24912220181756162,0.2611276278289013,0.20011336161891913,0.5,0.0,-0.06918125183269878,0.2762562406130468,29.684619600379932,43.84512288644939,0.08529310750663796,1.3280097912108753,0.9556769062903214,1303.9056281651447,4.633108582532758,513.5291637696563,11786.476974655232,4,1,0,0
SYN_003,synthetic,synthetic_track_0,DRV_03,34.2,1,41.70945364808396,-3.2071996051863394,0.9999888646458046,-0.004719172003091164,0.25075108233945087,0.2930222722667449,0.15603075684747947,0.5,0.0,-0.05243226065923966,0.27678827530017824,29.684619600379932,43.84512288644939,0.08555570476148777,1.3280097912108753,0.9554117831821624,1312.2475188947615,-2.316371821470297,513.5072922743776,11711.44586742031,4,1,0,0
SYN_003,synthetic,synthetic_track_0,DRV_03,34.4,1,41.41196737481665,-1.4874313663365513,0.9998905006946521,-0.014798196531934833,0.25235529209514646,0.33009997308869293,0.10637494219554516,0.5,0.0,-0.05223093833431151,0.2741360987620832,29.684619600379932,43.84512288644939,0.08581656611583587,1.3280097912108753,0.9551500031798065,1320.5299123697248,-9.269135152573174,513.6165698584085,11401.360151747525,4,1,0,0
SYN_003,synthetic,synthetic_track_0,DRV_03,34.6,1,41.47912643562409,0.33579530403720526,0.9996923372097655,-0.02480384897705505,0.25394806007110093,0.37890739212150504,0.04323327679870692,0.5,0.0,-0.06829737880901983,0.2657814773784269,29.684619600379932,43.84512288644939,0.08607568434362266,1.3280097912108753,0.9548900550550211,1328.8257376568497,-18.56156531756764,513.9649175381467,11518.363101434024,4,1,0,0
SYN_003,synthetic,synthetic_track_0,DRV_03,34.800000000000004,1,41.917380936482054,2.1912725042898273,0.9993934871485052,-0.03482323714347451,0.2555434110878557,0.40663037982819006,0.0046264918866956205,0.5,0.0,-0.04947474934673648,0.25611458811696697,29.684619600379932,43.84512288644939,0.08633305226707444,1.3280097912108753,0.954630336521669,1337.209213844146,-25.560049258972313,514.3759334939175,11548.546823597915,4,1,0,0
SYN_003,synthetic,synthetic_track_0,DRV_03,35.0,1,42.32579398381634,2.0420652366714265,0.9989894661073634,-0.044944928596283906,0.25715561804695114,0.43156898551204464,0.002736551590793967,0.5,0.0,-0.04738769567913032,0.24379729402355013,29.684619600379932,43.84512288644939,0.08658866275690232,1.3280097912108753,0.9543692168986,1345.6743726409093,-32.59414282961294,514.9123812952415,11949.778099118099,4,1,0,0
SYN_003,synthetic,synthetic_track_0,DRV_03,35.2,1,42.76729152874975,2.207487724667061,0.9984774975426767,-0.0551605556617603,0.2587835332001749,0.46491594240308176,0.01155548033188469,0.5,0.0,-0.044825820594520914,0.22912510873456676,29.684619600379932,43.84512288644939,0.08684250873249967,1.3280097912108753,0.9541068296123919,1354.2278309466592,-39.67316050377381,515.5707223441179,12171.505917017454,4,1,0,0
SYN_003,synthetic,synthetic_track_0,DRV_03,35.4,1,43.51852051343824,3.7561449234424416,0.9978540868888514,-0.0654768759121621,0.2604284290282037,0.561206934827589,0.0,0.5,0.0,-0.05507427483473955,0.2064736155923905,29.684619600379932,43.84512288644939,0.08709458316213822,1.3280097912108753,0.9538430312007738,1362.9315350493468,-49.19729518153858,516.6304876689151,11721.158596582027,4,1,0,0
SYN_003,synthetic,synthetic_track_0,DRV_03,35.6,1,44.496877228292,4.8917835742688,0.9971103154813197,-0.07596722162053261,0.26210221827872054,0.619095456075444,0.0,0.5,0.0,-0.03734563181857621,0.1876221907340333,29.684619600379932,43.84512288644939,0.08734487906316292,1.3280097912108753,0.9535764609402074,1371.8309104950054,-56.41566373415757,517.5549657234972,12123.40738034704,4,1,0,0
SYN_003,synthetic,synthetic_track_0,DRV_03,35.800000000000004,1,45.70518932053619,6.041560461220961,0.9962357960494622,-0.08668470839597,0.26381363663365487,0.727497311291319,0.0,0.5,0.0,-0.04401630123517735,0.16066598572927382,29.684619600379932,43.84512288644939,0.08759338950218533,1.3280097912108753,0.9533061215486962,1380.9719483591125,-66.15600778675045,518.9487890151518,12012.51250541253,4,1,0,0
SYN_003,synthetic,synthetic_track_0,DRV_03,36.0,1,47.068413945341575,6.816123124026916,0.9952176014364807,-0.0976827814459546,0.26557152853059857,0.8034880309524831,0.0028690077447468287,0.5,0.0,-0.028437188886527083,0.13951166884430977,29.684619600379932,43.84512288644939,0.08784010759527562,1.3280097912108753,0.9530310032877587,1390.385631148181,-73.55801284871255,520.1059956777063,11642.663309495043,4,1,0,0
SYN_003,synthetic,synthetic_track_0,DRV_03,36.2,1,48.80600084678641,8.687934507224178,0.9940421422770418,-0.10899641910296597,0.26738185214388094,0.9518260669476235,0.006430860210808095,0.5,0.0,-0.03159444540967233,0.11062637726699333,29.684619600379932,43.84512288644939,0.08808502650815342,1.3280097912108753,0.9527504265925358,1400.1468313175383,-83.56963869721332,521.7832955605944,11860.38789685496,4,1,0,0
SYN_003,synthetic,synthetic_track_0,DRV_03,36.4,1,50.66227400301998,9.28136578116785,0.9926874732188542,-0.1207128017832682,0.2692590060226035,1.0,0.0,0.625,0.0,-0.024259850747519893,0.08152634082742705,29.684619600379932,43.84512288644939,0.08832813945637692,1.3280097912108753,0.952462746304343,1410.2792861181422,-93.75748831209711,523.5955921281158,12727.187875831843,5,1,0,0
SYN_003,synthetic,synthetic_track_0,DRV_03,36.6,1,52.62129531275941,9.795106548697134,0.9911352142045678,-0.13285701774338235,0.27120755502271965,0.9957107348391412,0.004289265160858817,0.625,1.0,-0.016937709776664187,0.05271826918382003,29.684619600379932,43.84512288644939,0.08856943970553098,1.3280097912108753,0.9521674422239834,1420.803545180694,-104.1345372206963,525.5209781220615,13311.403287512407,5,1,0,0
SYN_003,synthetic,synthetic_track_0,DRV_03,36.800000000000004,1,54.570569147997354,9.74636917618973,0.9893656446698725,-0.14544972033994297,0.2732314509962873,1.0,0.0,0.625,1.0,-0.009741714097100118,0.024596978535486494,29.684619600379932,43.84512288644939,0.08880892057141362,1.3280097912108753,0.9518640642648425,1431.7176590102936,-114.71161829184224,527.5359692777713,13705.653217995685,5,1,0,0
SYN_003,synthetic,synthetic_track_0,DRV_03,37.0,1,56.50166619275588,9.655485223792617,0.9873615407784119,-0.15848403008404513,0.2753303190404411,0.9999220035586766,7.7996441323473e-05,0.625,1.0,-0.0027582938016314073,0.002545586129299482,29.684619600379932,43.84512288644939,0.08904657542022114,1.3280097912108753,0.9515526573059491,1443.0179922488448,-125.49729115183565,529.6157287794294,13522.239850536485,5,1,0,0
SYN_003,synthetic,synthetic_track_0,DRV_03,37.2,1,58.3084133538432,9.033735805436613,0.9851055881623882,-0.1719505166355575,0.27750346004785476,0.9997584715628028,0.00024152843719714028,0.625,1.0,0.0059499288949389,0.03479606860321192,29.684619600379932,43.84512288644939,0.08928239766873192,1.3280097912108753,0.9512333033001478,1454.6796749196135,-139.2818949971598,532.2668863124779,13820.651244565632,5,1,0,0
SYN_003,synthetic,synthetic_track_0,DRV_03,37.4,1,59.854493029652346,7.730398379045731,0.9825849403223005,-0.18581397969964794,0.2797460913306949,0.9418415037891132,0.0009707116474253687,0.625,1.0,0.011888658762569825,0.059107028166858186,29.684619600379932,43.84512288644939,0.08951638078448879,1.3280097912108753,0.9509065513466638,1466.650573525544,-150.55573651541275,534.3961914052778,14069.08302807351,5,1,0,0
SYN_003,synthetic,synthetic_track_0,DRV_03,37.6,1,60.23421667070197,1.8986182052481126,0.9797945414408004,-0.2000066412967621,0.28204818721645075,0.5793263519617831,0.0,0.625,0.0,0.023206832477358958,0.08753904967410434,29.684619600379932,43.84512288644939,0.08974851828597996,1.3280097912108753,0.950573550326886,1478.6974168596844,-164.9566594918085,537.0231295350605,13941.412832061986,5,1,0,0
SYN_003,synthetic,synthetic_track_0,DRV_03,37.800000000000004,1,59.45384512330674,-3.901857736976133,0.9767794957951832,-0.21424709238192183,0.2843648878576316,0.3335096374320542,0.1018723456821743,0.625,0.0,0.031835060304715355,0.11377934893797838,29.684619600379932,43.84512288644939,0.08997880374281858,1.3280097912108753,0.9502394341364833,1490.5881858843456,-179.695998441519,539.5607818882808,13877.189254238749,5,1,0,0
SYN_003,synthetic,synthetic_track_0,DRV_03,38.0,1,57.45436943695971,-9.997378431735164,0.9736005527144013,-0.2282585458514367,0.286651574208528,0.18853067843797333,0.2944418830266308,0.625,0.0,0.03977692769621245,0.1378720029177854,29.684619600379932,43.84512288644939,0.09020723077592083,1.3280097912108753,0.9499093091080101,1502.0790597717375,-194.76304469802784,541.9549364419516,13442.435893954407,5,1,0,0
SYN_003,synthetic,synthetic_track_0,DRV_03,38.2,1,55.35486075923778,-10.497543388609643,0.970337560348029,-0.24175404645596993,0.2888613576484111,0.16320195214058741,0.3285729105480047,0.625,0.0,0.037091572957855444,0.1556558652355342,29.684619600379932,43.84512288644939,0.09043379305768268,1.3280097912108753,0.9495885411979589,1513.1500319235852,-207.04154791948568,543.7310883684194,13473.027265742261,5,1,0,0
SYN_003,synthetic,synthetic_track_0,DRV_03,38.400000000000006,1,53.376360325804235,-9.892502167167727,0.9670168682079087,-0.25471234088942035,0.2909903907545356,0.17113508332216126,0.3219389507623088,0.625,0.0,0.041421029374172975,0.17217238889332412,29.684619600379932,43.84512288644939,0.09065848431215513,1.3280097912108753,0.9492775724342766,1523.825303988746,-219.50784277856212,545.3547575412997,13704.242845056162,5,1,0,0
SYN_003,synthetic,synthetic_track_0,DRV_03,38.6,1,51.3219803917991,-10.271899670025668,0.9636509822740722,-0.2671643396155555,0.29304332769014346,0.15035016116658775,0.34728896021494127,0.625,0.0,0.05738925403903577,0.19112208876172174,29.684619600379932,43.84512288644939,0.09088129831521807,1.3280097912108753,0.948975872247924,1534.089700067106,-235.33385223393105,547.1311044003127,13194.268368441884,5,1,0,0
SYN_003,synthetic,synthetic_track_0,DRV_03,38.800000000000004,1,49.33040612925936,-9.957871312698714,0.9602634415778291,-0.27909518585798526,0.29501725001290496,0.15963473165308645,0.330313138788246,0.5,0.0,0.0500399946515505,0.20499307005755615,29.684619600379932,43.84512288644939,0.09110222889475272,1.3280097912108753,0.9486837763603397,1543.955781292958,-248.16962340998572,548.320139540236,12206.955742000415,4,1,0,0
SYN_003,synthetic,synthetic_track_0,DRV_03,39.0,1,47.750044770118095,-7.901806795706321,0.9568681278715194,-0.2905226081799033,0.2969145733255688,0.2004450758344873,0.2796140851560935,0.5,0.0,0.05340400959259349,0.21777480574838032,29.684619600379932,43.84512288644939,0.09132126993081253,1.3280097912108753,0.948401010262553,1553.5057902469816,-261.14123898714,549.2784374965794,12241.516710538253,4,1,0,0
SYN_003,synthetic,synthetic_track_0,DRV_03,39.2,1,46.5041824125604,-6.22931178778849,0.9534520626204257,-0.30154463066825754,0.29875111350903494,0.2326894225286397,0.23693737428524222,0.5,0.0,0.042098348554798895,0.22667428262283387,29.684619600379932,43.84512288644939,0.0915384153557928,1.3280097912108753,0.9481257664380706,1562.8066267294937,-270.94707248959264,549.833168085669,11753.650563282928,4,1,0,0
SYN_003,synthetic,synthetic_track_0,DRV_03,39.400000000000006,1,45.356429705858645,-5.7387635335087595,0.9500030922254066,-0.3122404918683123,0.30053973590951805,0.23587061891087296,0.2306722427698073,0.5,0.0,0.058650116594813645,0.2376566854072123,29.684619600379932,43.84512288644939,0.09175365915459868,1.3280097912108753,0.9478565748958134,1571.8779126706654,-284.10708344955805,550.3388172446079,11866.330207207284,4,1,0,0
SYN_003,synthetic,synthetic_track_0,DRV_03,39.6,1,44.25241961173203,-5.520050470633073,0.9465236639927137,-0.3226343960302566,0.30228421397512795,0.2487503995025126,0.21414588458833267,0.5,0.0,0.06129901961677718,0.2476594953709064,29.684619600379932,43.84512288644939,0.09196699536481184,1.3280097912108753,0.9475930057420437,1580.728396593012,-297.34392430675456,550.5613046086568,11659.565112867695,4,1,0,0
SYN_003,synthetic,synthetic_track_0,DRV_03,39.800000000000004,1,43.33795228577396,-4.572336629790357,0.9430193274928044,-0.3327379569195842,0.30398623011404075,0.27097675099337865,0.18439333257398813,0.5,0.0,0.04756561567901027,0.25453422490305083,29.684619600379932,43.84512288644939,0.0921784180768556,1.3280097912108753,0.947334868282139,1589.3959870501667,-307.30757212675724,550.5331845722548,11446.891226175616,4,1,0,0
SYN_003,synthetic,synthetic_track_0,DRV_03,40.0,1,42.63006461178684,-3.5394383699355814,0.9394828786806538,-0.3425958561715421,0.3056530744327244,0.2899007069639745,0.1598653101996457,0.5,0.0,0.048817392940666185,0.2608797452123678,29.684619600379932,43.84512288644939,0.09238792143415867,1.3280097912108753,0.9470813302848906,1597.921999972524,-317.29044746767806,550.3317597055999,11870.242871145938,4,1,0,0
SYN_003,synthetic,synthetic_track_0,DRV_03,40.2,1,42.01508873273451,-3.0748793952616538,0.9359036567472017,-0.3522560791345072,0.30729269230240847,0.29539830870145034,0.15320365663554203,0.5,0.0,0.06686479289894878,0.26852490759281267,29.684619600379932,43.84512288644939,0.09259549963331733,1.3280097912108753,0.9468314845408511,1606.325017719071,-330.61223016255883,549.7855765279774,11497.219094267943,4,1,0,0
SYN_003,synthetic,synthetic_track_0,DRV_03,40.400000000000006,1,41.48228746033423,-2.664006362001423,0.9322788772510496,-0.3617403696458584,0.3089086572536675,0.30272311021593323,0.14287009096350597,0.5,0.0,0.051351363276711894,0.27364895086281393,29.684619600379932,43.84512288644939,0.09280114692425626,1.3280097912108753,0.9465849239631454,1614.6214752111377,-340.59779716658073,549.1628395545484,11725.263918070006,4,1,0,0
SYN_003,synthetic,synthetic_track_0,DRV_03,40.6,1,41.0545461484759,-2.1387065592916343,0.9286057737627754,-0.37106780638373527,0.31050412984829573,0.31036687768804294,0.13271556762394535,0.5,0.0,0.052272200719447354,0.278248464482813,29.684619600379932,43.84512288644939,0.09300485761038771,1.3280097912108753,0.9463412886924806,1622.832384440833,-350.5660756026932,548.3542578181823,11569.983575254362,4,1,0,0
SYN_003,synthetic,synthetic_track_0,DRV_03,40.800000000000004,1,40.60407389655689,-2.252361259595048,0.9248786641575,-0.38026235231250327,0.31208315085400634,0.3147333338924586,0.12810811513367787,0.5,0.0,0.07095615623235155,0.28355676388098844,29.684619600379932,43.84512288644939,0.09320662604876948,1.3280097912108753,0.9461001181579127,1630.9531992201444,-363.81092261897686,546.9838111811771,11212.99889729384,4,1,0,0
SYN_003,synthetic,synthetic_track_0,DRV_03,41.0,1,40.27030114928194,-1.668863736374746,0.9211029051553646,-0.38931919823500527,0.31364484600387393,0.32120323907998405,0.11876322916382528,0.5,0.0,0.05403093587048602,0.28690949983062386,29.684619600379932,43.84512288644939,0.09340644665026099,1.3280097912108753,0.9458615140523203,1639.0072594500007,-373.6954746695925,545.7354991383415,11621.132094428689,4,1,0,0
SYN_003,synthetic,synthetic_track_0,DRV_03,41.2,1,39.95050063235423,-1.5990025846385691,0.9172705867168736,-0.3982645737999836,0.31519370374038475,0.327177677888642,0.1110079951212202,0.5,0.0,0.05461400163952776,0.2897115362073726,29.684619600379932,43.84512288644939,0.09360431387967832,1.3280097912108753,0.9456249645584384,1646.9973595764716,-383.52568826207386,544.2982027882066,11351.568215842817,4,1,0,0
SYN_003,synthetic,synthetic_track_0,DRV_03,41.400000000000006,1,39.72902795342913,-1.1073633946254802,0.9133828617631682,-0.4071016431277639,0.3167302614570138,0.3343718619227324,0.10159317160186368,0.5,0.0,0.05509152693525933,0.29194921217618763,29.684619600379932,43.84512288644939,0.09380022225594745,1.3280097912108753,0.9453904098427752,1654.9431651671573,-393.29069504472443,542.672860105178,11381.424980621005,4,1,0,0
SYN_003,synthetic,synthetic_track_0,DRV_03,41.6,1,39.5115371752579,-1.0874538908561604,0.9094322602858761,-0.4158520938402528,0.3182583009936841,0.3408484749668005,0.09372151508066656,0.5,0.0,0.05546067897560267,0.29360628683338524,29.684619600379932,43.84512288644939,0.09399416635225606,1.3280097912108753,0.9451574188908877,1662.845472602209,-402.97985206837524,540.8612738819428,11363.215708209376,4,1,0,0
SYN_003,synthetic,synthetic_track_0,DRV_03,41.800000000000004,1,39.43495843177696,-0.38289371740468425,0.905420142923298,-0.4245166248673363,0.3197779755004248,0.34898886177154204,0.08358945341773673,0.5,0.0,0.055718142511995694,0.29466400527008624,29.684619600379932,43.84512288644939,0.09418614079620394,1.3280097912108753,0.9449259757941322,1670.7324642885644,-412.58280299725527,538.8661028059198,11398.830623005118,4,1,0,0
SYN_003,synthetic,synthetic_track_0,DRV_03,42.0,1,39.30655698526653,-0.6420072325521531,0.9013334929550477,-0.4331257721233555,0.3212947046708778,0.3450777288565653,0.08695662852407829,0.5,0.0,0.0744911696374732,0.29510498016668063,29.684619600379932,43.84512288644939,0.0943761402699517,1.3280097912108753,0.944695462134908,1678.5937756856176,-425.235395046871,535.9264686374635,10960.715708346395,4,1,0,0
SYN_003,synthetic,synthetic_track_0,DRV_03,42.2,1,39.19641323843244,-0.5507187341704523,0.8971786907830346,-0.4416677448091948,0.3228064953241572,0.34693207942095117,0.08284904233939502,0.5,0.0,0.055862433312261726,0.29467766613272434,29.684619600379932,43.84512288644939,0.09456415951036817,1.3280097912108753,0.9444661075120478,1686.4330583333042,-434.5989771024964,533.5179698152372,11383.576794717434,4,1,0,0
SYN_003,synthetic,synthetic_track_0,DRV_03,42.400000000000006,1,39.23902054956025,0.2130365556390501,0.8929549203159741,-0.4501460988206965,0.3243140496794816,0.35980618820901283,0.06726351725329288,0.5,0.0,0.055717729120552395,0.2935712243389706,29.684619600379932,43.84512288644939,0.09475019330917621,1.3280097912108753,0.9442378331541563,1694.2808624432162,-443.84465370128413,530.9407227107191,11392.659894483708,4,1,0,0
SYN_003,synthetic,synthetic_track_0,DRV_03,42.6,1,39.242064174507824,0.015218124737863548,0.8886463096322588,-0.4585932144907595,0.32582324277754154,0.35802197506699757,0.06785545557053428,0.5,0.0,0.05544171607583988,0.2917568204005069,29.684619600379932,43.84512288644939,0.09493423651309685,1.3280097912108753,0.9440099685025621,1702.1292752781178,-452.9639737453421,528.2008814240438,11391.941971300805,4,1,0,0
SYN_003,synthetic,synthetic_track_0,DRV_03,42.800000000000004,1,39.31395678227663,0.3594630388440123,0.8842574502582449,-0.46699974482090206,0.3273325529380996,0.36955097869634057,0.05371828181784271,0.5,0.0,0.05502872925712523,0.2892034795542517,29.684619600379932,43.84512288644939,0.09511628402399218,1.3280097912108753,0.9437826891669256,1709.9920666345731,-461.9490651757792,525.30533300076,11858.937994849959,4,1,0,0
SYN_003,synthetic,synthetic_track_0,DRV_03,43.0,1,39.384457027374964,0.35250122549168594,0.8797808090463186,-0.47537956206993703,0.3288446281989564,0.36836268984339554,0.052447516036803025,0.5,0.0,0.05447270457953716,0.28587815159033914,29.684619600379932,43.84512288644939,0.09529633079900648,1.3280097912108753,0.9435556937245793,1717.868958040048,-470.7926808664314,522.2616611760942,11459.325682162662,4,1,0,0
SYN_003,synthetic,synthetic_track_0,DRV_03,43.2,1,39.63625636279991,1.2589966771247418,0.8752165160828118,-0.483731382045723,0.33035941500770155,0.38467335945006803,0.032698991216932774,0.5,0.0,0.053767190847874166,0.28174577342001716,29.684619600379932,43.84512288644939,0.09547437185070601,1.3280097912108753,0.943328989798149,1725.796209312608,-479.4882409623806,519.0781063563278,11622.743045751531,4,1,0,0
SYN_003,synthetic,synthetic_track_0,DRV_03,43.400000000000006,1,39.903362852784554,1.3355324499232069,0.8705429988034354,-0.4920923564071299,0.33188388640627076,0.3929828412760713,0.022624139622775777,0.5,0.0,0.05290536148528553,0.2767693308156635,29.684619600379932,43.84512288644939,0.09565040224721705,1.3280097912108753,0.9431017811511994,1733.7768818831648,-488.0298714002588,515.763522046779,11473.566355269299,4,1,0,0
SYN_003,synthetic,synthetic_track_0,DRV_03,43.6,1,40.24115855110163,1.6889784915853667,0.8657573084857298,-0.5004640674449513,0.3334186311313779,0.40082009313845446,0.012096358660734342,0.5,0.0,0.05188002637920667,0.2709099226618646,29.684619600379932,43.84512288644939,0.09582441711236257,1.3280097912108753,0.9428740018951035,1741.8251135933851,-496.41243836809156,512.3273279547152,11481.83546754858,4,1,0,0
SYN_003,synthetic,synthetic_track_0,DRV_03,43.800000000000004,1,40.71325548480121,2.360484668497911,0.8608495764299469,-0.5088595157412124,0.3349663679987279,0.42008899461781773,0.0,0.5,0.0,0.0672816384066404,0.26165325296729613,29.684619600379932,43.84512288644939,0.09599641162579735,1.3280097912108753,0.9426453424434482,1749.9677646903453,-507.33433485378816,507.57380607621894,11324.914779944334,4,1,0,0
SYN_003,synthetic,synthetic_track_0,DRV_03,44.0,1,41.06790193011009,1.7732322265444012,0.8558014220023303,-0.5173044810349021,0.33653226244045104,0.4233250362714325,0.004317008552303287,0.5,0.0,0.04880873679088034,0.2535722863014553,29.684619600379932,43.84512288644939,0.09616638102314141,1.3280097912108753,0.9424152133001119,1758.1813450763673,-515.3301641759493,503.89328863378296,11725.365157521524,4,1,0,0
SYN_003,synthetic,synthetic_track_0,DRV_03,44.2,1,41.59346274182855,2.627804058592318,0.8506253671120296,-0.5257722746831794,0.3381117971300706,0.44766104836824777,0.0,0.5,0.0,0.047182072178658045,0.24446613399401945,29.684619600379932,43.84512288644939,0.09633432059611208,1.3280097912108753,0.9421841326597282,1766.500037624733,-523.1555171965724,500.1259874559609,11346.26539531343,4,1,0,0
SYN_003,synthetic,synthetic_track_0,DRV_03,44.400000000000006,1,42.130314591837234,2.6842592500434037,0.8452976770573944,-0.5342956458379321,0.3397115456970641,0.4711282046923049,0.0,0.5,0.0,0.04535692256559809,0.23428887053440003,29.684619600379932,43.84512288644939,0.09650022569265436,1.3280097912108753,0.9419513498947015,1774.9261005431006,-530.8087578791021,496.2831642225441,11668.747493749446,4,1,0,0
SYN_003,synthetic,synthetic_track_0,DRV_03,44.6,1,42.7488523061876,3.092688571751836,0.8398141614628339,-0.5428739947782331,0.3413319424121347,0.5084686755600177,0.0,0.5,0.0,0.057277197311694165,0.21897160356725326,29.684619600379932,43.84512288644939,0.09666409171706981,1.3280097912108753,0.9417168167031728,1783.4758710043382,-540.744108227272,491.0618851036667,11580.337015369912,4,1,0,0
SYN_003,synthetic,synthetic_track_0,DRV_03,44.800000000000004,1,43.58841423637317,4.197809650927837,0.8341611632065404,-0.5515207646117337,0.3429761290392958,0.5363521023241081,0.0,0.5,0.0,0.04027655061404653,0.2061109771859986,29.684619600379932,43.84512288644939,0.09682591413014387,1.3280097912108753,0.9414801750291033,1792.1935538516127,-547.9941595909626,487.0880445661954,11787.44937907762,4,1,0,0
SYN_003,synthetic,synthetic_track_0,DRV_03,45.0,1,44.44715737184515,4.293715677359913,0.8283054836170554,-0.5602767403791773,0.3446526065099255,0.5728772981363894,0.0,0.5,0.0,0.03772533501564565,0.19202056897027783,29.684619600379932,43.84512288644939,0.09698568844927152,1.3280097912108753,0.941240453710725,1801.0829853259818,-555.0727823134816,483.077827992293,11855.307035738948,4,1,0,0
SYN_003,synthetic,synthetic_track_0,DRV_03,45.2,1,45.43900293758131,4.959227828680781,0.8222398053345422,-0.5691411973521282,0.3463621125626888,0.6340346852165833,0.004064445927140652,0.5,0.0,0.04592032323526254,0.17123936894837524,29.684619600379932,43.84512288644939,0.09714341024858164,1.3280097912108753,0.9409975696784958,1810.170785913498,-564.2479272698263,477.6950009616588,11583.875329446137,4,1,0,0
SYN_003,synthetic,synthetic_track_0,DRV_03,45.400000000000006,1,46.578323100842404,5.696600816305484,0.8159407142933021,-0.5781355816402723,0.34810976652182657,0.700570860896245,0.0,0.5,0.0,0.03083428876753638,0.15410030903986038,29.684619600379932,43.84512288644939,0.09729907515905935,1.3280097912108753,0.9407509385924272,1819.4864505336666,-570.9359216585494,473.6464954877234,11450.550763041085,4,1,0,0
SYN_003,synthetic,synthetic_track_0,DRV_03,45.6,1,48.002737929285715,7.1220741422165545,0.8093815736390626,-0.5872831244413164,0.3499012404872436,0.8065385931657233,0.001399084641089062,0.5,0.0,0.035816076241724906,0.1291017432195437,29.684619600379932,43.84512288644939,0.09745267886866721,1.3280097912108753,0.940499912857901,1829.0869981195237,-579.6029392571887,468.2558804077801,11977.513668256413,4,1,0,0
SYN_003,synthetic,synthetic_track_0,DRV_03,45.800000000000004,1,49.766853298191066,8.820576844526755,0.8025145558791005,-0.5966325398452302,0.35174749963836993,0.9595288786883227,0.0,0.5,0.0,0.029186561124351484,0.10158197225704602,29.684619600379932,43.84512288644939,0.09760421712246468,1.3280097912108753,0.940243239334873,1839.040368779162,-587.9945883452652,462.8990720030056,11899.76863728065,4,1,0,0
SYN_003,synthetic,synthetic_track_0,DRV_03,46.0,1,51.64643580351778,9.397912526633583,0.7952811667664027,-0.6062407655269226,0.3536616093806081,0.9997064423587749,0.0002935576412251175,0.625,0.0,0.02191402949078331,0.07149823073148975,29.684619600379932,43.84512288644939,0.09775368572272584,1.3280097912108753,0.9399794246002826,1849.3696559398657,-596.1247326115082,457.6030187985778,13294.309144037437,5,1,0,0
SYN_003,synthetic,synthetic_track_0,DRV_03,46.2,1,53.599614166015925,9.765891812490715,0.78765297480802,-0.6161191372422031,0.35564801075766644,1.0,0.0,0.625,1.0,0.013993534591163728,0.03885778224661824,29.684619600379932,43.84512288644939,0.09790108052905587,1.3280097912108753,0.939707961840848,1860.0895787730688,-604.0094303384402,452.3936600146687,13540.344730110859,5,1,0,0
SYN_003,synthetic,synthetic_track_0,DRV_03,46.400000000000006,1,55.49647221283022,9.484290234071473,0.7796065721700653,-0.6262695846272919,0.3577095343794363,1.0,0.0,0.625,1.0,0.0054354543128681205,0.0037402730653134,29.684619600379932,43.84512288644939,0.09804639745850553,1.3280097912108753,0.9394285284596827,1871.1888732156349,-611.66675832635,447.29567472377465,13369.845260773633,5,1,0,0
SYN_003,synthetic,synthetic_track_0,DRV_03,46.6,1,57.44558131343873,9.74554550304255,0.7711376044929982,-0.6366685126003958,0.3598440140799298,1.0,0.0,0.625,1.0,-0.0037281574773611542,0.033674317767326725,29.684619600379932,43.84512288644939,0.0981896324856844,1.3280097912108753,0.9391413734737926,1882.6779894783226,-619.1166125374489,442.33224217090793,13838.231351515304,5,1,0,0
SYN_003,synthetic,synthetic_track_0,DRV_03,46.800000000000004,1,58.061901928593585,3.081603075774275,0.76222512446894,-0.6473120264820583,0.362053459515062,0.685622236495501,0.007090355254176919,0.625,0.0,-0.018366545791331172,0.08317990498528331,29.684619600379932,43.84512288644939,0.09833078164287237,1.3280097912108753,0.9388462681688571,1894.2903698640414,-628.1700484673779,436.3496671942427,13905.97327209937,5,1,0,0
SYN_003,synthetic,synthetic_track_0,DRV_03,47.0,1,56.678918674828786,-6.914916268823994,0.7530677648508527,-0.657942962225861,0.36428660958923875,0.2461001178456609,0.21840140097650704,0.625,0.0,-0.034358510309773216,0.13477906801297337,29.684619600379932,43.84512288644939,0.0984698410201295,1.3280097912108753,0.9385490779871941,1905.6261535990072,-636.9778859596518,430.64830068203133,13525.600488135811,5,1,0,0
SYN_003,synthetic,synthetic_track_0,DRV_03,47.2,1,53.66373917316801,-15.075897508303875,0.7439855070542789,-0.668195753722805,0.3664665679998091,0.053348846937776674,0.4760145263113771,0.625,0.0,-0.039313330105108756,0.17657176524556786,29.684619600379932,43.84512288644939,0.09860680676540438,1.3280097912108753,0.9382586010214424,1916.3589014336408,-643.8791253433611,426.31156427166445,13407.599591378754,5,1,0,0
SYN_003,synthetic,synthetic_track_0,DRV_03,47.400000000000006,1,50.1357181984151,-17.640104873764564,0.7352577381787846,-0.6777876204595491,0.3685305579680078,0.0,0.5697521073981952,0.625,0.0,-0.049812191933387394,0.2177151464260481,29.684619600379932,43.84512288644939,0.09874167508464081,1.3280097912108753,0.9379820200733096,1926.3860450733239,-650.6785860983713,422.1894458761432,13356.50342527784,5,1,0,0
SYN_003,synthetic,synthetic_track_0,DRV_03,47.6,1,46.72764371703248,-17.0403724069131,0.7269920033917937,-0.6866459254990058,0.3704588548217931,0.0,0.5704899460729673,0.5,0.0,-0.059992485789053494,0.2569444113410609,29.684619600379932,43.84512288644939,0.09887444224188288,1.3280097912108753,0.9377215927660638,1935.7315738167304,-657.4017573050543,418.2932906276283,11854.148507539045,4,1,0,0
SYN_003,synthetic,synthetic_track_0,DRV_03,47.800000000000004,1,43.59597338116636,-15.658351679330593,0.7191920415428437,-0.6948113466124719,0.3722560718878328,0.005258080016306337,0.5378365060755754,0.5,0.0,-0.06950985848857869,0.2928093220432856,29.684619600379932,43.84512288644939,0.0990051045593785,1.3280097912108753,0.9374767924384603,1944.4507684929636,-664.074229679473,414.6317986900969,11624.904197198173,4,1,0,0
SYN_003,synthetic,synthetic_track_0,DRV_03,48.0,1,41.05369077998767,-12.711413005893455,0.711832116770499,-0.7023496547546889,0.3739328400948007,0.07589157711263236,0.4446993515611333,0.5,0.0,-0.057764929673774654,0.31656982863783006,29.684619600379932,43.84512288644939,0.09913365841768124,1.3280097912108753,0.9372464039980923,1952.661506648961,-669.0606027659571,412.0433679987492,11580.582500436914,4,1,0,0
SYN_003,synthetic,synthetic_track_0,DRV_03,48.2,1,38.91898473466992,-10.673530226588746,0.7048291358449288,-0.7093771135750652,0.37551182820172324,0.11729210975636199,0.38974758007888616,0.5,0.0,-0.08341818973398585,0.3428418373663159,29.684619600379932,43.84512288644939,0.0992601002557506,1.3280097912108753,0.9370278352072395,1960.445303595895,-675.7051552024552,408.8051893555297,11422.576806096473,4,1,0,0
SYN_003,synthetic,synthetic_track_0,DRV_03,48.400000000000006,1,37.24106752744316,-8.389586036133814,0.6981262271867432,-0.7159746999119478,0.3770087122299798,0.1767673536220943,0.31121629664612777,0.375,0.0,-0.06642688705434693,0.35773415834493916,29.684619600379932,43.84512288644939,0.0993844265710507,1.3280097912108753,0.936819293779817,1967.8935171013836,-680.6989097878426,406.5369054235697,10559.227124545218,3,1,0,0
SYN_003,synthetic,synthetic_track_0,DRV_03,48.6,1,36.132615476475166,-5.542260254839952,0.6916544755054922,-0.7222285555924955,0.3784410609810353,0.22528935616035173,0.2460791304757104,0.375,0.0,-0.06881449701704827,0.36797340235741294,29.684619600379932,43.84512288644939,0.09950663391964723,1.3280097912108753,0.9366187708781173,1975.1200401966787,-685.7125444840502,404.40544497872855,9900.561764494762,3,1,0,0
SYN_003,synthetic,synthetic_track_0,DRV_03,48.800000000000004,1,35.32809159252152,-4.022619419768247,0.6853218018086836,-0.7282403641420183,0.37983077696089973,0.26371291691675935,0.1944043560679466,0.375,0.0,-0.04675309023913653,0.3720462869912772,29.684619600379932,43.84512288644939,0.0996267189163029,1.3280097912108753,0.936423761871024,1982.185658515183,-689.0707170893694,403.0597597396309,10360.876231125436,3,1,0,0
SYN_003,synthetic,synthetic_track_0,DRV_03,49.0,1,34.8640966152717,-2.319974886249092,0.6790796071927108,-0.734064634139933,0.38118954971445823,0.2947693836683109,0.15283848389106244,0.375,0.0,-0.07073562345581985,0.3738840663885457,29.684619600379932,43.84512288644939,0.09974467823457116,1.3280097912108753,0.9362329304725365,1989.1584778382373,-694.1383476018578,401.1524618592153,9949.090598511484,3,1,0,0
SYN_003,synthetic,synthetic_track_0,DRV_03,49.2,1,34.61892565129194,-1.2258548198987995,0.6728708695510189,-0.7397599562761258,0.38253047650735333,0.3238559992264302,0.11423875495059221,0.375,0.0,-0.07059494949442173,0.3705699886800664,29.684619600379932,43.84512288644939,0.09986050860688843,1.3280097912108753,0.936044779335734,1996.0822629684958,-699.250097866767,399.3758641304672,10281.322290163249,3,1,0,0
SYN_003,synthetic,synthetic_track_0,DRV_03,49.400000000000006,1,34.56358891249745,-0.2766836939724371,0.6666585307339311,-0.7453632694194665,0.3838619736477877,0.3490703559365404,0.07865115879960104,0.375,0.0,-0.06948778550379922,0.3622365249609727,29.684619600379932,43.84512288644939,0.09997420682466454,1.3280097912108753,0.9358583465975356,2002.9949807509952,-704.4140694719251,397.72603000213644,9696.118349488168,3,1,0,0
SYN_003,synthetic,synthetic_track_0,DRV_03,49.6,1,34.750529194959924,0.9347014123123643,0.6604095740218929,-0.7509055829731338,0.38519134245211445,0.37521195363002774,0.044894604873083596,0.375,0.0,-0.04525043154867372,0.3540320095064218,29.684619600379932,43.84512288644939,0.10008576973837165,1.3280097912108753,0.9356727979322085,2009.945086589987,-707.8894428229397,396.69422538939114,9768.177771936125,3,1,0,0
SYN_003,synthetic,synthetic_track_0,DRV_03,49.800000000000004,1,35.16788219018038,2.0867649761022733,0.6540803709935314,-0.7564250579409465,0.38652790126730524,0.40991771848640884,0.003016494716438734,0.375,0.0,-0.06561879823546476,0.3380560555129737,29.684619600379932,43.84512288644939,0.10019519425763146,1.3280097912108753,0.9354870682479728,2016.9786630280232,-713.1566933128628,395.2445562682628,9902.674372083542,3,1,0,0
SYN_003,synthetic,synthetic_track_0,DRV_03,50.0,1,35.81707576902088,3.245967894202515,0.6476281939207558,-0.761956509545617,0.3878805121207737,0.4546760975742307,0.0,0.375,0.0,-0.062208431739004436,0.3181283153703621,29.684619600379932,43.84512288644939,0.10030247735130085,1.3280097912108753,0.9353001446382351,2024.1420781818274,-718.4944891431769,393.90694745395575,10161.854105977412,3,1,0,0
SYN_003,synthetic,synthetic_track_0,DRV_03,50.2,1,36.4560257535,3.1947499223955944,0.6410088338388794,-0.7675335008587703,0.38925809195804373,0.48707252332816786,0.00412025539916514,0.375,0.0,-0.05810264160106795,0.29481873933094355,29.684619600379932,43.84512288644939,0.10040761604755585,1.3280097912108753,0.935111007895975,2031.4332833325275,-723.908309422014,392.6743776298542,9964.593580381328,3,1,0,0
SYN_003,synthetic,synthetic_track_0,DRV_03,50.400000000000006,1,37.37680260176048,4.603884241302403,0.6342220760566599,-0.7731509285012729,0.39066024679471684,0.5495860431882776,0.00017754221153861832,0.375,0.0,-0.05341297246480704,0.2687272609760358,29.684619600379932,43.84512288644939,0.10051060743397391,1.3280097912108753,0.9349197039667342,2038.9086438528795,-729.402793198969,391.5390504166624,10391.918304198789,3,1,0,0
SYN_003,synthetic,synthetic_track_0,DRV_03,50.6,1,38.41070719942784,5.169522988336794,0.6272128022992739,-0.7788479316476946,0.3920978161255538,0.6170606253570793,0.0,0.375,0.0,-0.04825304405099922,0.24044688948571744,29.684619600379932,43.84512288644939,0.10061144865761462,1.3280097912108753,0.9347249936681942,2046.590785292765,-734.9816933862345,390.4924304288996,10301.114937795526,3,1,0,0
SYN_003,synthetic,synthetic_track_0,DRV_03,50.800000000000004,1,39.66248431349454,6.25888557033349,0.619956331430653,-0.7846363151926161,0.39357515101783946,0.6945056321621242,0.0013203446424704171,0.5,0.0,-0.042732166656211934,0.21053364963558188,29.684619600379932,43.84512288644939,0.10071013692509873,1.3280097912108753,0.9345263800762714,2054.523282155464,-740.6478351068015,389.52528309743576,11844.744501829913,4,1,0,0
SYN_003,synthetic,synthetic_track_0,DRV_03,51.0,1,41.12269541905801,7.301055527817368,0.6124073285029338,-0.7905423859578308,0.3951006311837431,0.7858643657373091,0.00723977486792574,0.5,0.0,-0.036950419970972606,0.17948481292621005,29.684619600379932,43.84512288644939,0.10080666950268553,1.3280097912108753,0.934322905372016,2062.7478212392757,-746.4030787352356,388.6277180513135,11791.090005534079,4,1,0,0
SYN_003,synthetic,synthetic_track_0,DRV_03,51.2,1,42.880725947185695,8.790152640638418,0.6045210046580382,-0.7965892008602905,0.3966822733152453,0.9062083334813726,0.006023111791912966,0.5,0.0,-0.030995330202940628,0.14772546707979325,29.684619600379932,43.84512288644939,0.10090104371634859,1.3280097912108753,0.9341136532480733,2071.323966428713,-752.2482878727635,387.7892358339322,11592.020257004895,4,1,0,0
SYN_003,synthetic,synthetic_track_0,DRV_03,51.400000000000006,1,44.85007913525415,9.846765940342266,0.5962339612769789,-0.8028107270209847,0.39833153200552174,0.9990825385354422,0.0009174614645578203,0.5,0.0,-0.024940050983553636,0.11560246953945782,29.684619600379932,43.84512288644939,0.10099325695184978,1.3280097912108753,0.9338973140832553,2080.2939822557637,-758.1833024732398,386.9987777117131,11922.406634652367,4,1,0,0
SYN_003,synthetic,synthetic_track_0,DRV_03,51.6,1,46.88960867745194,10.197647710988953,0.5874978360439751,-0.809225736518338,0.4000565350491853,1.0,0.0,0.5,0.0,-0.023768104814132003,0.07265929475440995,29.684619600379932,43.84512288644939,0.10108330665481174,1.3280097912108753,0.9336729588241716,2089.671903991254,-766.2341169338882,385.9994820606151,11791.15730266198,4,1,0,0
SYN_003,synthetic,synthetic_track_0,DRV_03,51.800000000000004,1,48.985964241431255,10.481777819896578,0.5782906640262214,-0.8158308083788647,0.40185998153677965,1.0,0.0,0.5,1.0,-0.012948685038136374,0.029972018401963868,29.684619600379932,43.84512288644939,0.10117119033078864,1.3280097912108753,0.9334402794431976,2099.4690968395403,-774.4365241240032,385.03631374254536,12024.22027675416,4,1,0,0
SYN_003,synthetic,synthetic_track_0,DRV_03,52.0,1,51.0869138877799,10.504748231743228,0.5685925680961131,-0.822619287098149,0.403744057084527,1.0,0.0,0.625,1.0,-0.002668449860666734,0.0017313946822456543,29.684619600379932,43.84512288644939,0.10125690554533523,1.3280097912108753,0.9331990266361714,2109.686479617096,-780.6824130971355,384.3197457588476,13106.894619028004,5,1,0,0
SYN_003,synthetic,synthetic_track_0,DRV_03,52.2,1,53.03152998160675,9.72308046913426,0.5583936732438559,-0.8295760999939872,0.4057089383879031,1.0,0.0,0.625,1.0,0.005726958761139341,0.04352558384717678,29.684619600379932,43.84512288644939,0.10134044992407433,1.3280097912108753,0.9329491809014434,2120.2927856134174,-789.1259541747346,383.3474815217565,13231.227578151736,5,1,0,0
SYN_003,synthetic,synthetic_track_0,DRV_03,52.400000000000006,1,54.10437711201654,5.364235652048954,0.547716551445086,-0.836663958392557,0.4077486126179649,0.7605230818221064,0.004277807094325968,0.625,0.0,0.021895417515593874,0.09509167045217598,29.684619600379932,43.84512288644939,0.10142182115276253,1.3280097912108753,0.932691430800918,2131.1136610358208,-799.8444558244416,382.06100989433565,13685.438931487131,5,1,0,0
SYN_003,synthetic,synthetic_track_0,DRV_03,52.6,1,54.1530094374947,0.24316162739079772,0.5367307354399915,-0.8437535882199529,0.4098295501991963,0.4031715339521525,0.009896803041928751,0.625,0.0,0.02918318167697029,0.13601404834604583,29.684619600379932,43.84512288644939,0.10150101697735442,1.3280097912108753,0.9324296127942475,2141.94426292332,-808.5275292006072,380.93620222385965,13322.139191630858,5,1,0,0
SYN_003,synthetic,synthetic_track_0,DRV_03,52.800000000000004,1,52.00401889739889,-10.744952700479047,0.5256431668706827,-0.8507051552225128,0.4119123582544846,0.14778811042821668,0.34887446162749436,0.625,0.0,0.039508438965455785,0.17692517675827776,29.684619600379932,43.84512288644939,0.10157803520406487,1.3280097912108753,0.9321682340847094,2152.3450667027996,-817.2826888902802,379.6917979754264,13267.163630961013,5,1,0,0
SYN_003,synthetic,synthetic_track_0,DRV_03,53.0,1,49.01470856547817,-14.9465516596036,0.5149108368224209,-0.8572437402062696,0.41391251282746144,0.043344201264483184,0.48849314404094446,0.5,0.0,0.04987062547093308,0.21814922743059995,29.684619600379932,43.84512288644939,0.10165287369942995,1.3280097912108753,0.9319169648529513,2162.148008415895,-826.0843370323806,378.2960074410724,12023.176974139846,4,1,0,0
SYN_003,synthetic,synthetic_track_0,DRV_03,53.2,1,45.8578585403003,-15.784250125889372,0.504720950465807,-0.8632825505944692,0.4157976939261337,0.01089693555057116,0.5324470333997863,0.5,0.0,0.060357093962166215,0.2600506314337988,29.684619600379932,43.84512288644939,0.10172553039036593,1.3280097912108753,0.9316795031279824,2171.3195801239553,-834.9039308675314,376.71745851708147,11849.82622130186,4,1,0,0
SYN_003,synthetic,synthetic_track_0,DRV_03,53.400000000000006,1,42.732937989865036,-15.624602752176315,0.49512320925171494,-0.8688227711451183,0.4175614577161453,0.01233957304754156,0.53182913890429,0.5,0.0,0.07106320800287132,0.30301704868121737,29.684619600379932,43.84512288644939,0.1017960032642267,1.3280097912108753,0.9314565866882469,2179.8661677219284,-843.7101681787267,374.92546386571337,11413.53741051361,4,1,0,0
SYN_003,synthetic,synthetic_track_0,DRV_03,53.6,1,39.93493694362085,-13.990005231220941,0.4861247364268772,-0.8738894327281336,0.419205032254217,0.047577494046929486,0.48172050682274703,0.5,0.0,0.060511262402147055,0.336177470464359,29.684619600379932,43.84512288644939,0.10186429036885963,1.3280097912108753,0.9312480756297016,2187.8531551106526,-850.2858087412757,373.4234598865252,11341.900616287456,4,1,0,0
SYN_003,synthetic,synthetic_track_0,DRV_03,53.800000000000004,1,37.60902685064651,-11.629550464871699,0.47766857108522287,-0.8785401164417032,0.4207409913674332,0.09032070909017527,0.4261153925436387,0.375,0.0,0.06688142249961442,0.3703190105350819,29.684619600379932,43.84512288644939,0.10193038981265956,1.3280097912108753,0.9310525320740096,2195.3749604807817,-856.8198029155085,371.7725219660462,10470.515260298873,3,1,0,0
SYN_003,synthetic,synthetic_track_0,DRV_03,54.0,1,35.50439865007662,-10.523141002849457,0.46966422305146327,-0.8828451266136464,0.42218749240015035,0.11663340352928317,0.3915775425440373,0.375,0.0,0.07345181133452024,0.4055907335870405,29.684619600379932,43.84512288644939,0.10199429976462114,1.3280097912108753,0.9308678793702784,2202.4758402107973,-863.2963425029152,369.9609706094624,9732.982488401602,3,1,0,0
SYN_003,synthetic,synthetic_track_0,DRV_03,54.2,1,33.625981008272376,-9.392088209021203,0.46207219299439045,-0.8868423131884015,0.4235530461943841,0.1366863525526276,0.36451487699099205,0.375,0.0,0.08024894729855199,0.4421217163097911,29.684619600379932,43.84512288644939,0.10205601845438972,1.3280097912108753,0.9306931444092874,2209.2010364124517,-869.6990196290426,367.9776186775001,10018.615941174718,3,1,0,0
SYN_003,synthetic,synthetic_track_0,DRV_03,54.400000000000006,1,32.022818858855075,-8.015810747086505,0.45485045825686854,-0.8905678304450013,0.4248463531562407,0.16144275625545546,0.3342943922500185,0.375,0.0,0.08729461462556104,0.4800105270612652,29.684619600379932,43.84512288644939,0.10211554417231022,1.3280097912108753,0.9305273323774749,2215.6056001842226,-876.0108976146627,365.8118243322225,10022.794191110577,3,1,0,0
SYN_003,synthetic,synthetic_track_0,DRV_03,54.6,1,30.53896557394649,-7.4192664245429185,0.44794510069906573,-0.8940610643349278,0.4260780000354274,0.17828205595590085,0.30763958545826564,0.375,0.0,0.06224037888971449,0.5060534412214727,29.684619600379932,43.84512288644939,0.10217287526947462,1.3280097912108753,0.9303692326453465,2221.713393299012,-880.1598005156691,364.26161742904515,9767.960733059392,3,1,0,0
SYN_003,synthetic,synthetic_track_0,DRV_03,54.800000000000004,1,29.176027321677587,-6.814691261344521,0.4413347231342775,-0.8973425556363582,0.42725257563442537,0.1857457622855399,0.29794364267078943,0.375,0.0,0.09962559760384367,0.546298385105194,29.684619600379932,43.84512288644939,0.10222801015776753,1.3280097912108753,0.9302183207303334,2227.5485987633474,-886.2815105769536,361.7697427065068,9760.68536876787,3,1,0,0
SYN_003,synthetic,synthetic_track_0,DRV_03,55.0,1,28.05407221425464,-5.609775537114743,0.4349969060976311,-0.9004319472816859,0.42837473053141295,0.2081288045825957,0.26767103347577476,0.25,0.0,0.07070843683651344,0.5738918201176055,29.684619600379932,43.84512288644939,0.10228094730991025,1.3280097912108753,0.9300740650644752,2233.159413206198,-890.2871195385651,359.99358164306193,8541.930554012146,2,1,0,0
SYN_003,synthetic,synthetic_track_0,DRV_03,55.2,1,27.00379297627946,-5.251396189875894,0.4288824107218326,-0.9033603255475797,0.42945373330888426,0.2201983104358991,0.2507007612369522,0.25,0.0,0.07422904972981136,0.6020537389886244,29.684619600379932,43.84512288644939,0.10233168525950308,1.3280097912108753,0.9299354057618546,2238.560171801454,-894.226023651418,358.122580709854,8505.863705524287,2,1,0,0
SYN_003,synthetic,synthetic_track_0,DRV_03,55.400000000000006,1,26.146263994118627,-4.287644910804165,0.42297820519874724,-0.9061398556110676,0.43049234073104886,0.24460628488369104,0.22185730247492688,0.25,0.0,0.07781801212392273,0.6307241010185298,29.684619600379932,43.84512288644939,0.10238022260106588,1.3280097912108753,0.9298020278702902,2243.789424600278,-898.092797675389,356.1544087959451,8548.536047758209,2,1,0,0
SYN_003,synthetic,synthetic_track_0,DRV_03,55.6,1,25.290611675480772,-4.278261593189274,0.4172443265490001,-0.9087943507541579,0.4314979662692842,0.24780798967229006,0.21651232585319935,0.25,0.0,0.08146624230863653,0.6598183140551497,29.684619600379932,43.84512288644939,0.10242655799007706,1.3280097912108753,0.9296730836920126,2248.847546935374,-901.8819910416405,354.086885784986,8089.159739679399,2,1,0,0
SYN_003,synthetic,synthetic_track_0,DRV_03,55.800000000000004,1,24.640436804741682,-3.2508743536954476,0.41168224101917733,-0.9113274562029984,0.4324706821029565,0.25977639990357854,0.20183560596331215,0.25,0.0,0.08516136432590181,0.6892241923986843,29.684619600379932,43.84512288644939,0.10247069014301081,1.3280097912108753,0.9295485653547604,2253.775634296322,-905.5881392431961,351.9179870002557,8359.75205378106,2,1,0,0
SYN_003,synthetic,synthetic_track_0,DRV_03,56.0,1,24.005399956404613,-3.175184241685347,0.4062483548888054,-0.9137627012250715,0.4334183912108312,0.2619610332105393,0.1994338283021892,0.25,0.0,0.08888733647186317,0.7187991698818873,29.684619600379932,43.84512288644939,0.10251261783737262,1.3280097912108753,0.9294275691245111,2258.576714287603,-909.2057753442018,349.6458473066595,8383.40416847265,2,1,0,0
SYN_003,synthetic,synthetic_track_0,DRV_03,56.2,1,23.34737061105063,-3.2901467267699225,0.4009406575561755,-0.9161040274545362,0.43434167582453903,0.25381832632167484,0.20699408758215926,0.25,0.0,0.09262412694842873,0.7483680186656804,29.684619600379932,43.84512288644939,0.10255233991173321,1.3280097912108753,0.9293100287423948,2263.246188409813,-912.7294415824323,347.26876486143965,8314.11334751578,2,1,0,0
SYN_003,synthetic,synthetic_track_0,DRV_03,56.400000000000006,1,22.652665028519795,-3.4735279126541663,0.3957655084693187,-0.9183516005898947,0.43523965161727174,0.26054881677604796,0.19873979452793095,0.25,0.0,0.09634747179030592,0.7777213781757636,29.684619600379932,43.84512288644939,0.10258985526576064,1.3280097912108753,0.9291960457054977,2267.776721415517,-916.1537010392996,344.78520450619317,8218.644307526281,2,1,0,0
SYN_003,synthetic,synthetic_track_0,DRV_03,56.6,1,22.05068411614259,-3.009904561886021,0.3907323034284023,-0.9205043547194847,0.4361109079645225,0.26329788296316303,0.19331411860342185,0.25,0.0,0.10002875648502169,0.8066154419008261,29.684619600379932,43.84512288644939,0.10262516286025083,1.3280097912108753,0.9290857817010253,2272.1868582387456,-919.4731493513764,342.1938007936481,7961.651720904343,2,1,0,0
SYN_003,synthetic,synthetic_track_0,DRV_03,56.800000000000004,1,21.605278128419446,-2.2270299386157255,0.385821604834735,-0.9225734058831034,0.4369590111997588,0.2878004135538542,0.1634403715822265,0.25,0.0,0.05137282944689773,0.8208048910499193,29.684619600379932,43.84512288644939,0.10265826171715636,1.3280097912108753,0.9289788290338425,2276.5079138644296,-921.0918922523692,340.8572780427769,8056.747710056818,2,1,0,0
SYN_003,synthetic,synthetic_track_0,DRV_03,57.0,1,21.13978438948675,-2.3274686946634837,0.38099947141621515,-0.9245752553365056,0.4377899834354672,0.2827366932018514,0.16864773552332724,0.25,0.0,0.10539870616728243,0.8484809679604072,29.684619600379932,43.84512288644939,0.10268915091961346,1.3280097912108753,0.9288744990493405,2280.735870742327,-924.244090737214,338.1019267672333,8414.174303599762,2,1,0,0
SYN_003,synthetic,synthetic_track_0,DRV_03,57.2,1,20.779164456654577,-1.803099664160861,0.3762711788007658,-0.9265095790135589,0.43860305206583206,0.29388077752062686,0.15672262553241076,0.25,0.0,0.10882215584983404,0.8749502086276092,29.684619600379932,43.84512288644939,0.10271782961196754,1.3280097912108753,0.9287728803903205,2284.891703633658,-927.2781865217838,335.23607750574774,8046.0927218808565,2,1,0,0
SYN_003,synthetic,synthetic_track_0,DRV_03,57.400000000000006,1,20.503360567306014,-1.379019446742813,0.3716139744168392,-0.9283873405094022,0.43940225069878036,0.29925534481351035,0.14881576910634486,0.25,0.0,0.05564230282748057,0.8876260776251602,29.684619600379932,43.84512288644939,0.10274429699979683,1.3280097912108753,0.9286735118503624,2288.9923757471192,-928.7493182735864,333.76147384514087,7883.351128077536,2,1,0,0
SYN_003,synthetic,synthetic_track_0,DRV_03,57.6,1,20.053811410220206,-2.247745785429043,0.3670094003432829,-0.9302172327255951,0.4401908414898306,0.29213408388278306,0.15704849354935144,0.25,0.0,0.11361796009054699,0.9116399645533426,29.684619600379932,43.84512288644939,0.10276855234993437,1.3280097912108753,0.9285760204588249,2293.0031380291634,-931.5965395022096,330.72852149089965,8205.656121511274,2,1,0,0
SYN_003,synthetic,synthetic_track_0,DRV_03,57.800000000000004,1,19.800886616208736,-1.2646239700573503,0.36249706753540584,-0.931984911910183,0.44096214192868527,0.30736019941945253,0.1396813513437983,0.25,0.0,0.11652419442473366,0.933572547383119,29.684619600379932,43.84512288644939,0.10279059499048838,1.3280097912108753,0.9284811708964538,2296.963315352405,-934.3128256012689,327.5835239377871,7604.555807571025,2,1,0,0
SYN_003,synthetic,synthetic_track_0,DRV_03,58.0,1,19.513940508277646,-1.434730539655451,0.35803329204821854,-0.9337088206636559,0.44172371449084713,0.3065554951448418,0.13875995079179795,0.25,0.0,0.05926454684458281,0.9436478974949328,29.684619600379932,43.84512288644939,0.10281042431086079,1.3280097912108753,0.9283880981992307,2300.8661034540605,-935.620312402262,325.9689059585425,7849.003233538445,2,1,0,0
SYN_003,synthetic,synthetic_track_0,DRV_03,58.2,1,19.29302389912336,-1.1045830457714345,0.3536261826292083,-0.9353868306530159,0.4424742506642424,0.308688122133738,0.13594067094038842,0.125,0.0,0.1203351706393358,0.9618043626419314,29.684619600379932,43.84512288644939,0.10282803976176423,1.3280097912108753,0.9282969522257233,2304.7247082338854,-938.1309232023343,322.65532568017255,6766.186973882071,1,1,0,0
SYN_003,synthetic,synthetic_track_0,DRV_03,58.400000000000006,1,19.077845815626965,-1.0758904174819683,0.3492612345542143,-0.9370253945532458,0.443216290044978,0.3086732312314829,0.13421265009083017,0.125,0.0,0.060983245373106655,0.9698056261747634,29.684619600379932,43.84512288644939,0.10284344085523717,1.3280097912108753,0.9282074425925253,2308.540277397011,-939.3328496146269,320.95635483360593,6766.356178563527,1,1,0,0
SYN_003,synthetic,synthetic_track_0,DRV_03,58.6,1,18.84799635378359,-1.1492473092168787,0.34493750349263175,-0.9386256541797005,0.443950053345579,0.30861152006565357,0.1336654144031461,0.125,0.0,0.12336130359325508,0.9834727848521747,29.684619600379932,43.84512288644939,0.10285662716465753,1.3280097912108753,0.9281195441781104,2312.3098766677676,-941.6270109626126,317.47411482137284,6886.246435181866,1,1,0,0
SYN_003,synthetic,synthetic_track_0,DRV_03,58.800000000000004,1,18.666523033337324,-0.9073666022313276,0.3406586644393078,-0.9401870422115097,0.444674976282263,0.3195758838775958,0.1203215553539865,0.125,0.0,0.06227695777019093,0.9890752438920292,29.684619600379932,43.84512288644939,0.10286759832475442,1.3280097912108753,0.9280333216461247,2316.043181274435,-942.7180981090871,315.6909046133448,6991.355629014523,1,1,0,0
SYN_003,synthetic,synthetic_track_0,DRV_03,59.0,1,18.480486411117347,-0.9301831110998826,0.3364140571630017,-0.9417141722110423,0.4453929194758529,0.3123867201775479,0.12639992823430818,0.125,0.0,0.12548009417091677,0.9976870451718794,29.684619600379932,43.84512288644939,0.1028763540316183,1.3280097912108753,0.9279485622327188,2319.7392785566585,-944.785483910719,312.0405351891447,6689.595894902923,1,1,0,0
SYN_003,synthetic,synthetic_track_0,DRV_03,59.2,1,18.478448597499334,-0.010189068090067366,0.3322050091069283,-0.9432072051910257,0.44610370741474203,0.3309311032332858,0.10562814339452793,0.125,0.0,0.06309213908573467,1.0006565956873357,29.684619600379932,43.84512288644939,0.10288289404270934,1.3280097912108753,0.9278652860891826,2323.4349682761585,-945.7606905855455,310.17350199064856,7003.916824324443,1,1,0,0
SYN_003,synthetic,synthetic_track_0,DRV_03,59.400000000000006,1,18.4372096152724,-0.20619491113466282,0.32798980036233466,-0.9446812641617679,0.44681441697618435,0.32567971186017114,0.11145133193442641,0.125,0.0,0.12660326274179665,1.0038582229476973,29.684619600379932,43.84512288644939,0.10288721817686423,1.3280097912108753,0.9277826836751071,2327.122410199213,-947.5914768864814,306.35613680424916,6833.665934811369,1,1,0,0
SYN_003,synthetic,synthetic_track_0,DRV_03,59.6,1,18.43503152091495,-0.010890471787252665,0.32377748026803926,-0.9461332587280078,0.4475235404229256,0.3232517840381363,0.11332014150813696,0.125,0.0,0.06339522880489915,1.004079054390544,29.684619600379932,43.84512288644939,0.10288932631430117,1.3280097912108753,0.9277009275115689,2330.809416503396,-948.4460261424207,304.4059971304091,6539.297525956235,1,1,0,0
SYN_003,synthetic,synthetic_track_0,DRV_03,59.800000000000004,1,18.437556904178948,0.01262691631998436,0.31955923132768443,-0.9475663025209684,0.4482325800968069,0.33242848760914484,0.10400323207178734,0.125,0.0,0.06338008795407665,1.0033807742074463,29.684619600379932,43.84512288644939,0.1028892183966231,1.3280097912108753,0.9276198457481802,2334.496927884232,-949.2593440940213,302.428365830759,6848.055819590866,1,1,0,0
SYN_003,synthetic,synthetic_track_0,DRV_03,60.0,1,18.450103356924238,0.06273226372645269,0.31533406086886223,-0.9489807321837218,0.4489417169008138,0.3307549806349682,0.10498264693239441,0.125,0.0,0.12648381592516392,0.9992595835859719,29.684619600379932,43.84512288644939,0.10288689442681943,1.3280097912108753,0.9275394176887429,2338.1869485556167,-950.7603480416913,298.3911326583106,6518.390572890318,1,1,0,0
SYN_003,synthetic,synthetic_track_0,DRV_03,60.2,1,18.43058524644428,-0.09759055239978665,0.31109974865386714,-0.9503772652938941,0.44965133626069553,0.33376226160514594,0.10156015790034216,0.125,0.0,0.06299005677595164,0.9958652007732389,29.684619600379932,43.84512288644939,0.10288235446926591,1.3280097912108753,0.9274595992212386,2341.8730656049056,-951.4470944191429,296.3318097671992,6676.0744114468125,1,1,0,0
SYN_003,synthetic,synthetic_track_0,DRV_03,60.400000000000006,1,18.545280707630983,0.5734773059335119,0.30686374106910924,-0.9517534577909715,0.4503602049240203,0.34181419752130254,0.09150162181396639,0.125,0.0,0.12520076573855218,0.9865145952692109,29.684619600379932,43.84512288644939,0.10287559864972284,1.3280097912108753,0.9273805313920171,2345.5821217464318,-952.6908181648776,292.13252844364314,6743.6572088653775,1,1,0,0
SYN_003,synthetic,synthetic_track_0,DRV_03,60.6,1,18.611709605995653,0.3321444918233496,0.302595228139241,-0.9531191572449694,0.4510734849512369,0.3413644068915034,0.09258335505167586,0.125,0.0,0.06210503365433113,0.9806132589768517,29.684619600379932,43.84512288644939,0.10286662715533162,1.3280097912108753,0.9273016236052208,2349.304463667631,-953.2469300763628,289.99291230386166,6649.069326726875,1,1,0,0
SYN_003,synthetic,synthetic_track_0,DRV_03,60.800000000000004,1,18.679376429897076,0.33833411950711323,0.29830531514567926,-0.9544705018783121,0.45178931993608284,0.34211762698368064,0.09015653616883078,0.125,0.0,0.1229696157558191,0.9665229820350105,29.684619600379932,43.84512288644939,0.1028554402346095,1.3280097912108753,0.9272230881591712,2353.0403389536104,-954.2255877693852,285.6346622794469,6688.76068369233,1,1,0,0
SYN_003,synthetic,synthetic_track_0,DRV_03,61.0,1,18.802688610475748,0.6165609028933616,0.2939937378550669,-0.9558073457041467,0.4525077574910789,0.3465691638571283,0.08516130394550073,0.125,0.0,0.06077134513356884,0.9584090107384183,29.684619600379932,43.84512288644939,0.10284203819744281,1.3280097912108753,0.9271449195140297,2356.8008766757057,-954.6473471451054,283.4164322234859,6535.857813992428,1,1,0,0
SYN_003,synthetic,synthetic_track_0,DRV_03,61.2,1,18.92044923973208,0.5888031462816556,0.2896476477003804,-0.9571333450369579,0.4532309378222511,0.34325181868441373,0.08673562374696639,0.125,0.0,0.1199013888002081,0.9402484820769689,29.684619600379932,43.84512288644939,0.10282642141507821,1.3280097912108753,0.9270668727188529,2360.584966523652,-955.3538641718644,278.9028465843672,6683.077643399569,1,1,0,0
SYN_003,synthetic,synthetic_track_0,DRV_03,61.400000000000006,1,19.114891329678024,0.9722104497297224,0.28526830172492185,-0.9584477012497755,0.4539586474083946,0.35200968058193516,0.07773410535909289,0.125,0.0,0.05905231960254584,0.9302891032690145,29.684619600379932,43.84512288644939,0.10280859032011257,1.3280097912108753,0.9269889720706878,2364.4079447895874,-955.6379190249137,276.60795430874117,6613.696425696071,1,1,0,0
SYN_003,synthetic,synthetic_track_0,DRV_03,61.6,1,19.337070450098345,1.110895602101607,0.2808378941823535,-0.9597552173295133,0.45469383553645915,0.3496418938586454,0.07854421519447864,0.125,0.0,0.11613466952047594,0.9088375313358731,29.684619600379932,43.84512288644939,0.1027885454064809,1.3280097912108753,0.9269108800229267,2368.275358879607,-956.0659730044238,271.94320127090293,6920.192320189635,1,1,0,0
SYN_003,synthetic,synthetic_track_0,DRV_03,61.800000000000004,1,19.458700641851582,0.6081509587661849,0.27634989338939386,-0.9610570932175001,0.4554375690153091,0.3510380452749578,0.07804174221350017,0.25,0.0,0.057021680744536354,0.8974366962018367,29.684619600379932,43.84512288644939,0.1027662872294427,1.3280097912108753,0.9268324743660576,2372.1670990079774,-956.2093571408424,269.5738609681488,7872.936188917042,2,1,0,0
SYN_003,synthetic,synthetic_track_0,DRV_03,62.0,1,19.723862277242205,1.3258081769531138,0.2718275715568926,-0.9623459727881041,0.4561859805784572,0.3583206259666316,0.06727520879098187,0.25,0.0,0.11182198419328573,0.8735116165116196,29.684619600379932,43.84512288644939,0.10274181640556651,1.3280097912108753,0.9267541973303964,2376.111871463426,-956.3534157106283,264.7626229441877,7842.235840371605,2,1,0,0
SYN_003,synthetic,synthetic_track_0,DRV_03,62.2,1,19.97188707945421,1.240124011060022,0.267237490754805,-0.9636306987301076,0.4569445906660434,0.36430165456471236,0.06242884634733045,0.25,0.0,0.05475678995295021,0.8610759202589273,29.684619600379932,43.84512288644939,0.10271513361271296,1.3280097912108753,0.9266754171742326,2380.106248879317,-956.3535667825985,262.32130025140674,7810.369627113408,2,1,0,0
SYN_003,synthetic,synthetic_track_0,DRV_03,62.400000000000006,1,20.149562289529598,0.8883760503769444,0.2625835043089494,-0.9649092720379632,0.4577127401690994,0.3651640637008749,0.05919738023615421,0.25,0.0,0.1071169537772951,0.8354707780264772,29.684619600379932,43.84512288644939,0.10268623959001585,1.3280097912108753,0.9265962090778921,2384.136161337223,-956.2089219710614,257.36875061392664,7987.983205018102,2,1,0,0
SYN_003,synthetic,synthetic_track_0,DRV_03,62.6,1,20.4865339162879,1.6848581337915114,0.25788191651496956,-0.9661764420304224,0.45848772333408133,0.36787781714210493,0.05592991303511388,0.25,0.0,0.05233274143747499,0.8223818479629037,29.684619600379932,43.84512288644939,0.1026551351378618,1.3280097912108753,0.9265168823394645,2388.23346812048,-956.0636977752159,254.8581504426689,7692.089817521705,2,1,0,0
SYN_003,synthetic,synthetic_track_0,DRV_03,62.800000000000004,1,20.90686476177535,2.101654227437244,0.2530954334694082,-0.9674413168543776,0.4592756669462462,0.37862726163217825,0.0434216250026938,0.25,0.0,0.10216386452130224,0.7958191382119464,29.684619600379932,43.84512288644939,0.10262182111786798,1.3280097912108753,0.926436735796231,2392.4148410728353,-955.6264967727536,249.7699281195243,8284.314050981156,2,1,0,0
SYN_003,synthetic,synthetic_track_0,DRV_03,63.0,1,21.323169531868025,2.0815238504633804,0.2482043492869841,-0.9687076963640915,0.4600797771293914,0.3765108043025521,0.044580053052205006,0.25,0.0,0.09878789868897403,0.7689706632042592,29.684619600379932,43.84512288644939,0.1025862984528583,1.3280097912108753,0.926355402390782,2396.679474979209,-954.9925525016882,244.5946076227111,7821.182093288178,2,1,0,0
SYN_003,synthetic,synthetic_track_0,DRV_03,63.2,1,21.622059948815018,1.494452084734963,0.24320934672291375,-0.9699738211243711,0.46089989903446327,0.3722613512169897,0.051294797535090295,0.25,0.0,0.048120489993608295,0.7555166604914423,29.684619600379932,43.84512288644939,0.10254856812683781,1.3280097912108753,0.9262728995426479,2401.003886968972,-954.601461862847,241.975163484714,7808.181566836847,2,1,0,0
SYN_003,synthetic,synthetic_track_0,DRV_03,63.400000000000006,1,21.987760210488723,1.8285013083685264,0.23813773462419274,-0.9712313933085449,0.4617315167248023,0.3749207808078285,0.045232654878868794,0.25,0.0,0.09369521560448223,0.7286852041385937,29.684619600379932,43.84512288644939,0.10250863118496552,1.3280097912108753,0.9261897435614349,2405.4014390110697,-953.6705119724588,236.6745277398141,7980.830556202598,2,1,0,0
SYN_003,synthetic,synthetic_track_0,DRV_03,63.6,1,22.395397946558106,2.038188680346913,0.23297367796670046,-0.9724830411758696,0.4625771998098211,0.3894310832622627,0.02794029748479219,0.25,0.0,0.09032103517366706,0.7021125663754637,29.684619600379932,43.84512288644939,0.10246648873352533,1.3280097912108753,0.9261056401519407,2409.8805186003815,-952.5406947673521,231.2940710073022,7772.823308675422,2,1,0,0
SYN_003,synthetic,synthetic_track_0,DRV_03,63.800000000000004,1,23.003617890613544,3.0410997202771917,0.2277071223730764,-0.9737296680396325,0.4634385612693041,0.4010463764614098,0.013817804278908326,0.25,0.0,0.08699011197926203,0.6759583802753371,29.684619600379932,43.84512288644939,0.10242214193989549,1.3280097912108753,0.9260204044390649,2414.481242178504,-951.2116412802503,225.8368973090929,8006.361732425395,2,1,0,0
SYN_003,synthetic,synthetic_track_0,DRV_03,64.0,1,23.447932653369154,2.2215738137780505,0.2222905939076131,-0.9749804571683479,0.46432331580355846,0.3812873754966868,0.0382793909872989,0.25,0.0,0.04226455434389721,0.6630796704557647,29.684619600379932,43.84512288644939,0.10237559203251617,1.3280097912108753,0.92593315349256,2419.170828709178,-950.4723618443593,223.0805393208912,8299.571731961303,2,1,0,0
SYN_003,synthetic,synthetic_track_0,DRV_03,64.2,1,23.960541164001516,2.5630425531618073,0.21676237652182237,-0.9762243963990102,0.4652251593671496,0.38922033416051866,0.027909229386855586,0.25,0.0,0.08211360236254597,0.6377864107452674,29.684619600379932,43.84512288644939,0.10232684030085554,1.3280097912108753,0.9258446081083833,2423.962936941978,-948.8443729232287,217.5143286632811,8125.90693012388,2,1,0,0
SYN_003,synthetic,synthetic_track_0,DRV_03,64.4,1,24.465862315301223,2.5266057564985367,0.21110611516214725,-0.9774631492497026,0.4661467186426881,0.39384194679785645,0.02158677334230212,0.25,0.0,0.07896242243275638,0.6131831321459108,29.684619600379932,43.84512288644939,0.10227588809537395,1.3280097912108753,0.9257544673889061,2428.8561094050383,-947.0174501559262,211.87958695585417,8241.183881913792,2,1,0,0
SYN_003,synthetic,synthetic_track_0,DRV_03,64.60000000000001,1,25.012868635627168,2.735031601629725,0.20532326279489765,-0.9786942105454887,0.46708771334712273,0.3983317882629794,0.015023732984705804,0.25,0.0,0.07590282190717249,0.5893350993527734,29.684619600379932,43.84512288644939,0.10222273682748659,1.3280097912108753,0.9256627629750851,2433.8586831321636,-944.9922088328384,206.17974103223128,8332.029810593162,2,1,0,0
SYN_003,synthetic,synthetic_track_0,DRV_03,64.8,1,25.609388770809318,2.9826006759107493,0.19940369934388713,-0.9799174274845676,0.4680497467561853,0.4006864396914652,0.010982140366678364,0.25,0.0,0.07294172191118559,0.5662874464138113,29.684619600379932,43.84512288644939,0.10216738796952433,1.3280097912108753,0.925569311010477,2438.9805608863253,-942.7695480276038,200.41829434116616,8188.86093270468,2,1,0,0
SYN_003,synthetic,synthetic_track_0,DRV_03,65.0,1,26.210574382151748,3.0059280567121505,0.1933354163793867,-0.9811327212836238,0.4690347232473702,0.4075788074846096,0.0029293613420006605,0.25,0.0,0.07008369299691027,0.5440681621320596,29.684619600379932,43.84512288644939,0.10210984305469302,1.3280097912108753,0.9254738931743348,2444.2226757627554,-940.3506506800082,194.5988197750922,8468.145985118523,2,1,0,0
SYN_003,synthetic,synthetic_track_0,DRV_03,65.2,1,26.818756187471052,3.0409090265965233,0.18711701339448128,-0.9823376320279752,0.47004282226206834,0.40362392848154716,0.008707056404826352,0.25,0.0,0.06733132025761929,0.5226908715383127,29.684619600379932,43.84512288644939,0.10205010367703092,1.3280097912108753,0.925376488460352,2449.58642700025,-937.7369830979688,188.72495240067596,8321.36088961543,2,1,0,0
SYN_003,synthetic,synthetic_track_0,DRV_03,65.4,1,27.45237929641873,3.168115544738388,0.18074655205769738,-0.9835297066785802,0.47107431288466345,0.42140846314361863,0.0,0.25,0.0,0.06468553899818819,0.5021573624859026,29.684619600379932,43.84512288644939,0.10198817149136462,1.3280097912108753,0.9252770655888269,2455.0769028595337,-934.9302938781528,182.80038210876927,8475.612808835094,2,1,0,0
SYN_003,synthetic,synthetic_track_0,DRV_03,65.60000000000001,1,28.104830154316378,3.26225428948824,0.17421772041136274,-0.9847071574304049,0.4721301736268334,0.42764790516623463,0.0,0.25,0.0,0.06214593634219747,0.48245983342691057,29.684619600379932,43.84512288644939,0.10192404821326317,1.3280097912108753,0.9251755121033531,2460.697868890397,-931.9326122460772,176.82884620127095,8749.806939271786,2,1,0,0
SYN_003,synthetic,synthetic_track_0,DRV_03,65.8,1,28.81416843331513,3.5466913949937506,0.16752577953004116,-0.9858676955823494,0.47321112863276865,0.439274919510405,0.0,0.25,0.0,0.08868552188820988,0.4544455938618313,29.684619600379932,43.84512288644939,0.10185773561899059,1.3280097912108753,0.925071744628956,2466.4607025770597,-927.0831023769582,167.791753636898,8585.51349425953,2,1,0,0
SYN_003,synthetic,synthetic_track_0,DRV_03,66.0,1,29.48259052499285,3.342110458388614,0.1606569205319188,-0.9870103109315529,0.4743193658802038,0.4435435832084202,0.0,0.375,0.0,0.05624960197066671,0.43675794335374374,29.684619600379932,43.84512288644939,0.10178923554545656,1.3280097912108753,0.9249655123099096,2472.357220682058,-923.6186374502411,161.71939814685132,9539.239649981082,3,1,0,0
SYN_003,synthetic,synthetic_track_0,DRV_03,66.2,1,30.155373249698133,3.363913623526411,0.15362065966237137,-0.988129896787309,0.47545331166962657,0.4405362323619544,0.002623806601870421,0.375,0.0,0.05406473737809127,0.4198293951884245,29.684619600379932,43.84512288644939,0.10171854989016568,1.3280097912108753,0.9248569946081869,2478.3882953319976,-919.9724548624071,155.61342307116567,9720.351879831318,3,1,0,0
SYN_003,synthetic,synthetic_track_0,DRV_03,66.4,1,30.95298541956582,3.988060849338435,0.14641576940033205,-0.9892231408893085,0.4766131337176919,0.4661700265080139,0.0,0.375,0.0,0.07720494289426622,0.39579281672300065,29.684619600379932,43.84512288644939,0.10164568061116484,1.3280097912108753,0.9247461717495885,2484.5788924159106,-914.1696546745212,146.3998652663712,9636.293151569476,3,1,0,0
SYN_003,synthetic,synthetic_track_0,DRV_03,66.60000000000001,1,31.594999175617996,3.2100687802608796,0.13901222597854698,-0.9902906649204007,0.4778036331569059,0.45817786836293234,0.003015677242420326,0.375,0.0,0.04900491046667553,0.3806250509391307,29.684619600379932,43.84512288644939,0.10157062972698895,1.3280097912108753,0.9246324938789953,2490.897892251034,-910.0839934927583,140.22673219094054,10219.142084751807,3,1,0,0
SYN_003,synthetic,synthetic_track_0,DRV_03,66.8,1,32.39455021533761,3.9977551985980675,0.13144710265426637,-0.9913231860517532,0.4790188254328912,0.48480872589135565,0.0,0.375,0.0,0.07001903692522601,0.3590740059224525,29.684619600379932,43.84512288644939,0.10149339931660509,1.3280097912108753,0.9245166450057376,2497.3768022941017,-903.6395566929995,130.9305391771369,9664.408254691356,3,1,0,0
SYN_003,synthetic,synthetic_track_0,DRV_03,67.0,1,33.175407387464475,3.9042858606343245,0.12368258193836462,-0.9923218323331698,0.48026476967194265,0.4819418111213978,4.807296179553805e-06,0.375,0.0,0.04446804758355929,0.345457354020748,29.684619600379932,43.84512288644939,0.10141399151935483,1.3280097912108753,0.9243979313239652,2504.0118837715945,-899.1387699269854,124.71435318253545,9910.905095888995,3,1,0,0
SYN_003,synthetic,synthetic_track_0,DRV_03,67.2,1,34.077640498727426,4.511165556314758,0.11572304847873478,-0.9932815190321365,0.48154074687915277,0.503250996981845,0.0,0.375,0.0,0.06356754146638918,0.3260739670284298,29.684619600379932,43.84512288644939,0.10133240853489511,1.3280097912108753,0.9242764344267983,2510.82741187134,-892.0921048119966,115.37152765221069,9844.575323540372,3,1,0,0
SYN_003,synthetic,synthetic_track_0,DRV_03,67.4,1,34.78008726908864,3.512233851806066,0.1075393093449348,-0.9942008333056327,0.482851425359873,0.4888976335386285,0.004199591691788377,0.375,0.0,0.04038738549064656,0.31379783801377276,29.684619600379932,43.84512288644939,0.10124865262313715,1.3280097912108753,0.9241516195821313,2517.7834293251576,-887.2043222711065,109.1361219718172,10349.82152129373,3,1,0,0
SYN_003,synthetic,synthetic_track_0,DRV_03,67.60000000000001,1,35.60321845833369,4.115655946225267,0.0991793614514775,-0.9950695725737357,0.48418912102406875,0.5185718353874398,0.0,0.375,0.0,0.05775097041928282,0.29627259385239074,29.684619600379932,43.84512288644939,0.10116272610418396,1.3280097912108753,0.9240243651538332,2524.9040730168244,-879.6002947210438,99.7820512798809,10120.789939383847,3,1,0,0
SYN_003,synthetic,synthetic_track_0,DRV_03,67.8,1,36.465582226056604,4.311818838614556,0.0906143086360128,-0.9958860612893512,0.4855584755801585,0.5272231362525397,0.003355046100082819,0.375,0.0,0.054526087208856606,0.2797217065680071,29.684619600379932,43.84512288644939,0.10107463135826604,1.3280097912108753,0.923894139416392,2532.1971894620356,-871.6854829172132,90.43781263412133,10101.88051635414,3,1,0,0
SYN_003,synthetic,synthetic_track_0,DRV_03,68.0,1,37.36135048755818,4.478841307507864,0.08183484903834944,-0.9966459037606439,0.48696099797346837,0.5446407565420017,0.0010686125657311933,0.375,0.0,0.05147624727767949,0.26404604031555606,29.684619600379932,43.84512288644939,0.10098437082567542,1.3280097912108753,0.9237607690143745,2539.6694595595472,-863.4788336372939,81.11550120364133,10194.648692836301,3,1,0,0
SYN_003,synthetic,synthetic_track_0,DRV_03,68.2,1,38.25910148245118,4.48875497446501,0.07283313884954402,-0.9973441401468818,0.48839797299222065,0.5590888671339939,0.0009654373812319887,0.375,0.0,0.04858318242508572,0.2491518181962714,29.684619600379932,43.84512288644939,0.10089194700669808,1.3280097912108753,0.9236241062179223,2547.3212798560376,-855.0002080765202,71.82687972856766,10430.00557084208,3,1,0,0
SYN_003,synthetic,synthetic_track_0,DRV_03,68.4,1,39.23162655308724,4.862625353180299,0.06360898089362389,-0.9979748982563011,0.48986947689539184,0.5819340976823965,0.0,0.5,0.0,0.045829634493999016,0.2349505285285024,29.684619600379932,43.84512288644939,0.10079736246154472,1.3280097912108753,0.9234841415349456,2555.167605166655,-846.2703037938494,62.58333415215098,11594.65228620304,4,1,0,0
SYN_003,synthetic,synthetic_track_0,DRV_03,68.60000000000001,1,40.146441758772646,4.5740760284270365,0.05414471034995769,-0.9985330992716862,0.4913783856089721,0.5871325543374735,0.0008211681165906812,0.5,0.0,0.04319932004519522,0.22135865902936014,29.684619600379932,43.84512288644939,0.10070061981027977,1.3280097912108753,0.9233405451734916,2563.1968935184095,-837.3105727022845,53.39583187131197,11627.236236122542,4,1,0,0
SYN_003,synthetic,synthetic_track_0,DRV_03,68.8,1,41.0698322926276,4.616952669274781,0.04445471757275219,-0.9990114003781573,0.4929224795227711,0.6052896175950914,0.0,0.5,0.0,0.04067686818453166,0.2082973159397197,29.684619600379932,43.84512288644939,0.10060172173274892,1.3280097912108753,0.9231935702530122,2571.410859976935,-828.1431354904917,44.274882801381295,11510.486566804188,4,1,0,0
SYN_003,synthetic,synthetic_track_0,DRV_03,69.0,1,42.05734986579301,4.937587865827027,0.034537527043123406,-0.999403401648076,0.4945020884571029,0.6220002962538916,0.00034061050312240743,0.5,0.0,0.038247740751256525,0.19569176903805593,29.684619600379932,43.84512288644939,0.10050067096850474,1.3280097912108753,0.9230431782201979,2579.8223299500937,-818.7906928809937,35.23050343365674,11900.440148294128,4,1,0,0
SYN_003,synthetic,synthetic_track_0,DRV_03,69.2,1,43.21433674397531,5.784934390911509,0.024378361580226493,-0.999702803580476,0.4961196788365565,0.6619511804026984,0.0,0.5,0.0,0.047353895657746094,0.17947102009526958,29.684619600379932,43.84512288644939,0.10039747031673092,1.3280097912108753,0.9228890860763206,2588.4651972988886,-806.0731221383554,23.306762798230363,11756.348435455784,4,1,0,0
SYN_003,synthetic,synthetic_track_0,DRV_03,69.4,1,44.28380566928877,5.347344626567292,0.013937107004020408,-0.9999028738074306,0.49778176871132473,0.6723740961304479,0.0,0.5,0.0,0.03286640111270531,0.16765797248758213,29.684619600379932,43.84512288644939,0.1002921226361647,1.3280097912108753,0.922730547298817,2597.321958432746,-796.3798493243773,14.476988401930798,11780.594684479152,4,1,0,0
SYN_003,synthetic,synthetic_track_0,DRV_03,69.60000000000001,1,45.36471571854723,5.404550246292317,0.003235885011953182,-0.9999947645103895,0.49948499200629737,0.6908620475161152,0.0,0.5,0.0,0.030652145427394965,0.15607510380127795,29.684619600379932,43.84512288644939,0.10018463084501764,1.3280097912108753,0.9225679460912162,2606.3949015764556,-786.5802383301332,5.753212319363449,11751.591577146899,4,1,0,0
SYN_003,synthetic,synthetic_track_0,DRV_03,69.8,1,46.61253035092642,6.239073161895945,-0.007726913805765402,-0.999970146955917,0.501229788764703,0.7354325756911395,0.0013283160710333597,0.5,0.0,0.037488464858554456,0.14088115885869984,29.684619600379932,43.84512288644939,0.10007499792089478,1.3280097912108753,0.9224012312192914,2615.717407646641,-773.3903951107249,-5.700656534690141,12012.857492967645,4,1,0,0
SYN_003,synthetic,synthetic_track_0,DRV_03,70.0,1,47.9551496604007,6.7130965473714,-0.018990278554254347,-0.999819668400473,0.5030225783935848,0.7803191549484263,0.002388543910271792,0.5,0.0,0.03367436534531778,0.12583991813020737,29.684619600379932,43.84512288644939,0.09996322690071223,1.3280097912108753,0.9222296673918021,2625.308437578721,-760.1117642832771,-16.936614083535954,11984.310520643312,4,1,0,0
SYN_003,synthetic,synthetic_track_0,DRV_03,70.2,1,49.223372205287475,6.341112724433877,-0.030575542296777548,-0.9995324588092465,0.5048670072266771,0.7930793330430383,0.011790805982961259,0.5,0.0,0.022766436509242323,0.11457304199251903,29.684619600379932,43.84512288644939,0.099849320880613,1.3280097912108753,0.9220528365393262,2635.1531120197787,-750.1289289461868,-25.212023543758878,12293.737148569313,4,1,0,0
SYN_003,synthetic,synthetic_track_0,DRV_03,70.4,1,50.69561211656898,7.361199556407527,-0.0424629051714806,-0.9990980440799581,0.5067602138499574,0.8613567926643902,0.006910268678664738,0.625,0.0,0.02702718862031735,0.09945438158534024,29.684619600379932,43.84512288644939,0.0997332830158812,1.3280097912108753,0.9218710650610424,2645.2922344430926,-736.8321159430241,-36.03397985564409,13580.561806130336,5,1,0,0
SYN_003,synthetic,synthetic_track_0,DRV_03,70.60000000000001,1,52.344415148154646,8.244015157928324,-0.05469951335317553,-0.9985028609067306,0.5087100450852101,0.9340442559223466,0.003125235982254167,0.625,0.0,0.023182204421121375,0.08409269440727535,29.684619600379932,43.84512288644939,0.09961511652085472,1.3280097912108753,0.9216834543162374,2655.7611174727235,-723.6020115611552,-46.604285945507044,13167.664058329025,5,1,0,0
SYN_003,synthetic,synthetic_track_0,DRV_03,70.8,1,54.27910171327737,9.673432825613624,-0.06732546436922854,-0.9977310668950164,0.5107232918216776,1.0,0.0,0.625,1.0,0.019257141580044903,0.06833883785637662,29.684619600379932,43.84512288644939,0.0994948246688361,1.3280097912108753,0.9214892264451912,2666.616937815379,-710.4931426759604,-56.914589985601786,13536.534443065953,5,1,0,0
SYN_003,synthetic,synthetic_track_0,DRV_03,71.0,1,56.20094857950522,9.609234331139263,-0.08040667580408353,-0.9967621413788432,0.5128109495798806,1.0,0.0,0.625,1.0,0.018367528298419207,0.04785767086273138,29.684619600379932,43.84512288644939,0.0993724107920019,1.3280097912108753,0.9212871225607029,2677.85712753128,-694.3578278543276,-69.42746631187745,13495.448485818428,5,1,0,0
SYN_003,synthetic,synthetic_track_0,DRV_03,71.2,1,58.05095631597177,9.250038682332722,-0.09393644457134435,-0.9955781960154083,0.5149725245252462,0.9973404393773865,0.002659560622613518,0.625,1.0,0.009931130477839703,0.030640946168765844,29.684619600379932,43.84512288644939,0.09924787828131044,1.3280097912108753,0.9210771981401606,2689.4673187944745,-681.7116836523362,-79.13288442574533,13660.970370626836,5,1,0,0
SYN_003,synthetic,synthetic_track_0,DRV_03,71.4,1,59.79691807952371,8.729808817759697,-0.10789336179069348,-0.9941624728793088,0.517205253614322,0.9913005886160147,0.008699411383985311,0.625,1.0,0.006111938329842223,0.0077910748741402075,29.684619600379932,43.84512288644939,0.09912123058640777,1.3280097912108753,0.920859768240841,2701.426702410379,-666.3097934739492,-90.88059238696819,13620.361396166574,5,1,0,0
SYN_003,synthetic,synthetic_track_0,DRV_03,71.60000000000001,1,61.550117546323776,8.765997334000346,-0.12224782265835595,-0.9924996069799177,0.519505135078919,1.0,0.0,0.75,1.0,-0.0004740554958779539,0.011783063834409479,29.684619600379932,43.84512288644939,0.09899247121553219,1.3280097912108753,0.9206352896125539,2713.736725919644,-654.367039619198,-99.97186421750666,14937.8261302972,6,1,0,0
SYN_003,synthetic,synthetic_track_0,DRV_03,71.8,1,62.96869120514905,7.092868294126369,-0.13699645378807934,-0.9905715378757309,0.5218724472922392,0.9473819463310497,0.00287056794395944,0.75,1.0,-0.007822301329533468,0.03820278238778189,29.684619600379932,43.84512288644939,0.09886160373541707,1.3280097912108753,0.9204037293393846,2726.3304641606737,-639.9789689428353,-110.95604528140318,14995.061788714198,6,1,0,0
SYN_003,synthetic,synthetic_track_0,DRV_03,72.0,1,63.282530063398205,1.569194291245779,-0.15205361254528077,-0.9883722471376509,0.5242943200308988,0.5510975713002093,0.0,0.75,0.0,-0.016554256496611092,0.06718832581688142,29.684619600379932,43.84512288644939,0.09872863177119194,1.3280097912108753,0.9201665586873495,2738.9869701733533,-626.2580287431267,-121.52572030932382,15000.0,6,1,0,0
SYN_003,synthetic,synthetic_track_0,DRV_03,72.2,1,61.561436121256214,-8.605469710709954,-0.16715033862883208,-0.9859314196719094,0.5267282634948757,0.23204871872261507,0.23714231238644573,0.75,0.0,-0.026165886577691724,0.09918417198680779,29.684619600379932,43.84512288644939,0.09859355900628226,1.3280097912108753,0.9199286373845434,2751.2992573976044,-613.2668539148099,-131.69241994382037,14929.324101437907,6,1,0,0
SYN_003,synthetic,synthetic_track_0,DRV_03,72.4,1,58.33823855915403,-16.11598781051093,-0.18179899899730836,-0.9833357127469624,0.5290960110380009,0.051062086699012105,0.4814049663888372,0.625,0.0,-0.036798400533388786,0.13463560036327227,29.684619600379932,43.84512288644939,0.0984563891823072,1.3280097912108753,0.9196989180128025,2762.966905109435,-601.0581845880486,-141.47079457101546,14172.798875756263,5,1,0,0
SYN_003,synthetic,synthetic_track_0,DRV_03,72.60000000000001,1,54.46344183377141,-19.37398362691308,-0.1956436144084727,-0.9806750614455274,0.5313397894441222,0.0057257469731080615,0.6085434057518261,0.625,0.0,-0.048587870575215554,0.1739504668893094,29.684619600379932,43.84512288644939,0.09831712609897612,1.3280097912108753,0.9194840086881415,2773.8595934761893,-589.6743867490309,-150.8781336534634,13420.25228795847,5,1,0,0
SYN_003,synthetic,synthetic_track_0,DRV_03,72.8,1,50.72324372802422,-18.70099052873595,-0.20853363587096063,-0.9780151955416836,0.5334345372069594,0.0,0.6136962228696148,0.625,0.0,-0.048210505887366945,0.2083944676702264,29.684619600379932,43.84512288644939,0.09817577361398326,1.3280097912108753,0.9192867752895708,2784.004242221794,-581.1828894897811,-158.1498528142666,13286.154276761099,5,1,0,0
SYN_003,synthetic,synthetic_track_0,DRV_03,73.0,1,47.20539005248981,-17.589268377672056,-0.22050601179813142,-0.9753856154162222,0.5353854311964988,0.012311063327692136,0.5824834436817923,0.5,0.0,-0.057253706746187814,0.24557569574478477,29.684619600379932,43.84512288644939,0.09803233564290086,1.3280097912108753,0.9191066244084921,2793.445320232292,-573.2509499368762,-165.2072195150153,12009.564941831428,4,1,0,0
SYN_003,synthetic,synthetic_track_0,DRV_03,73.2,1,43.84211072200156,-16.81639665244127,-0.23161832975639488,-0.97280673790885,0.5372010231215946,0.002533130907740556,0.5695095499727839,0.5,0.0,-0.06698340029331155,0.28542617775442186,29.684619600379932,43.84512288644939,0.09788681615907077,1.3280097912108753,0.9189425765374103,2802.213742376692,-565.8852406905526,-172.06143110919376,11769.569700930746,4,1,0,0
SYN_003,synthetic,synthetic_track_0,DRV_03,73.4,1,40.928227356223076,-14.569416828892408,-0.2419119537054219,-0.9702982050145336,0.5388872581493639,0.0315454326371067,0.5031751060568163,0.5,0.0,-0.05701434394854093,0.3169150636413445,29.684619600379932,43.84512288644939,0.09773921919349429,1.3280097912108753,0.9187939503399064,2810.399387847937,-560.7340275647036,-177.0756867079506,11652.386597465887,4,1,0,0
SYN_003,synthetic,synthetic_track_0,DRV_03,73.60000000000001,1,38.496583538889354,-12.158219086668609,-0.25149694663897365,-0.9678580917837456,0.5404614207399878,0.07984128708301931,0.440660303215396,0.375,0.0,-0.06309164554730974,0.34955053344428055,29.684619600379932,43.84512288644939,0.09758954883472061,1.3280097912108753,0.9186587672471711,2818.098704555715,-555.9019145664025,-181.98705577465228,10556.54735214233,3,1,0,0
SYN_003,synthetic,synthetic_track_0,DRV_03,73.8,1,36.354404166160464,-10.71089686364445,-0.2604900353084938,-0.9654765359681092,0.5419420585684067,0.1112179057339672,0.39965940716927933,0.375,0.0,-0.06935820641078314,0.3830138984553889,29.684619600379932,43.84512288644939,0.09743780922873349,1.3280097912108753,0.9185349041613962,2825.369585388947,-551.3867915273058,-186.80045989725775,9952.11976746144,3,1,0,0
SYN_003,synthetic,synthetic_track_0,DRV_03,74.0,1,34.39578220701578,-9.793109795723431,-0.2689620102826829,-0.963150786234792,0.5433403048824899,0.12861963469588067,0.3743520454292939,0.375,0.0,-0.07574188428244681,0.4168580348960997,29.684619600379932,43.84512288644939,0.09728400457883636,1.3280097912108753,0.9184210861780342,2832.2487418303504,-547.1851863687268,-191.52078712531005,10081.148093097485,3,1,0,0
SYN_003,synthetic,synthetic_track_0,DRV_03,74.2,1,32.64298182049215,-8.764001932618122,-0.2769584498657247,-0.9608818954730987,0.5446632195827597,0.15244052489820498,0.342757502738942,0.375,0.0,-0.0821444717461385,0.4504899632507257,29.684619600379932,43.84512288644939,0.09712813914553604,1.3280097912108753,0.9183165043663134,2838.777338194449,-543.2922966677669,-196.15285447292632,9707.918054290329,3,1,0,0
SYN_003,synthetic,synthetic_track_0,DRV_03,74.4,1,31.098937001087464,-7.720224097023447,-0.2845297041068037,-0.958667224578422,0.5459187188835479,0.16957750589978565,0.31830185107524694,0.375,0.0,-0.08843896219146656,0.4831602983894519,29.684619600379932,43.84512288644939,0.09697021724642461,1.3280097912108753,0.9182202518160367,2844.9971255946666,-539.7020272093708,-200.70137190842036,9556.89112549803,3,1,0,0
SYN_003,synthetic,synthetic_track_0,DRV_03,74.60000000000001,1,29.90052833423975,-5.992043334238577,-0.29172636809983815,-0.9565018171207401,0.5471148318451282,0.20817288601675557,0.2677324857407022,0.375,0.0,-0.06233276242497205,0.5039655438637977,29.684619600379932,43.84512288644939,0.09681024325605976,1.3280097912108753,0.9181314086903413,2850.9772312615146,-537.4730595703815,-203.68956316624835,9503.069226035124,3,1,0,0
SYN_003,synthetic,synthetic_track_0,DRV_03,74.8,1,29.010678009269682,-4.44925162485033,-0.29863017418532695,-0.9543689114100696,0.5482648521656759,0.23779152758899616,0.23013141005169904,0.25,0.0,-0.064893294802341,0.5236409291572665,29.684619600379932,43.84512288644939,0.0966482216058438,1.3280097912108753,0.9180484528607353,2856.7793668633685,-535.372875411897,-206.64396725510068,8486.797207042957,2,1,0,0
SYN_003,synthetic,synthetic_track_0,DRV_03,75.0,1,28.115265778539502,-4.477061153650901,-0.30531362107103777,-0.9522518536545312,0.5493806474737247,0.23635204448204947,0.23093204911045487,0.25,0.0,-0.10177299295396224,0.5503172324101954,29.684619600379932,43.84512288644939,0.09648415678390068,1.3280097912108753,0.9179700253240776,2862.4024200190765,-532.4580897664719,-211.01499713383419,8398.973158102825,2,1,0,0
SYN_003,synthetic,synthetic_track_0,DRV_03,75.2,1,27.416344875793822,-3.494604513728401,-0.3117764684470672,-0.950155478710024,0.5504620038498225,0.2543925019783839,0.20640462155072434,0.25,0.0,-0.07048871458368547,0.5657073810032273,29.684619600379932,43.84512288644939,0.09631805333495183,1.3280097912108753,0.9178961491893367,2867.8856889942354,-530.6675445286695,-213.8904122085565,8641.2162098949,2,1,0,0
SYN_003,synthetic,synthetic_track_0,DRV_03,75.4,1,26.879778765708377,-2.6828305504272265,-0.31806479710931607,-0.9480689768365008,0.5515164786527376,0.2744757307494103,0.18152291632257497,0.25,0.0,-0.07229068381498197,0.5787738924154101,29.684619600379932,43.84512288644939,0.0961499158601902,1.3280097912108753,0.9178259585143117,2873.261644747377,-528.995357826848,-216.7363053388192,8091.275449204919,2,1,0,0
SYN_003,synthetic,synthetic_track_0,DRV_03,75.60000000000001,1,26.444960169055317,-2.1740929832652967,-0.3242165036955632,-0.9459829061518104,0.5525503162975725,0.28852266895931966,0.16382400537709313,0.25,0.0,-0.07377746539089575,0.5891749977574363,29.684619600379932,43.84512288644939,0.09597974901715282,1.3280097912108753,0.9177587375406537,2878.550636781188,-527.4380803159012,-219.5537870326222,8600.863060109628,2,1,0,0
SYN_003,synthetic,synthetic_track_0,DRV_03,75.8,1,26.063780152453923,-1.9059000830069728,-0.3302553488386707,-0.9438916275523626,0.5535674301502285,0.29490522396185803,0.1539899631589237,0.25,0.0,-0.07490701923553722,0.59658968581206,29.684619600379932,43.84512288644939,0.09580755751959179,1.3280097912108753,0.9176940371651782,2883.763392811679,-525.9920692414282,-222.34391386611534,8344.590051684336,2,1,0,0
SYN_003,synthetic,synthetic_track_0,DRV_03,76.0,1,25.777218478294525,-1.4328083707969874,-0.33619395292017,-0.9417927723336543,0.5545698832330151,0.30687702697469543,0.1380001430490917,0.25,0.0,-0.07564072288479057,0.6007302987931182,29.684619600379932,43.84512288644939,0.09563334613734364,1.3280097912108753,0.9176316199471818,2888.918836507338,-524.6534976727115,-225.1076856639835,8531.736899100864,2,1,0,0
SYN_003,synthetic,synthetic_track_0,DRV_03,76.2,1,25.5342298085576,-1.2149433486846206,-0.34205414668089135,-0.9396802438800165,0.5555613147129496,0.31092656746233827,0.12992507853311835,0.25,0.0,-0.07594494063038779,0.6013545515614522,29.684619600379932,43.84512288644939,0.0954571196961973,1.3280097912108753,0.9175710681182213,2894.025682469049,-523.4183640717328,-227.84604292869784,8727.79312228204,2,1,0,0
SYN_003,synthetic,synthetic_track_0,DRV_03,76.4,1,25.461742488402724,-0.36243660077438733,-0.34784601389263753,-0.9375516789057566,0.5565434004748171,0.32947460797659617,0.106509701472789,0.25,0.0,-0.07579245843893664,0.5982759983726373,29.684619600379932,43.84512288644939,0.0952788830777604,1.3280097912108753,0.9175121884925947,2899.1180309667297,-522.282502175836,-230.55986452559696,8196.148693743164,2,1,0,0
SYN_003,synthetic,synthetic_track_0,DRV_03,76.60000000000001,1,25.500409081785662,0.19333296691469215,-0.35360825077161295,-0.9353936096565125,0.5575226982628326,0.34509630271039565,0.08699824162545253,0.25,0.0,-0.07516366260974887,0.5913720210155035,29.684619600379932,43.84512288644939,0.09509864121932397,1.3280097912108753,0.9174542293831767,2904.218112783087,-521.2415911710073,-233.24996563002117,8324.1166220508,2,1,0,0
SYN_003,synthetic,synthetic_track_0,DRV_03,76.80000000000001,1,25.658100902960143,0.7884591058724055,-0.3593658198161389,-0.933196767861888,0.5585034832275166,0.35892630923856783,0.0692608729235244,0.25,0.0,-0.07404735435784854,0.5805885872011067,29.684619600379932,43.84512288644939,0.09491639911372574,1.3280097912108753,0.9173967002148963,2909.349732963679,-520.2911661321414,-235.91709594198704,8509.726560160148,2,1,0,0
SYN_003,synthetic,synthetic_track_0,DRV_03,77.0,1,25.987507430759578,1.6470326389971746,-0.3651452185780373,-0.930950572989564,0.559490333262246,0.3706298891954359,0.05361961696639027,0.25,0.0,-0.07244112195989366,0.5659413129476272,29.684619600379932,43.84512288644939,0.09473216180921187,1.3280097912108753,0.9173390757622774,2914.5472344498307,-519.4266287061333,-238.56193817311976,8414.485362084619,2,1,0,0
SYN_003,synthetic,synthetic_track_0,DRV_03,77.2,1,26.47127240062275,2.418824849315868,-0.37098450387049076,-0.9286390568396129,0.5604898527788136,0.39059380695494894,0.030314194368347182,0.25,0.0,-0.07035123336825617,0.5475127189547607,29.684619600379932,43.84512288644939,0.09454593440929697,1.3280097912108753,0.9172805989495566,2919.841488929955,-518.6432580131532,-241.18510680979642,8479.110678433706,2,1,0,0
SYN_003,synthetic,synthetic_track_0,DRV_03,77.4,1,26.870135958930618,1.9943177915393306,-0.3769174448225743,-0.9262468568305221,0.561507978640376,0.38331458425066983,0.03438087693813682,0.25,0.0,-0.06779205922106495,0.5254459457780283,29.684619600379932,43.84512288644939,0.09435772207262288,1.3280097912108753,0.917220589051996,2925.215516121741,-517.936221741039,-243.78714715565448,8703.297693172497,2,1,0,0
SYN_003,synthetic,synthetic_track_0,DRV_03,77.60000000000001,1,27.63421972703784,3.8204188405361172,-0.38292400609726607,-0.92377984690857,0.5625414454080271,0.4372263040234573,0.0,0.25,0.0,-0.09591739976874249,0.48596103707732213,29.684619600379932,43.84512288644939,0.09416753001281573,1.3280097912108753,0.9171594180717189,2930.7423600671486,-517.0079799803934,-247.65161296107524,8637.55889746879,2,1,0,0
SYN_003,synthetic,synthetic_track_0,DRV_03,77.80000000000001,1,28.346659957098385,3.5622011503027196,-0.3890845272932394,-0.9212020574341964,0.5636043000129132,0.4424370227688679,0.005159305324301437,0.25,0.0,-0.05949587952147863,0.4557341669322042,29.684619600379932,43.84512288644939,0.09397536349834144,1.3280097912108753,0.9170954774592622,2936.4116920585684,-516.4700091212162,-250.2027589410608,8319.080469161856,2,1,0,0
SYN_003,synthetic,synthetic_track_0,DRV_03,78.0,1,29.123293230192456,3.883166365470352,-0.39538584216818273,-0.9185151255221423,0.5646945561651093,0.47169297187334097,0.0061117792928988375,0.25,0.0,-0.05549768796177338,0.42269802036482235,29.684619600379932,43.84512288644939,0.0937812278523599,1.3280097912108753,0.9170289928492454,2942.236350704607,-515.9907458676923,-252.73413318097954,8687.189960471065,2,1,0,0
SYN_003,synthetic,synthetic_track_0,DRV_03,78.2,1,30.070060014552055,4.733833921797999,-0.4018404723578751,-0.9157096891347168,0.565814682827809,0.5213291915138939,0.0,0.375,0.0,-0.0511624419759925,0.3871328873950721,29.684619600379932,43.84512288644939,0.09358512845257738,1.3280097912108753,0.9169596801789672,2948.2503627075175,-515.5649976451509,-255.2459653946291,9850.23937837958,3,1,0,0
SYN_003,synthetic,synthetic_track_0,DRV_03,78.4,1,31.229889646107246,5.799148157775953,-0.40848404660193155,-0.9127654592893572,0.5669712235975995,0.6127668682183661,0.00404577870578987,0.375,0.0,-0.06796472185946663,0.32964863815632944,29.684619600379932,43.84512288644939,0.09338707073109768,1.3280097912108753,0.9168867892313473,2954.4963406367388,-515.0152417240994,-258.9774043618818,9558.661805582762,3,1,0,0
SYN_003,synthetic,synthetic_track_0,DRV_03,78.60000000000001,1,32.57279970300219,6.7145502844747185,-0.41536103054631396,-0.9096566463801076,0.5681723731993729,0.6765597165177918,0.00823152072832557,0.375,0.0,-0.03907961141940142,0.28894989029600116,29.684619600379932,43.84512288644939,0.09318706017427164,1.3280097912108753,0.9168093808839521,2961.0109005773393,-514.7002766793886,-261.44093337209824,9781.66958981277,3,1,0,0
SYN_003,synthetic,synthetic_track_0,DRV_03,78.80000000000001,1,34.4734910909728,9.503456939853052,-0.42250851847714777,-0.9063589530722613,0.5694251731879498,0.8627596297088116,0.0,0.375,0.0,-0.04872504480787724,0.22492590532286375,29.684619600379932,43.84512288644939,0.09298510232254512,1.3280097912108753,0.9167266479207768,2967.905598795534,-514.2918657631708,-265.1000600452653,9929.299802481055,3,1,0,0
SYN_003,synthetic,synthetic_track_0,DRV_03,79.0,1,36.613409980795176,10.699594449111878,-0.4300445528171535,-0.9028076664452371,0.5707510766914489,0.9840911153342732,0.0,0.375,0.0,-0.025617458017871776,0.18055465205378562,29.684619600379932,43.84512288644939,0.0927812027703055,1.3280097912108753,0.9166361344256485,2975.228280791693,-514.0545301483048,-267.51523580301233,9847.613451318859,3,1,0,0
SYN_003,synthetic,synthetic_track_0,DRV_03,79.2,1,38.79710000537983,10.918450122923282,-0.4380156864930032,-0.8989673288757847,0.5721592847676333,1.0,0.0,0.375,0.0,-0.027737786664610513,0.11188368130023298,29.684619600379932,43.84512288644939,0.09257536716572677,1.3280097912108753,0.9165367861031066,2982.987700792769,-513.7376720066447,-271.10121706367204,10242.595478444005,3,1,0,0
SYN_003,synthetic,synthetic_track_0,DRV_03,79.4,1,41.06972256050234,11.36311277561255,-0.44642479974979726,-0.8948211542919363,0.5736514809216864,1.0,0.0,0.5,1.0,-0.0145216164080475,0.04106902558639587,29.684619600379932,43.84512288644939,0.0923676012106131,1.3280097912108753,0.916428408649617,2991.2016453048695,-513.4519721511816,-274.6423107432646,11638.448770799518,4,1,0,0
SYN_003,synthetic,synthetic_track_0,DRV_03,79.60000000000001,1,43.34554996511909,11.379137023083743,-0.45528372111147886,-0.8903464119604713,0.5752310856355518,0.995912497465858,0.004087502534142081,0.5,1.0,0.0018307198614965338,0.05610827100505462,29.684619600379932,43.84512288644939,0.0921579106602408,1.3280097912108753,0.9163106090354626,2999.8707552978935,-513.0891106471597,-279.29200126255193,11771.178370244254,4,1,0,0
SYN_003,synthetic,synthetic_track_0,DRV_03,79.80000000000001,1,45.007321699050586,8.308858669657475,-0.4645848873640413,-0.8855285892804032,0.5768982221726718,0.8816178450530968,0.0,0.5,0.0,0.017666213127253014,0.13072318880977574,29.684619600379932,43.84512288644939,0.091946301323199,1.3280097912108753,0.9161833714167285,3008.8722196377034,-512.8081274032111,-282.7236224334661,11687.67008604639,4,1,0,0
SYN_003,synthetic,synthetic_track_0,DRV_03,80.0,1,44.21401708672724,-3.9665230616167335,-0.47418868124496116,-0.8804232474095426,0.5786292730072506,0.2725958615399412,0.18447549222150653,0.5,0.0,0.045760255859583765,0.23204669866712127,29.684619600379932,43.84512288644939,0.09173277906122862,1.3280097912108753,0.9160493958798438,3017.7150230550487,-512.3897058501277,-287.2217392192289,11860.366517737624,4,1,0,0
SYN_003,synthetic,synthetic_track_0,DRV_03,80.2,1,41.32376026563492,-14.45128410546161,-0.48356858306436734,-0.8753064751691947,0.5803298121259709,0.033697079590295685,0.5005081081992653,0.5,0.0,0.05122365355273069,0.3090030698751827,29.684619600379932,43.84512288644939,0.09151734978906012,1.3280097912108753,0.9159194829863128,3025.9797751081755,-512.0219518954791,-290.5348219483239,12022.98938524704,4,1,0,0
SYN_003,synthetic,synthetic_track_0,DRV_03,80.4,1,38.04490045691921,-16.394299043578542,-0.49228543373629036,-0.8704338296108858,0.581919187520803,0.00042083881453165305,0.5877668361153662,0.375,0.0,0.06583845745720376,0.386263960334876,29.684619600379932,43.84512288644939,0.09130001947424957,1.3280097912108753,0.9158028575355871,3033.5887551995593,-511.5905413224757,-293.7937263583574,10139.65924384878,3,1,0,0
SYN_003,synthetic,synthetic_track_0,DRV_03,80.60000000000001,1,34.74852605676271,-16.48187200078251,-0.50026725542451,-0.8658710488000093,0.5833824529229922,0.0,0.594565000121984,0.375,0.0,0.08044948870423359,0.46312946138253375,29.684619600379932,43.84512288644939,0.09108079413701345,1.3280097912108753,0.9157012275747475,3040.5384604109117,-511.08047227326176,-296.996225571219,10130.173289176892,3,1,0,0
SYN_003,synthetic,synthetic_track_0,DRV_03,80.80000000000001,1,31.601009749577614,-15.737581535925464,-0.507520564914286,-0.8616396440444718,0.5847189346944061,0.0,0.5583937766218189,0.375,0.0,0.09489884252337827,0.5386211262139459,29.684619600379932,43.84512288644939,0.09085967985006171,1.3280097912108753,0.9156146683461833,3046.858662360827,-510.47744066569146,-300.13999840356104,10031.956826281023,3,1,0,0
SYN_003,synthetic,synthetic_track_0,DRV_03,81.0,1,29.285647148453872,-11.576813005618707,-0.5140858118021416,-0.8577387586577472,0.5859343581463129,0.0750144308490145,0.44827938892226316,0.375,0.0,0.07111800928261383,0.5875587192919759,29.684619600379932,43.84512288644939,0.09063668273842974,1.3280097912108753,0.9155425230367747,3052.715791790518,-510.0170518096288,-302.2020472690808,10028.274551635019,3,1,0,0
SYN_003,synthetic,synthetic_track_0,DRV_03,81.2,1,27.09609501832485,-10.947760650645115,-0.5201432737658473,-0.8540790213769138,0.5870607291904842,0.09442511651725342,0.42095088782957374,0.25,0.0,0.11801001543561994,0.6577189445282092,29.684619600379932,43.84512288644939,0.0904118089793086,1.3280097912108753,0.915481128317058,3058.135010794183,-509.2293829029861,-305.2426419461817,8704.42454517124,2,1,0,0
SYN_003,synthetic,synthetic_track_0,DRV_03,81.4,1,25.396804852994173,-8.496450826653383,-0.5257246507995806,-0.8506548016332236,0.588102886691189,0.1513667466015909,0.3458209667656891,0.25,0.0,0.08585383751488823,0.701546449299635,29.684619600379932,43.84512288644939,0.09018506480187388,1.3280097912108753,0.9154299287522077,3063.214371764782,-508.6342926661075,-307.2336836087796,8164.7378956512175,2,1,0,0
SYN_003,synthetic,synthetic_track_0,DRV_03,81.60000000000001,1,24.082613901325697,-6.570954758342378,-0.5309355394714765,-0.8474122095687152,0.5890796868778426,0.18965484748458122,0.29446729064664745,0.25,0.0,0.09120522548717622,0.7423358757064842,29.684619600379932,43.84512288644939,0.08995645648711326,1.3280097912108753,0.9153867653052827,3068.030894545047,-507.9792487635149,-309.1950889905844,8260.612511732845,2,1,0,0
SYN_003,synthetic,synthetic_track_0,DRV_03,81.80000000000001,1,23.078047531408973,-5.022831849583618,-0.5358583133917038,-0.8443079224838522,0.5900059412586629,0.21991852182085683,0.2549109264587586,0.25,0.0,0.09613478660710248,0.7794799809541961,29.684619600379932,43.84512288644939,0.08972599036765237,1.3280097912108753,0.9153499416399551,3072.646504051329,-507.2610527365718,-311.1261704060883,8439.450274256902,2,1,0,0
SYN_003,synthetic,synthetic_track_0,DRV_03,82.0,1,22.144856894722423,-4.665953183432752,-0.5405587142700706,-0.8413062916837649,0.5908935584714095,0.22699298020792386,0.2413639029163996,0.25,0.0,0.10056590703791822,0.8123797604349605,29.684619600379932,43.84512288644939,0.08949367282757957,1.3280097912108753,0.9153180934928388,3077.0754754302734,-506.47669490208,-313.02625863435605,8264.459632188455,2,1,0,0
SYN_003,synthetic,synthetic_track_0,DRV_03,82.2,1,21.468360216934254,-3.3824833889408445,-0.5450532429775978,-0.8384014326798372,0.5917452837365911,0.2596610835638739,0.1983610568689827,0.25,0.0,0.05176855589168718,0.8270607132120841,29.684619600379932,43.84512288644939,0.08925951030226888,1.3280097912108753,0.9152909048800951,3081.36914747366,-506.0588176011727,-313.9644774892985,7944.156084881522,2,1,0,0
SYN_003,synthetic,synthetic_track_0,DRV_03,82.4,1,21.038546575773847,-2.1490682058020383,-0.5493955691335377,-0.8355623906186995,0.5925709898987808,0.2781154471356216,0.17587578858125774,0.25,0.0,0.10611870120471847,0.852566200704786,29.684619600379932,43.84512288644939,0.08902350927820189,1.3280097912108753,0.9152672444023608,3085.576856788815,-505.16999864423707,-315.816874225829,8431.571620264982,2,1,0,0
SYN_003,synthetic,synthetic_track_0,DRV_03,82.60000000000001,1,20.59188726208673,-2.2332965684355877,-0.5536366128377457,-0.8327583688715161,0.5933801647670798,0.2802312407046268,0.17190975364070119,0.25,0.0,0.10899806833332507,0.8725747097298205,29.684619600379932,43.84512288644939,0.088785676292788,1.3280097912108753,0.9152460246930516,3089.6952342412324,-504.20835014199724,-317.6367193308243,8139.056285421254,2,1,0,0
SYN_003,synthetic,synthetic_track_0,DRV_03,82.80000000000001,1,20.309223304513793,-1.4133197878646797,-0.5577737592931492,-0.8299930321659261,0.5941721604310062,0.299997150000822,0.14720136393028863,0.25,0.0,0.055356402306511794,0.880412434160752,29.684619600379932,43.84512288644939,0.08854601793418333,1.3280097912108753,0.9152273178966798,3093.757078902135,-503.69948362814375,-318.53425719423876,8074.773165234636,2,1,0,0
SYN_003,synthetic,synthetic_track_0,DRV_03,83.0,1,20.140763273529224,-0.8423001549228459,-0.5618405866819772,-0.8272455228992489,0.5949532844042568,0.310657149165727,0.1347684522862392,0.25,0.0,0.11196344418970858,0.8916205453779449,29.684619600379932,43.84512288644939,0.08830454084110827,1.3280097912108753,0.9152104004420624,3097.785231556841,-502.62431642736436,-320.304230058858,7818.321911211712,2,1,0,0
SYN_003,synthetic,synthetic_track_0,DRV_03,83.2,1,19.976555060971574,-0.8210410627882503,-0.5658603153661713,-0.8245011240099659,0.5957279291455464,0.3111941530093699,0.13283095919377935,0.25,0.0,0.112998665993786,0.8968056644601007,29.684619600379932,43.84512288644939,0.0880612517026635,1.3280097912108753,0.9151947678251923,3101.7805425690353,-501.47092287511293,-322.0403206638422,8055.170190650475,2,1,0,0
SYN_003,synthetic,synthetic_track_0,DRV_03,83.4,1,19.858628562355957,-0.589632493078085,-0.569834029638485,-0.8217598059445146,0.596496258186353,0.31972771684524653,0.12191265764196654,0.25,0.0,0.05664983974487854,0.8971522742923945,29.684619600379932,43.84512288644939,0.08781615725814483,1.3280097912108753,0.9151803993162797,3105.7522682815065,-500.86432273325744,-322.8955172022768,8026.895046346863,2,1,0,0
SYN_003,synthetic,synthetic_track_0,DRV_03,83.60000000000001,1,19.69280075842805,-0.8291390196395376,-0.5737711235312977,-0.8190156883733256,0.5972600515925974,0.32326231456544163,0.1158162998624723,0.25,0.0,0.11313279883995689,0.8934658345205454,29.684619600379932,43.84512288644939,0.08756926429685631,1.3280097912108753,0.9151670892389919,3109.690828433192,-499.59029462515616,-324.57995590118855,7965.560338394766,2,1,0,0
SYN_003,synthetic,synthetic_track_0,DRV_03,83.80000000000001,1,19.628141153293743,-0.3232980256715301,-0.5776622919012726,-0.8162758580990674,0.5980174670063831,0.33005532725464,0.10567765237336987,0.25,0.0,0.056301330547362895,0.8895058505016542,29.684619600379932,43.84512288644939,0.08732057965792239,1.3280097912108753,0.9151550463073349,3113.616456663851,-498.9224981717392,-325.4091059859948,8233.952466217208,2,1,0,0
SYN_003,synthetic,synthetic_track_0,DRV_03,84.0,1,19.74035349099886,0.5610616885255837,-0.5815276656012643,-0.8135266278004328,0.598772395512279,0.34565746414612397,0.08648061693681827,0.25,0.0,0.11163905872582092,0.8775980937289298,29.684619600379932,43.84512288644939,0.08707011023009836,1.3280097912108753,0.9151438233146078,3117.5645273620507,-497.52451951559595,-327.04106588235646,7881.458373716489,2,1,0,0
SYN_003,synthetic,synthetic_track_0,DRV_03,84.2,1,19.889079298668033,0.7436290383458655,-0.5854019407057024,-0.8107432194092019,0.5995316398773175,0.3450215388959805,0.08704358582825497,0.25,0.0,0.05517467452211328,0.8697704302644274,29.684619600379932,43.84512288644939,0.08681786295157948,1.3280097912108753,0.9151326399428029,3121.5423432217844,-496.79404912611994,-327.8438069874088,7843.936302574973,2,1,0,0
SYN_003,synthetic,synthetic_track_0,DRV_03,84.4,1,20.08157339736449,0.9624704934822859,-0.589291931622029,-0.807920181283509,0.6002966044657277,0.3502588432344223,0.07964826268638518,0.25,0.0,0.10868278601043149,0.8507108799834284,29.684619600379932,43.84512288644939,0.0865638448098088,1.3280097912108753,0.91512133343642,3125.5586579012574,-495.26952634366495,-329.42267143751417,7656.822067593548,2,1,0,0
SYN_003,synthetic,synthetic_track_0,DRV_03,84.60000000000001,1,20.212887119222582,0.6565686092904599,-0.5932057592168932,-0.8050508848712045,0.6010689726733187,0.3492513704661609,0.08091932442140469,0.25,0.0,0.053371015781962974,0.8396292076420339,29.684619600379932,43.84512288644939,0.0863080628412838,1.3280097912108753,0.9151097091040291,3129.601235325102,-494.47526621823033,-330.19875201640366,7989.748288353562,2,1,0,0
SYN_003,synthetic,synthetic_track_0,DRV_03,84.80000000000001,1,20.46403872620324,1.2557580349032804,-0.5971310713256829,-0.8021436801829472,0.6018463914086735,0.35981766138174814,0.06622274787258323,0.25,0.0,0.10449526301686458,0.8147571599174407,29.684619600379932,43.84512288644939,0.08605052413136113,1.3280097912108753,0.9150980340136814,3133.694043070343,-492.8223295318797,-331.7241377571074,8376.4154168793,2,1,0,0
SYN_003,synthetic,synthetic_track_0,DRV_03,85.0,1,20.817328869455825,1.7664507162629306,-0.6010906421620694,-0.7991808555672433,0.6026334698212198,0.37089914164019494,0.05169082940776398,0.25,0.0,0.1011507047577995,0.7868119346730847,29.684619600379932,43.84512288644939,0.08579123581406067,1.3280097912108753,0.9150857787384762,3137.857508844234,-491.0831012288118,-333.2137833536199,8412.180731828268,2,1,0,0
SYN_003,synthetic,synthetic_track_0,DRV_03,85.2,1,21.18915087107471,1.8591100080944223,-0.6051034867935728,-0.7961468270804453,0.6034341363161988,0.36613638867835807,0.05773150665328672,0.25,0.0,0.04920943216604436,0.7718870324134377,29.684619600379932,43.84512288644939,0.08553020507186768,1.3280097912108753,0.9150724917141084,3142.095339018449,-490.1810263496536,-333.9452077040122,8078.252947812735,2,1,0,0
SYN_003,synthetic,synthetic_track_0,DRV_03,85.4,1,21.670920680850614,2.4088490488795244,-0.6091722780896117,-0.7930379156176033,0.604249103657394,0.38559194278096254,0.03498458438475536,0.25,0.0,0.09550718204460987,0.7405179340472238,29.684619600379932,43.84512288644939,0.0852674391355339,1.3280097912108753,0.9150580892311758,3146.4295231546193,-488.31186776831885,-335.38131366131955,8163.889349520126,2,1,0,0
SYN_003,synthetic,synthetic_track_0,DRV_03,85.60000000000001,1,22.114053331394917,2.215663252721516,-0.6133170575255025,-0.7898368103274622,0.6050826006066575,0.3861960980513145,0.031648647301732835,0.25,0.0,0.09144018553756499,0.707603774332212,29.684619600379932,43.84512288644939,0.08500294528387739,1.3280097912108753,0.915042085335677,3150.8523338208984,-486.356066706968,-336.78189855373785,8151.055945534253,2,1,0,0
SYN_003,synthetic,synthetic_track_0,DRV_03,85.80000000000001,1,22.57287864901701,2.2941265881104655,-0.6175292492411396,-0.7865479173780034,0.6059331411194036,0.38636281577853504,0.03274528347663341,0.25,0.0,0.04414215688377767,0.6907341927301861,29.684619600379932,43.84512288644939,0.08473673084358074,1.3280097912108753,0.9150246478331079,3155.3669095507016,-485.34573725287026,-337.46894272874476,8110.245007274971,2,1,0,0
SYN_003,synthetic,synthetic_track_0,DRV_03,86.0,1,23.160091886504173,2.936066187435813,-0.6218106462900691,-0.7831676194534134,0.6068013287597503,0.39576026640951356,0.01864283645510932,0.25,0.0,0.08505785178172243,0.6564685136796238,29.684619600379932,43.84512288644939,0.08446880318898813,1.3280097912108753,0.9150057054634301,3159.9989279280026,-483.2604564558957,-338.8167296466628,8425.935034540746,2,1,0,0
SYN_003,synthetic,synthetic_track_0,DRV_03,86.2,1,23.76639802907913,3.0315307128747904,-0.6261841875555731,-0.7796751652164937,0.6076921015246158,0.405658833449711,0.004874484103936932,0.25,0.0,0.08070291637840318,0.621848471900449,29.684619600379932,43.84512288644939,0.08419916974190109,1.3280097912108753,0.9149846910932554,3164.7522075338184,-481.0894748332484,-340.12977805089434,8313.100477430224,2,1,0,0
SYN_003,synthetic,synthetic_track_0,DRV_03,86.4,1,24.528203280509725,3.809026257152972,-0.6306518298958732,-0.7760658924659597,0.6086061937565035,0.4287322028770626,0.0,0.25,0.0,0.07632681690452861,0.5872302504025706,29.684619600379932,43.84512288644939,0.08392783797137296,1.3280097912108753,0.914961518473086,3169.6578481899205,-478.83351996770773,-341.4085702729218,8068.999815040748,2,1,0,0
SYN_003,synthetic,synthetic_track_0,DRV_03,86.60000000000001,1,25.206885328795067,3.393410241426711,-0.6352408618323843,-0.7723140860158189,0.6095495861903694,0.431791535441836,0.001085045580936704,0.25,0.0,0.07197020431561896,0.5529024948165064,29.684619600379932,43.84512288644939,0.0836548153935019,1.3280097912108753,0.914935501152013,3174.6992252556797,-476.49351404690066,-342.6536897105813,8290.295292426932,2,1,0,0
SYN_003,synthetic,synthetic_track_0,DRV_03,86.80000000000001,1,25.93749804373098,3.6530635746795603,-0.639933613996698,-0.7684301983115481,0.6105190817799384,0.45707878516876016,0.0,0.25,0.0,0.06766546705272929,0.5190910171434919,29.684619600379932,43.84512288644939,0.08338010957122277,1.3280097912108753,0.9149070026032501,3179.886724864426,-474.0705693053538,-343.8658233519055,8094.54162005208,2,1,0,0
SYN_003,synthetic,synthetic_track_0,DRV_03,87.0,1,26.74342080225738,4.029613792631999,-0.6447375941176562,-0.7644039735188302,0.6115166778585435,0.4659229251355303,0.0034043954199149086,0.25,0.0,0.06343743867432601,0.48596507570735553,29.684619600379932,43.84512288644939,0.08310372811409761,1.3280097912108753,0.9148757920489953,3185.2354090248773,-471.5659830398174,-345.0457640274958,8550.058219862067,2,1,0,0
SYN_003,synthetic,synthetic_track_0,DRV_03,87.2,1,27.661415431585578,4.589973146640993,-0.6496643163907966,-0.7602212020250941,0.6125452709663226,0.4903031896069551,0.0,0.25,0.0,0.05930425058332646,0.45364442564556867,29.684619600379932,43.84512288644939,0.08282567867810468,1.3280097912108753,0.9148415358282632,3190.7676921111943,-468.98123221227127,-346.1944123816166,8180.636596090955,2,1,0,0
SYN_003,synthetic,synthetic_track_0,DRV_03,87.4,1,28.570571800336136,4.545781843752792,-0.6547316024150552,-0.7558614481497347,0.6136091715598451,0.5114565665978994,0.0,0.25,0.0,0.05527824044941651,0.4222065293480143,29.684619600379932,43.84512288644939,0.0825459689654267,1.3280097912108753,0.9148037385141676,3196.4818064712613,-466.3179676559353,-347.3127785528841,8688.756142786726,2,1,0,0
SYN_003,synthetic,synthetic_track_0,DRV_03,87.60000000000001,1,29.49617712120711,4.628026604354876,-0.65993471915876,-0.7513229441783663,0.6147080397060117,0.5237987251973337,0.005437741688700181,0.375,0.0,0.051366851137170225,0.3916934995515965,29.684619600379932,43.84512288644939,0.0822646067242373,1.3280097912108753,0.914762436670603,3202.3810418955027,-463.5780079005016,-348.40198355613154,9759.780251584483,3,1,0,0
SYN_003,synthetic,synthetic_track_0,DRV_03,87.80000000000001,1,30.578344469300063,5.4108367404647595,-0.6652733946179249,-0.746599832851269,0.6158425080568274,0.5963496331849581,0.0,0.375,0.0,0.06997468500312069,0.3476803910326161,29.684619600379932,43.84512288644939,0.08198159974848633,1.3280097912108753,0.9147175555839949,3208.4967107893626,-459.3286377151031,-349.9838417907497,9793.127849240787,3,1,0,0
SYN_003,synthetic,synthetic_track_0,DRV_03,88.0,1,31.762801694473453,5.922286125866947,-0.6707722490210158,-0.7416633939620374,0.6170185982287236,0.6141536640827415,0.004459056827346416,0.375,0.0,0.042104207384315494,0.3194877051282497,29.684619600379932,43.84512288644939,0.08169695587768418,1.3280097912108753,0.9146684040295707,3214.8492711282574,-456.4059366058648,-351.00578479245104,10004.481086702877,3,1,0,0
SYN_003,synthetic,synthetic_track_0,DRV_03,88.2,1,33.138397916390076,6.877981109583118,-0.6764453146286113,-0.7364928623666349,0.6182402444477418,0.6952315714915347,0.0,0.375,0.0,0.056621529118617966,0.2788340821720594,29.684619600379932,43.84512288644939,0.08141068299668437,1.3280097912108753,0.914614529566415,3221.4769507115357,-451.8930811695385,-352.4935442477664,10120.896631989337,3,1,0,0
SYN_003,synthetic,synthetic_track_0,DRV_03,88.4,1,34.53303366097452,6.973178722922206,-0.6823215852291268,-0.7310521556841286,0.6195147982137569,0.7251309890278148,0.0,0.375,0.0,0.03354665090914052,0.2527485589845074,29.684619600379932,43.84512288644939,0.08112278903546527,1.3280097912108753,0.9145550888039485,3228.3835574437308,-448.80231620710606,-353.45769685642256,10154.869273581064,3,1,0,0
SYN_003,synthetic,synthetic_track_0,DRV_03,88.60000000000001,1,36.210111948845835,8.385391439356589,-0.6883985945221266,-0.725332596165346,0.620842991816102,0.8131563386053129,0.0,0.375,0.0,0.04426291495133307,0.2149951995609651,29.684619600379932,43.84512288644939,0.08083328196891049,1.3280097912108753,0.9144899955758067,3235.6255798335,-444.04956484221015,-354.8668892472163,9935.71803272046,3,1,0,0
SYN_003,synthetic,synthetic_track_0,DRV_03,88.80000000000001,1,38.09948144632515,9.446847487396575,-0.6947192317990661,-0.7192810222496597,0.6222356884295193,0.9122367500710651,0.0,0.375,0.0,0.03725452684262276,0.1786913109680863,29.684619600379932,43.84512288644939,0.08054216981658784,1.3280097912108753,0.9144180047289285,3243.245476122765,-439.1653831502551,-356.23749003828596,10244.363035799171,3,1,0,0
SYN_003,synthetic,synthetic_track_0,DRV_03,89.0,1,40.27814947676954,10.89334015222196,-0.7013122260094219,-0.7128542359064085,0.6237010531005317,0.999835136716112,0.00016486328388793831,0.5,0.0,0.030498396405878283,0.1436003396012476,29.684619600379932,43.84512288644939,0.08024946064252725,1.3280097912108753,0.914338179762783,3251.301106018119,-434.1597985136887,-357.5765909704109,11405.286035277766,4,1,0,0
SYN_003,synthetic,synthetic_track_0,DRV_03,89.2,1,42.38278783742878,10.523191803296186,-0.7082175726028087,-0.7059942420845834,0.6252502126957921,0.9971871560052704,0.002812843994729632,0.5,0.0,0.02394927311734444,0.10948265949864809,29.684619600379932,43.84512288644939,0.07995516255499734,1.3280097912108753,0.9142492453313441,3259.7776635856044,-429.043289325507,-358.89182489677,11836.031495404426,4,1,0,0
SYN_003,synthetic,synthetic_track_0,DRV_03,89.4,1,44.413252498348186,10.152323304597033,-0.7154112797248271,-0.6987035858234056,0.6268803199203086,1.0,0.0,0.5,0.0,0.017562031163959664,0.07610255560807094,29.684619600379932,43.84512288644939,0.07965928370628093,1.3280097912108753,0.9141515247194744,3268.660314085274,-423.8267157855103,-360.1913481538406,11843.622975594217,4,1,0,0
SYN_003,synthetic,synthetic_track_0,DRV_03,89.60000000000001,1,46.62822521533353,11.074863584926717,-0.7228690803391898,-0.6909850162554713,0.6285885219394758,0.9955356027707299,0.0044643972292700285,0.5,1.0,0.013678224127522398,0.03235301551523057,29.684619600379932,43.84512288644939,0.07936183229244906,1.3280097912108753,0.9140453418326312,3277.9859591283407,-416.73497325805926,-361.9146412904877,11761.896620481017,4,1,0,0
SYN_003,synthetic,synthetic_track_0,DRV_03,89.80000000000001,1,48.74877014353486,10.602724641006667,-0.7306091964491248,-0.6827958714461915,0.6303819152169886,0.9972279792521519,0.0027720207478480917,0.5,1.0,0.0026935282783771245,0.010986896070305887,29.684619600379932,43.84512288644939,0.07906281655313406,1.3280097912108753,0.9139298823634782,3287.7357131570475,-409.5123362956334,-363.6472807705534,12054.954250360202,4,1,0,0
SYN_004,synthetic,synthetic_track_1,DRV_04,0.0,1,58.12279090687376,9.203584109699534,0.0,1.0,0.0,1.0,0.0,0.625,1.0,1.0,0.05015845386763996,22.237883590403122,28.03215537944307,0.081732853443218,6.884500392176646,0.9794993343475675,11.624558181374752,866.9693877770883,41.87414967044992,13742.04084509568,5,0,0,0
SYN_004,synthetic,synthetic_track_1,DRV_04,0.2,1,58.431845365901815,1.545272295140272,0.014045548371937376,0.9999013564201878,0.002235491957956683,0.5142321664555886,0.005382550550000593,0.625,0.0,0.030854904415245077,0.11209898465777186,22.237883590403122,28.03215537944307,0.0820541769591642,6.884500392176646,0.9789960777564354,23.310927254555118,878.8594450337391,53.235649107354774,13612.741481704357,5,0,0,0
SYN_004,synthetic,synthetic_track_1,DRV_04,0.4,1,57.826004139261734,-3.029206133200404,0.028162982592627842,0.9996033445379658,0.004482870625875985,0.3408341587606993,0.09072575211161202,0.625,0.0,0.05113215031560259,0.13268997635272775,22.237883590403122,28.03215537944307,0.08237406394827426,6.884500392176646,0.9784910887421411,34.87612808240746,893.2888830542914,67.4541893325855,13424.606544872391,5,0,0,0
SYN_004,synthetic,synthetic_track_1,DRV_04,0.6000000000000001,1,56.497505911577164,-6.642491138422848,0.04212852362756231,0.9991121996537535,0.006706947708155281,0.2565501326422687,0.20722733781989092,0.625,0.0,0.047335174967101504,0.1504821714152904,22.237883590403122,28.03215537944307,0.08269250554943322,6.884500392176646,0.9779907742328187,46.17562926472289,904.4198420318115,78.82013260469267,13834.199477178516,5,0,0,0
SYN_004,synthetic,synthetic_track_1,DRV_04,0.8,1,54.36588448527725,-10.658107131499577,0.05576529419005985,0.9984439052665383,0.008879928704754403,0.16151971145226376,0.332457585980195,0.625,0.0,0.0679328352032919,0.17481178157845687,22.237883590403122,28.03215537944307,0.08300949294156446,6.884500392176646,0.9775001954737983,57.048806161778344,917.7310202411077,92.98433035664077,13342.415723715045,5,0,0,0
SYN_004,synthetic,synthetic_track_1,DRV_04,1.0,1,52.039319755399916,-11.632823649386665,0.06887777247946841,0.9976251061687785,0.010970924261880451,0.13507492693703502,0.36627800449423004,0.625,0.0,0.06203140223945722,0.19633513169067426,22.237883590403122,28.03215537944307,0.08332501734387404,6.884500392176646,0.9770249769617084,67.45667011285833,927.835694798024,104.25575724281614,13470.063739914744,5,0,0,0
SYN_004,synthetic,synthetic_track_1,DRV_04,1.2000000000000002,1,49.81103913579253,-11.141403098036946,0.08141800156049678,0.9966800434552179,0.012972436560165064,0.12921409695359964,0.3760443465144543,0.5,0.0,0.0695948715258453,0.22009552708351743,22.237883590403122,28.03215537944307,0.083639070016094,6.884500392176646,0.9765664859217548,77.41887794001684,937.4035836859837,115.45028649372415,12204.63571912603,4,0,0,0
SYN_004,synthetic,synthetic_track_1,DRV_04,1.4000000000000001,1,47.44302915271789,-11.840049915373179,0.09340923382972832,0.9956277994488418,0.014888245757695547,0.11510877663134972,0.3950942707656193,0.5,0.0,0.07797849384907105,0.24653327946637685,22.237883590403122,28.03215537944307,0.08395164225872442,6.884500392176646,0.9761240369750148,86.90748377056042,946.3883415787798,126.54525160265963,11897.707010085189,4,0,0,0
SYN_004,synthetic,synthetic_track_1,DRV_04,1.6,1,45.042065229411534,-12.004819616531783,0.10481784529550357,0.9944914375235253,0.016712977648184697,0.10495136396402514,0.40770796925698266,0.5,0.0,0.08734090933491966,0.2761573109849087,22.237883590403122,28.03215537944307,0.08426272541327441,6.884500392176646,0.975698610824581,95.91589681644273,954.746405236493,137.51733749577002,11876.187681900728,4,0,0,0
SYN_004,synthetic,synthetic_track_1,DRV_04,1.8,1,42.8072705971586,-11.173973161264676,0.11563637124654289,0.9932916135984093,0.018445364772392833,0.11869796091395621,0.38621511602583125,0.5,0.0,0.07234070050506666,0.3008130026517,22.237883590403122,28.03215537944307,0.08457231086250197,6.884500392176646,0.9752904407332069,104.47735093587444,960.5792214261118,145.6514595615826,11796.8462629986,4,0,0,0
SYN_004,synthetic,synthetic_track_1,DRV_04,2.0,1,40.60132644986674,-11.029720736459296,0.1259054500179047,0.9920422459027584,0.02009179825689893,0.11978284491740018,0.3887840808148675,0.5,0.0,0.10664200376721616,0.3374510573071225,22.237883590403122,28.03215537944307,0.08488039003065265,6.884500392176646,0.9748983660885815,112.59761622584779,967.7452543006974,156.35105130301372,11659.796795132494,4,0,0,0
SYN_004,synthetic,synthetic_track_1,DRV_04,2.2,1,38.55947808820687,-10.209241808299332,0.13563290992286012,0.9907591603138763,0.021653387735739958,0.12772290255980648,0.37527125122562016,0.375,0.0,0.0884612970928875,0.36812816682862637,22.237883590403122,28.03215537944307,0.0851869543836972,6.884500392176646,0.974522187497519,120.30951184348916,972.6427121463314,164.25307239748514,10561.416070575764,3,0,0,0
SYN_004,synthetic,synthetic_track_1,DRV_04,2.4000000000000004,1,36.73444610023165,-9.125159939876113,0.144859099677253,0.9894522935648266,0.023136444585286377,0.14674140051928736,0.3526760667091747,0.375,0.0,0.09653793003986265,0.401877241818379,22.237883590403122,28.03215537944307,0.08549199542956784,6.884500392176646,0.9741607588371405,127.6564010635355,977.1166234627185,172.03859548655112,10531.321261037312,3,0,0,0
SYN_004,synthetic,synthetic_track_1,DRV_04,2.6,1,34.824459067127435,-9.549935165521077,0.153636923490399,0.9881273681770004,0.02454930789683375,0.14012577991907824,0.3583812759897842,0.375,0.0,0.10542198115265972,0.4389842970168828,22.237883590403122,28.03215537944307,0.08579550471839367,6.884500392176646,0.973812564927791,134.62129287696098,981.1551957877185,179.69746230504006,9933.607830722138,3,0,0,0
SYN_004,synthetic,synthetic_track_1,DRV_04,2.8000000000000003,1,32.98237026959468,-9.210443987663766,0.16194718077181672,0.9867994277663827,0.025888710168646342,0.15165757421820728,0.3439319245658823,0.375,0.0,0.11518121039453266,0.4796965133272058,22.237883590403122,28.03215537944307,0.08609747384273454,6.884500392176646,0.9734782029770189,141.21776693087992,984.7479575621966,187.21961836114218,9906.51698491823,3,0,0,0
SYN_004,synthetic,synthetic_track_1,DRV_04,3.0,1,31.564341123883924,-7.090145728553789,0.16980728915080875,0.9854772876891956,0.02715726287132306,0.18263725502806924,0.30202771712865945,0.375,0.0,0.08266627407496556,0.508928383009872,22.237883590403122,28.03215537944307,0.08639789443781407,6.884500392176646,0.9731572002066079,147.5306351556567,986.8909037562806,192.1535411075592,9915.117661274262,3,0,0,0
SYN_004,synthetic,synthetic_track_1,DRV_04,3.2,1,30.077162690367086,-7.435892167584193,0.17731936825825018,0.9841533628660195,0.028371275991472444,0.17374735532212446,0.3137652155792393,0.375,0.0,0.13352438764312344,0.5559553645185406,22.237883590403122,28.03215537944307,0.08669675818175133,6.884500392176646,0.9728465906955596,153.54606769373012,989.7210923003345,199.42593973055773,9885.202925642137,3,0,0,0
SYN_004,synthetic,synthetic_track_1,DRV_04,3.4000000000000004,1,28.736431472462876,-6.703656089521051,0.18446791683907182,0.98283853590356,0.029528089941101947,0.19330518539787736,0.28734209487267237,0.25,0.0,0.09577741830225145,0.5893816957027065,22.237883590403122,28.03215537944307,0.08699405679579136,6.884500392176646,0.972546860972515,159.2933539882227,991.3488066523502,204.18442641530754,8167.302672032451,2,0,0,0
SYN_004,synthetic,synthetic_track_1,DRV_04,3.6,1,27.52450239813426,-6.059645371643079,0.19128871060806954,0.9815338145952498,0.03063333730542744,0.207171420177753,0.26818975708325066,0.25,0.0,0.10150264068892313,0.6243629106397462,22.237883590403122,28.03215537944307,0.0872897820445345,6.884500392176646,0.9722569883775848,164.79825446784955,992.7672919661267,208.86786426388042,8502.442567667811,2,0,0,0
SYN_004,synthetic,synthetic_track_1,DRV_04,3.8000000000000003,1,26.4455691484345,-5.394666248498794,0.1978131992132752,0.9802397350735222,0.03169197201304799,0.2201844506048787,0.2511385328380784,0.25,0.0,0.10747563326297177,0.6607316811604952,22.237883590403122,28.03215537944307,0.08758392573616453,6.884500392176646,0.9719760737533089,170.08736829753644,993.9751851692776,213.47355828786692,8198.402471963374,2,0,0,0
SYN_004,synthetic,synthetic_track_1,DRV_04,4.0,1,25.535154029149943,-4.552075596422789,0.2040736937845921,0.9789555288699853,0.03270910928798778,0.2354761145107598,0.2330512580405982,0.25,0.0,0.11366157211761077,0.6982351495958291,22.237883590403122,28.03215537944307,0.08787647972267554,6.884500392176646,0.9717031885733165,175.19439910336644,994.9714120561121,217.99888262492985,8432.210774610314,2,0,0,0
SYN_004,synthetic,synthetic_track_1,DRV_04,4.2,1,24.57437237906098,-4.803908250444824,0.21011075785538694,0.9776775897162802,0.033691230596801236,0.23776153834938255,0.22967676415073726,0.25,0.0,0.12001003153628224,0.7365197388297755,22.237883590403122,28.03215537944307,0.08816743590009771,6.884500392176646,0.9714371556418858,180.10927357917862,995.7551885672716,222.44128691131436,8185.742545138251,2,0,0,0
SYN_004,synthetic,synthetic_track_1,DRV_04,4.4,1,23.719756135949655,-4.273081215556616,0.21591312006308452,0.9764125790794709,0.03463639876522666,0.24337068370265313,0.22133277627473447,0.25,0.0,0.126452570576574,0.7751180397339795,22.237883590403122,28.03215537944307,0.08845678620872172,6.884500392176646,0.9711783299426452,184.85322480636856,996.3260214844615,226.7983025753897,8255.280768074897,2,0,0,0
SYN_004,synthetic,synthetic_track_1,DRV_04,4.6000000000000005,1,23.0537680398405,-3.3299404805457833,0.22150647522026717,0.9751589006082512,0.0355486970781478,0.26100548969696524,0.20159804023647904,0.25,0.0,0.13290086531532802,0.8134403159476035,22.237883590403122,28.03215537944307,0.08874452263332207,6.884500392176646,0.9709259707223133,189.46397841433665,996.6837085396594,231.06754903575307,8020.741722216868,2,0,0,0
SYN_004,synthetic,synthetic_track_1,DRV_04,4.800000000000001,1,22.35930696511984,-3.4723053736033016,0.2269358109309944,0.9739097174364223,0.03643538046429551,0.25726296875167703,0.20504787379401734,0.25,0.0,0.13924586622596768,0.8507737668515734,22.237883590403122,28.03215537944307,0.08903063720337909,6.884500392176646,0.9706787599750173,193.93583980736062,996.828337939491,235.24673978755015,8008.262807601508,2,0,0,0
SYN_004,synthetic,synthetic_track_1,DRV_04,5.0,1,21.691295153368912,-3.3400590587546297,0.23219486885981824,0.9726692875151203,0.03729535380910781,0.26372708583427446,0.1967804533699964,0.25,0.0,0.1453585382332102,0.8862929530478,22.237883590403122,28.03215537944307,0.0893151219932997,6.884500392176646,0.9704368993892853,198.2740988380344,996.760287306741,239.33368836083915,7856.142556766379,2,0,0,0
SYN_004,synthetic,synthetic_track_1,DRV_04,5.2,1,21.092094193809153,-2.996004797798797,0.23729032895855795,0.9714387781958981,0.03812963439192969,0.2689318958829861,0.18902918662781312,0.25,0.0,0.15109273842710547,0.9190844161167719,22.237883590403122,28.03215537944307,0.08959796912263703,6.884500392176646,0.9702002061844106,202.49251767679624,996.4802220422733,243.32631413503185,8030.004149344146,2,0,0,0
SYN_004,synthetic,synthetic_track_1,DRV_04,5.4,1,20.588858357010807,-2.5161791839917313,0.24223878060930734,0.9702166630031231,0.03894086878399928,0.2828817937975127,0.16941373365480614,0.25,0.0,0.07753543333523084,0.9341573816784053,22.237883590403122,28.03215537944307,0.08987917075630858,6.884500392176646,0.9699682010349525,206.6102893481984,996.2609700172985,245.2866361168519,8148.0992838891825,2,0,0,0
SYN_004,synthetic,synthetic_track_1,DRV_04,5.6000000000000005,1,20.17280470367171,-2.080268266695491,0.2470630981426039,0.9689993939813265,0.039732747951576615,0.2884787988686499,0.16193869653227952,0.25,0.0,0.1586379379764407,0.961055620217258,22.237883590403122,28.03215537944307,0.09015871910481345,6.884500392176646,0.969740214521902,210.64485028893273,995.664754359816,249.1341219476165,8075.517852135858,2,0,0,0
SYN_004,synthetic,synthetic_track_1,DRV_04,5.800000000000001,1,19.771227788182088,-2.0078845774481024,0.2517839959551918,0.9677834568646211,0.04050862505556398,0.29314421016463355,0.1534275904344262,0.25,0.0,0.08090818434984455,0.9726489025407576,22.237883590403122,28.03215537944307,0.09043660642444791,6.884500392176646,0.9695156386930859,214.59909584656916,995.2881342640043,251.02083780433134,7587.339803500918,2,0,0,0
SYN_004,synthetic,synthetic_track_1,DRV_04,6.0,1,19.492971456076866,-1.3912816605261114,0.25640511005239763,0.9665694075124754,0.04126905689357099,0.3105105458197295,0.133816797822064,0.25,0.0,0.1644389901031218,0.9915927988438717,22.237883590403122,28.03215537944307,0.09071282501752007,6.884500392176646,0.9692943745206469,218.49769013778453,994.3788586850259,254.7191537079252,7990.905692426214,2,0,0,0
SYN_004,synthetic,synthetic_track_1,DRV_04,6.2,1,19.32522797047956,-0.8387174279865306,0.26095545760839167,0.9653508425149868,0.04201878656495856,0.31438292516813293,0.12825420962307532,0.125,0.0,0.1670991132409489,1.004289976627332,22.237883590403122,28.03215537944307,0.09098736723256298,6.884500392176646,0.9690755610559415,222.36273573188043,993.2630551010334,258.3159932037471,6639.41677359068,1,0,0,0
SYN_004,synthetic,synthetic_track_1,DRV_04,6.4,1,19.228784037483294,-0.4822196649813293,0.26546093198376514,0.9641216176345756,0.04276206456382316,0.31690696406579477,0.12398971999614886,0.125,0.0,0.08420851656979354,1.0081252508298673,22.237883590403122,28.03215537944307,0.09126022546454673,6.884500392176646,0.968858426990553,226.2084925393771,992.6283385445848,260.0758945438948,7158.447604833592,1,0,0,0
SYN_004,synthetic,synthetic_track_1,DRV_04,6.6000000000000005,1,19.150141396836638,-0.39321320323328024,0.26993817511759644,0.9628776566180056,0.04350163318064944,0.32622629583961177,0.11373359695787727,0.125,0.0,0.1690173535309536,1.0105682077158398,22.237883590403122,28.03215537944307,0.09153139215508899,6.884500392176646,0.9686424754951279,230.03852081874442,991.2066884925139,263.5178052521751,6663.8400408022135,1,0,0,0
SYN_004,synthetic,synthetic_track_1,DRV_04,6.800000000000001,1,19.077979129700832,-0.3608113356790277,0.27439131407187883,0.961618118985862,0.044238177080527775,0.32875023161855255,0.10981443255485758,0.125,0.0,0.08451477519830775,1.0091489649216212,22.237883590403122,28.03215537944307,0.09180085979266439,6.884500392176646,0.9684275842140775,233.85411664468458,990.4203693303292,265.19949872084254,6940.963732979666,1,0,0,0
SYN_004,synthetic,synthetic_track_1,DRV_04,7.0,1,19.01597631978407,-0.3100140495838133,0.2788218292318324,0.9603428489575038,0.04497194550859319,0.32805317241300563,0.10795785680215642,0.125,0.0,0.16830737865349707,1.0010995178004225,22.237883590403122,28.03215537944307,0.09206862091281268,6.884500392176646,0.9682137100241252,237.6573119086414,988.6983996528628,268.48363914356395,6865.584985599721,1,0,0,0
SYN_004,synthetic,synthetic_track_1,DRV_04,7.2,1,19.07648421596202,0.30253948088974525,0.28323204774894295,0.9590514100547168,0.045703329213200264,0.33988636592889593,0.09399253728358252,0.125,0.0,0.08350559164706198,0.9945510605535959,22.237883590403122,28.03215537944307,0.09233466809834545,6.884500392176646,0.9680007840342268,241.4726087518338,987.763459534506,270.0858243351906,6735.716376823049,1,0,0,0
SYN_004,synthetic,synthetic_track_1,DRV_04,7.4,1,19.181286089747775,0.5240093689287839,0.28765028943618554,0.9577355120216012,0.04643704014458342,0.3376144144350802,0.09374499007823277,0.125,0.0,0.16503153158313744,0.9767323569784919,22.237883590403122,28.03215537944307,0.09259899397955158,6.884500392176646,0.9677879508803532,245.30886596978337,985.7475613654245,273.209840056606,7294.84934625781,1,0,0,0
SYN_004,synthetic,synthetic_track_1,DRV_04,7.6000000000000005,1,19.261387285385144,0.4005059781868425,0.29208664002484175,0.956391862532821,0.04717478191726603,0.35047498396907834,0.080289026888572,0.125,0.0,0.0812715115014215,0.9656341087639865,22.237883590403122,28.03215537944307,0.09286159123440138,6.884500392176646,0.96757490270127,249.1611434268604,984.6674061183617,274.73146512932766,6712.815052518316,1,0,0,0
SYN_004,synthetic,synthetic_track_1,DRV_04,7.800000000000001,1,19.561570949707704,1.5009183216128008,0.29653520139741374,0.9550219234824902,0.047915604505165466,0.3632327421106046,0.06340586815938969,0.25,0.0,0.15947824642486255,0.9395699085408792,22.237883590403122,28.03215537944307,0.09312245258874949,6.884500392176646,0.967361814583968,253.07345761680196,982.3648019846091,277.6935083209724,7753.181797513466,2,0,0,0
SYN_004,synthetic,synthetic_track_1,DRV_04,8.0,1,19.749584451013316,0.9400675065280595,0.3010465160847799,0.9536094563044225,0.04866797261861576,0.3550978234182366,0.07294659526448113,0.25,0.0,0.07800336009018663,0.9248306299136342,22.237883590403122,28.03215537944307,0.09338157081653628,6.884500392176646,0.967147148118984,257.02337450700463,981.1432442504743,279.1337792151376,8139.347110547323,2,0,0,0
SYN_004,synthetic,synthetic_track_1,DRV_04,8.200000000000001,1,19.972944413974137,1.1167998148041036,0.30559436556565467,0.9521617949353592,0.04942757202057781,0.3667088439884542,0.057013222244537295,0.25,0.0,0.15210033265339565,0.8925338811524395,22.237883590403122,28.03215537944307,0.09363893873998805,6.884500392176646,0.9669316906507913,261.01796338979943,978.5619515656826,281.9325259692735,8110.056947609842,2,0,0,0
SYN_004,synthetic,synthetic_track_1,DRV_04,8.4,1,20.334889955913813,1.8097277096983788,0.3101865694581658,0.9506757029228077,0.05019576219034604,0.3776730082455479,0.045421374918353075,0.25,0.0,0.07395330021524223,0.8752177551180415,22.237883590403122,28.03215537944307,0.09389454922981594,6.884500392176646,0.9667151968929452,265.0849413809822,977.2031916787104,283.2909145087303,8094.711063569555,2,0,0,0
SYN_004,synthetic,synthetic_track_1,DRV_04,8.6,1,20.686715638094075,1.7591284109013117,0.3148545676760591,0.9491399270990142,0.05097787334249657,0.3780478259969399,0.04162475509655216,0.25,0.0,0.14342876487705405,0.8388383133246026,22.237883590403122,28.03215537944307,0.09414839520541327,6.884500392176646,0.9664966988705745,269.222284508601,974.3519828186796,285.9255798775088,8229.393138974614,2,0,0,0
SYN_004,synthetic,synthetic_track_1,DRV_04,8.8,1,21.251112951048743,2.82198656477334,0.3195955271344312,0.947554061273374,0.051773516251654036,0.39731304730334105,0.017714743208236936,0.25,0.0,0.13719103425169601,0.8008629334458995,22.237883590403122,28.03215537944307,0.09440046963505183,6.884500392176646,0.9662762695322162,273.47250709881075,971.326056770133,288.4506935208354,8351.703068457198,2,0,0,0
SYN_004,synthetic,synthetic_track_1,DRV_04,9.0,1,21.623884840974945,1.8638594496310112,0.3244575163754386,0.945900269620155,0.0525908667497713,0.37892996329332634,0.03925220281053101,0.25,0.0,0.06618933141387211,0.7815290565273153,22.237883590403122,28.03215537944307,0.09465076553607654,6.884500392176646,0.9660524229712515,277.79728406700576,969.7489471929355,289.67218132417094,8133.980517453617,2,0,0,0
SYN_004,synthetic,synthetic_track_1,DRV_04,9.200000000000001,1,22.22352251992958,2.99818839477318,0.32939600669538355,0.9441918612089043,0.053422554628270336,0.3994334530832844,0.012925421381981106,0.25,0.0,0.1275017774935044,0.7426108167932876,22.237883590403122,28.03215537944307,0.09489927597509895,6.884500392176646,0.9658265026456581,282.2419885709917,966.4692847710677,292.0331362067126,8110.797104032706,2,0,0,0
SYN_004,synthetic,synthetic_track_1,DRV_04,9.4,1,22.843095579331134,3.0978652970077647,0.33446206919608285,0.9424092127462861,0.054277305494421474,0.40679996271992525,0.0061381930431229125,0.25,0.0,0.12099276589027097,0.7038576678391346,22.237883590403122,28.03215537944307,0.09514599406818924,6.884500392176646,0.9655969225600913,286.8106076868579,963.026298118333,294.28500953511957,8215.462191401746,2,0,0,0
SYN_004,synthetic,synthetic_track_1,DRV_04,9.600000000000001,1,23.49600609416131,3.2645525741508763,0.33965931383412706,0.9405485370387484,0.05515588609362652,0.41019715559293307,0.0016639333638502228,0.25,0.0,0.05807471521536896,0.6847011161778342,22.237883590403122,28.03215537944307,0.09539091298106703,6.884500392176646,0.9653635452171727,291.5098089056902,961.2450743401057,295.3701851382277,8310.246746565255,2,0,0,0
SYN_004,synthetic,synthetic_track_1,DRV_04,9.8,1,24.152073060879918,3.2803348335930416,0.34499430803807013,0.9386047770075183,0.05605957863570965,0.4177828686796042,0.0,0.25,0.0,0.11138611581866427,0.6470794561846936,22.237883590403122,28.03215537944307,0.09563402592929054,6.884500392176646,0.9651261392900465,296.34022351786615,957.5662895213327,297.45939635486184,8140.965308237167,2,0,0,0
SYN_004,synthetic,synthetic_track_1,DRV_04,10.0,1,24.837150605458497,3.4253877228928964,0.35046667395105957,0.9365752027732113,0.056988504522666565,0.4311142251696503,0.0,0.25,0.0,0.10518468400278665,0.6106359672660996,22.237883590403122,28.03215537944307,0.0958753261784446,6.884500392176646,0.9648846847038741,301.30765363895785,953.7366681287144,299.4410548864916,8618.582861034185,2,0,0,0
SYN_004,synthetic,synthetic_track_1,DRV_04,10.200000000000001,1,25.615210131317255,3.8902976292937907,0.3560818108288124,0.934454784351214,0.05794377954595343,0.45195206991550646,0.0,0.25,0.0,0.09920097883889194,0.5755947377979684,22.237883590403122,28.03215537944307,0.09611480704432723,6.884500392176646,0.9646389803898712,306.4306956652213,949.7614753112769,301.31607098802107,8433.11270760836,2,0,0,0
SYN_004,synthetic,synthetic_track_1,DRV_04,10.4,1,26.31958656289576,3.521882157892531,0.3618594104832356,0.9322326785973152,0.058928979935619484,0.45518005850775994,0.0005439715752810353,0.25,0.0,0.09346535778122438,0.5420984669233208,22.237883590403122,28.03215537944307,0.09635246189313476,6.884500392176646,0.9643883774643097,311.6946129778005,945.6461142187727,303.0855256271877,8371.862126390271,2,0,0,0
SYN_004,synthetic,synthetic_track_1,DRV_04,10.600000000000001,1,27.132729618383504,4.065715277438713,0.3677814395257139,0.9299122607753882,0.059941271726500094,0.4735164602636364,0.0,0.25,0.0,0.08799585256289309,0.5102237069166302,22.237883590403122,28.03215537944307,0.09658828414164553,6.884500392176646,0.9641333936838162,317.1211589014772,941.396114787596,304.7506699945935,8548.143971257776,2,0,0,0
SYN_004,synthetic,synthetic_track_1,DRV_04,10.8,1,27.95463894695734,4.109546642869173,0.37387085182894014,0.9274807740070425,0.06098483825028408,0.49249280415461943,0.0,0.25,0.0,0.08280063628577485,0.4799949229070972,22.237883590403122,28.03215537944307,0.0968222672574024,6.884500392176646,0.9638732696417606,322.71208669086866,937.0171223231189,306.31292464361144,8394.097922254607,2,0,0,0
SYN_004,synthetic,synthetic_track_1,DRV_04,11.0,1,28.95717457180356,5.012678124231105,0.38012791130274476,0.9249339279368082,0.0620600166713209,0.5375058388728017,0.0,0.25,0.0,0.11505978826708255,0.43769624471360297,22.237883590403122,28.03215537944307,0.09705440475889357,6.884500392176646,0.9636079459186844,328.50352160522937,930.2193732855226,308.4669092303253,8511.877577583235,2,0,0,0
SYN_004,synthetic,synthetic_track_1,DRV_04,11.200000000000001,1,29.909119949579214,4.759726888878273,0.3865910713913701,0.9222512366597686,0.0631737541548518,0.5368494335355806,0.0006630338528226012,0.375,0.0,0.07100235814441562,0.41145372812573594,22.237883590403122,28.03215537944307,0.09728469021573219,6.884500392176646,0.9633361600596303,334.4853455951452,925.5432485180444,309.77925383373076,9749.776138733298,3,0,0,0
SYN_004,synthetic,synthetic_track_1,DRV_04,11.4,1,31.002739448000895,5.468097492108406,0.3932468245532624,0.9194329420783093,0.0643241049221433,0.5529797089032934,0.0,0.375,0.0,0.06673748074626444,0.3866935123409343,22.237883590403122,28.03215537944307,0.09751311724883444,6.884500392176646,0.9630582681100525,340.68589348474535,920.7586291002019,310.994993265954,9849.334245129336,3,0,0,0
SYN_004,synthetic,synthetic_track_1,DRV_04,11.600000000000001,1,32.02087152659531,5.090660392972062,0.4001242547590944,0.9164608997406705,0.06551651797783564,0.5905490285720898,0.0,0.375,0.0,0.09263301962242713,0.3521460258779459,22.237883590403122,28.03215537944307,0.09773967953059629,6.884500392176646,0.9627732802493879,347.09006779006444,913.3914531073231,312.6422406104043,9794.074650528506,3,0,0,0
SYN_004,synthetic,synthetic_track_1,DRV_04,11.8,1,33.15317213768545,5.661503055450723,0.4072039575257186,0.9133372525936916,0.06674808995962778,0.6066885513760225,0.0,0.375,0.0,0.057097694836687966,0.33070901975891515,22.237883590403122,28.03215537944307,0.09796437078506873,6.884500392176646,0.9624817267723601,353.7207022176015,908.362036471847,313.62627109617245,9164.915563673883,3,0,0,0
SYN_004,synthetic,synthetic_track_1,DRV_04,12.0,1,34.43231125649864,6.3956955940659554,0.41450831106110014,0.9100455263673759,0.06802321196492336,0.6425562019214465,0.0,0.375,0.0,0.07916738087063477,0.3007095307470135,22.237883590403122,28.03215537944307,0.09818718478813168,6.884500392176646,0.9621828103664773,360.60716446890126,900.656263706459,314.93749174069916,9678.836866170848,3,0,0,0
SYN_004,synthetic,synthetic_track_1,DRV_04,12.200000000000001,1,35.61909197053059,5.933903570159735,0.4220663134170862,0.9065649602088699,0.06934753162863486,0.6834637755707176,0.0,0.375,0.0,0.07193614519338161,0.2730170349201728,22.237883590403122,28.03215537944307,0.09840811536766633,6.884500392176646,0.9618755050138215,367.7309828630074,892.7749467194296,316.0591862047827,10284.080788194102,3,0,0,0
SYN_004,synthetic,synthetic_track_1,DRV_04,12.4,1,36.80597068918256,5.934393593259841,0.4298540605060298,0.9028983811406899,0.0707174967044245,0.6843945294200845,5.3486328733828755e-05,0.375,0.0,0.04421007609681535,0.25568645973152987,22.237883590403122,28.03215537944307,0.09862715640372616,6.884500392176646,0.9615604590592097,375.0921770008439,887.4334550701835,316.7065789054246,10272.692903700028,3,0,0,0
SYN_004,synthetic,synthetic_track_1,DRV_04,12.600000000000001,1,38.2296949884453,7.118621496313722,0.4378678410127306,0.8990393505330287,0.07213311096170075,0.7372086132765304,0.0,0.375,0.0,0.06104839441334577,0.23117315632529253,22.237883590403122,28.03215537944307,0.0988443018287064,6.884500392176646,0.9612376736368915,382.738115998533,879.3056159792344,317.53486577726903,10390.199148919675,3,0,0,0
SYN_004,synthetic,synthetic_track_1,DRV_04,12.8,1,39.61200258084712,6.911537962009078,0.44615492419187214,0.894955743944551,0.07360348384587173,0.7668374409110391,0.0025459586118382993,0.5,0.0,0.05509627645195654,0.2081982003414804,22.237883590403122,28.03215537944307,0.09905954562751229,6.884500392176646,0.9609054926323305,390.6605165147024,871.0573123642391,318.2016885320271,11599.315691775735,4,0,0,0
SYN_004,synthetic,synthetic_track_1,DRV_04,13.0,1,41.26483166689087,8.264145430218761,0.4547014721208999,0.8906439082209492,0.07512702240667354,0.8265508594957892,0.0,0.5,0.0,0.04949806338631192,0.1865094135259996,22.237883590403122,28.03215537944307,0.09927288183772545,6.884500392176646,0.9605642077512007,398.9134828480806,862.7088674804278,318.71874827676476,11224.396409019664,4,0,0,0
SYN_004,synthetic,synthetic_track_1,DRV_04,13.200000000000001,1,42.93735718132017,8.362627572146515,0.4635603062914626,0.8860653714207352,0.07671413131693858,0.8871146704921262,0.009368671988642845,0.5,0.0,0.05778753692221336,0.1591924077977725,22.237883590403122,28.03215537944307,0.0994843045497692,6.884500392176646,0.9602119271159193,407.50095428434463,851.4563557160166,319.19649000168425,11404.192635555386,4,0,0,0
SYN_004,synthetic,synthetic_track_1,DRV_04,13.4,1,44.831274860730076,9.469588397049513,0.47272925191862425,0.8812077248756152,0.07836556813160474,0.947269202211401,0.0,0.5,0.0,0.03747919039002549,0.13963125605052135,22.237883590403122,28.03215537944307,0.09969380790707227,6.884500392176646,0.9598485146084591,416.46720925649066,842.9513476891098,319.4127417713872,11556.587274963827,4,0,0,0
SYN_004,synthetic,synthetic_track_1,DRV_04,13.600000000000001,1,46.842738008154484,10.057315737122039,0.48224829978686834,0.8760345754321999,0.08008984793394051,1.0,0.0,0.5,0.0,0.042478566369579744,0.11441748012825426,22.237883590403122,28.03215537944307,0.09990138610623095,6.884500392176646,0.9594724222246864,425.83575685812156,831.5598512812649,319.53718353973676,11846.109328058175,4,0,0,0
SYN_004,synthetic,synthetic_track_1,DRV_04,13.8,1,48.70226788510292,9.29764938474218,0.49213395517053404,0.8705194829343033,0.08189149170348492,0.9989330596972175,0.0010669403027825238,0.5,0.0,0.026387516042128103,0.09592762470671666,22.237883590403122,28.03215537944307,0.10010703339716986,6.884500392176646,0.9590828288713477,435.5762104351421,823.0012771602574,319.52559037706857,12005.840224400015,4,0,0,0
SYN_004,synthetic,synthetic_track_1,DRV_04,14.0,1,50.62008150732013,9.58906811108605,0.5023451585310903,0.8646671855114971,0.08376465585291194,1.0,0.0,0.625,0.0,0.028011457970996318,0.07152242323644076,22.237883590403122,28.03215537944307,0.10031074408330132,6.884500392176646,0.9586807997903125,445.70022673660617,811.6031127683062,319.39735556646224,13358.50314213944,5,0,0,0
SYN_004,synthetic,synthetic_track_1,DRV_04,14.200000000000001,1,52.61951244154438,9.997154671121251,0.5128846944062778,0.8584575063704545,0.08571158206473195,1.0,0.0,0.625,1.0,0.019848103427475314,0.04706934211607722,22.237883590403122,28.03215537944307,0.10051251252168308,6.884500392176646,0.9582659286882467,456.22412922491503,800.2559997449267,319.1719237228964,13471.783398360161,5,0,0,0
SYN_004,synthetic,synthetic_track_1,DRV_04,14.4,1,54.586979638013766,9.837335982346929,0.5237591509234039,0.8518663931767675,0.08773540946632981,1.0,0.0,0.625,1.0,0.01161164726808877,0.022232004190247526,22.237883590403122,28.03215537944307,0.1007123331231746,6.884500392176646,0.9578376459207085,467.1415251525178,788.9966099627559,318.884390412631,13605.320756820596,5,0,0,0
SYN_004,synthetic,synthetic_track_1,DRV_04,14.600000000000001,1,56.48025334336322,9.466368526747289,0.5349506860673061,0.8448832839369699,0.08983490868317649,0.9988486487166532,0.0011513512833467997,0.625,1.0,0.0031937889586010192,0.003300469006955407,22.237883590403122,28.03215537944307,0.10091020035259193,6.884500392176646,0.9573961768944173,478.4375758211904,777.858747147754,318.57015233331407,13765.334807363777,5,0,0,0
SYN_004,synthetic,synthetic_track_1,DRV_04,14.8,1,58.30445461706204,9.121006368494093,0.54643237249656,0.8375032312103523,0.09200722611945969,0.9965662756917216,0.0034337243082783984,0.625,1.0,-0.008281997157825552,0.0366216697748042,22.237883590403122,28.03215537944307,0.10110610872886105,6.884500392176646,0.9569420426081329,490.09846674460283,764.153819538382,318.19374447128274,13794.875516980841,5,0,0,0
SYN_004,synthetic,synthetic_track_1,DRV_04,15.0,1,59.391590540318106,5.435679616280318,0.5581780887479101,0.8297211707807209,0.09424970514319285,0.8178137660434744,0.0018796453909510073,0.625,0.0,-0.022621422438569756,0.07194187013219644,22.237883590403122,28.03215537944307,0.10130005282516968,6.884500392176646,0.956475728196921,501.97678485266647,750.7393737660035,317.89948967435714,13768.991606485852,5,0,0,0
SYN_004,synthetic,synthetic_track_1,DRV_04,15.200000000000001,1,59.47692859356818,0.4266902662503824,0.5700288697181822,0.8216246635099337,0.09653399708705124,0.47526078013268247,0.010178248243858603,0.625,0.0,-0.029031561564093106,0.10187481791041944,22.237883590403122,28.03215537944307,0.10149202726911755,6.884500392176646,0.9560023947299543,513.8721705713801,740.2471250073527,317.7683855181848,13907.67878713203,5,0,0,0
SYN_004,synthetic,synthetic_track_1,DRV_04,15.4,1,57.43876580411858,-10.190813947248003,0.5817790015878601,0.8133469083431945,0.09882157126372695,0.1844056906299194,0.30254397173431513,0.625,0.0,-0.05081011892418398,0.14153053702263738,22.237883590403122,28.03215537944307,0.1016820267428653,6.884500392176646,0.955529056387675,525.3599237322038,727.4617362958716,317.78952532037283,14074.688829853507,5,0,0,0
SYN_004,synthetic,synthetic_track_1,DRV_04,15.600000000000001,1,54.40465424725854,-15.1705577843002,0.593012424068399,0.8051933090261749,0.10103075456388534,0.06185131218316623,0.4634154408482231,0.625,0.0,-0.05291080140813352,0.17499368549096578,22.237883590403122,28.03215537944307,0.10187004598328178,6.884500392176646,0.9550705792549212,536.2408545816555,717.5152650667851,317.9933602410084,13357.439240500125,5,0,0,0
SYN_004,synthetic,synthetic_track_1,DRV_04,15.8,1,50.84879829624981,-17.779279755043653,0.6035471311619163,0.7973273232908933,0.10312324126570299,0.0,0.5836825645201597,0.625,0.0,-0.08225432551421447,0.21861821844189355,22.237883590403122,28.03215537944307,0.1020560797820898,6.884500392176646,0.954633936535548,546.4106142409055,705.4518301527656,318.5313588615632,13551.964019594598,5,0,0,0
SYN_004,synthetic,synthetic_track_1,DRV_04,16.0,1,47.41681697424581,-17.159906610019995,0.6132990113852886,0.789850823025353,0.1050789642770972,0.003715232133038991,0.5556034515886275,0.5,0.0,-0.07912260248649217,0.254371986236896,22.237883590403122,28.03215537944307,0.10224012298601046,6.884500392176646,0.9542227819862981,555.8939776357546,696.1047043567962,319.2226585873817,12308.121286006619,4,0,0,0
SYN_004,synthetic,synthetic_track_1,DRV_04,16.2,1,44.508582672411265,-14.541171509172734,0.6223092874504116,0.7827714549937044,0.10690268800687588,0.044632561945385854,0.48643152991706784,0.5,0.0,-0.06720894629965353,0.28119490041633904,22.237883590403122,28.03215537944307,0.10242217049690577,6.884500392176646,0.9538362500142098,564.7956941702369,689.2733676700998,319.91046938153687,12051.764508185226,4,0,0,0
SYN_004,synthetic,synthetic_track_1,DRV_04,16.400000000000002,1,41.96207137334754,-12.732556495318619,0.6306926074963632,0.7760327537220567,0.1086145565711994,0.06921564188924037,0.4557374604119379,0.5,0.0,-0.09998176252976979,0.316127344581171,22.237883590403122,28.03215537944307,0.1026022172719201,6.884500392176646,0.9534706759029985,573.1881084449063,680.4030921011213,321.07246580428335,11672.304646125012,4,0,0,0
SYN_004,synthetic,synthetic_track_1,DRV_04,16.6,1,39.68035693088663,-11.408572212304549,0.6385294791891488,0.7695973649944718,0.11022848239325121,0.10577683965233273,0.4048124182849525,0.5,0.0,-0.08249344459893868,0.3409851232530718,22.237883590403122,28.03215537944307,0.10278025832361962,6.884500392176646,0.9531235290878752,581.1241798310837,673.9270394284989,322.1395182575233,11146.763888613319,4,0,0,0
SYN_004,synthetic,synthetic_track_1,DRV_04,16.8,1,37.88028054937489,-9.000381907558719,0.6458798272691841,0.763439093003973,0.11175464996751609,0.14856313544209357,0.34800817269043177,0.375,0.0,-0.08851525590994151,0.363978598211945,22.237883590403122,28.03215537944307,0.10295628872013066,6.884500392176646,0.9527929574704057,588.7002359409587,667.599455169786,323.3833658057846,10370.00838678746,3,0,0,0
SYN_004,synthetic,synthetic_track_1,DRV_04,17.0,1,36.30784139698928,-7.862195761928028,0.6528413308246446,0.7574946843160729,0.11321158383479975,0.18147111178780148,0.3047470483783874,0.375,0.0,-0.09398191006619377,0.38440476680491387,22.237883590403122,28.03215537944307,0.1031303035852762,6.884500392176646,0.9524755910470164,595.9618042203565,661.4165985512984,324.8113244362214,10200.846834046595,3,0,0,0
SYN_004,synthetic,synthetic_track_1,DRV_04,17.2,1,35.13341250716225,-5.87214444913517,0.6594625167509927,0.7517374468525874,0.11460803927314549,0.2189811088696526,0.25677972739985544,0.375,0.0,-0.09871407079539275,0.40154678368513236,22.237883590403122,28.03215537944307,0.10330229809871094,6.884500392176646,0.9521698378032072,602.988486721789,655.3737715823659,326.4298020804451,10113.68414349955,3,0,0,0
SYN_004,synthetic,synthetic_track_1,DRV_04,17.400000000000002,1,34.12455172560314,-5.044303907795538,0.665821203624394,0.7461113353944995,0.1159593243695748,0.2317462934097201,0.23602871433690745,0.375,0.0,-0.10253507629498751,0.41472484275707266,22.237883590403122,28.03215537944307,0.10347226749605504,6.884500392176646,0.9518729130964538,609.8133970669096,649.4653665284792,328.2442675549269,9454.352994790252,3,0,0,0
SYN_004,synthetic,synthetic_track_1,DRV_04,17.6,1,33.48499943823906,-3.1977614368204144,0.6719513552454105,0.7405952850132494,0.11727180712825185,0.2660478077752837,0.192725476514475,0.375,0.0,-0.10528465215561894,0.42335326516466215,22.237883590403122,28.03215537944307,0.10364020706902569,6.884500392176646,0.9515836593624833,616.5103969545575,643.6849175386502,330.25922382725975,9705.017753765807,3,0,0,0
SYN_004,synthetic,synthetic_track_1,DRV_04,17.8,1,32.91837760531167,-2.8331091646369444,0.6779222000725091,0.7351336549559195,0.11855969172203028,0.2844360472751067,0.16692103072460837,0.375,0.0,-0.07112833454824645,0.42635507384490023,22.237883590403122,28.03215537944307,0.10380611216556798,6.884500392176646,0.951299492837453,623.0940724756198,639.8988134709824,331.71568874605225,9856.429637815076,3,0,0,0
SYN_004,synthetic,synthetic_track_1,DRV_04,18.0,1,32.650135306601165,-1.341211493552521,0.6837487401993223,0.7297175208776611,0.11982578316838842,0.31710602667486787,0.12599507270952665,0.375,0.0,-0.10715398876270685,0.42652705760868925,22.237883590403122,28.03215537944307,0.10396997818998344,6.884500392176646,0.9510199043868911,629.62409953694,634.315102590874,334.0721110622243,9949.672861987592,3,0,0,0
SYN_004,synthetic,synthetic_track_1,DRV_04,18.2,1,32.509074301443185,-0.7053050257898974,0.689485060253718,0.7242999045194793,0.12108155760325769,0.33307173110949156,0.10421456880675155,0.375,0.0,-0.07117431643312146,0.4237134120383762,22.237883590403122,28.03215537944307,0.10413180060305746,6.884500392176646,0.9507428067158228,636.1259143972286,630.6525961436538,335.75833397058494,10485.46543758204,3,0,0,0
SYN_004,synthetic,synthetic_track_1,DRV_04,18.400000000000002,1,32.555933415087054,0.23429556821934483,0.6951539509693504,0.7188608936725532,0.12233190661485166,0.3528202018320157,0.07655172618465601,0.375,0.0,-0.10539347945191574,0.41517038953050156,22.237883590403122,28.03215537944307,0.10429157492218513,6.884500392176646,0.9504673108999744,642.637101080246,625.2421118735366,338.46130471388796,9608.251423057469,3,0,0,0
SYN_004,synthetic,synthetic_track_1,DRV_04,18.6,1,32.840928093327605,1.4249733912027551,0.7007880156220214,0.7133695796433638,0.12358405790004731,0.3750542450191884,0.045474040140448826,0.375,0.0,-0.10262177308383671,0.4017017099591189,22.237883590403122,28.03215537944307,0.10444929672149525,6.884500392176646,0.9501921028262756,649.2052866989116,619.9230699950341,341.3726697345085,9694.278093001518,3,0,0,0
SYN_004,synthetic,synthetic_track_1,DRV_04,18.8,1,33.11658107634466,1.3782649150852677,0.7064274517888638,0.7077854585671371,0.12484717051902146,0.37764150204034397,0.0386969512065034,0.375,0.0,-0.06628578427068715,0.3902101566371172,22.237883590403122,28.03215537944307,0.10460496163197294,6.884500392176646,0.9499155168564791,655.8286029141805,616.4229111495206,343.4289473271661,10199.311781307899,3,0,0,0
SYN_004,synthetic,synthetic_track_1,DRV_04,19.0,1,33.682234390254585,2.8282665695496334,0.7120691654538966,0.7021093245426892,0.12612088517580394,0.42713703484063287,0.0,0.375,0.0,-0.095441916541672,0.36964300009501294,22.237883590403122,28.03215537944307,0.10475856534158082,6.884500392176646,0.9496376196760623,662.5650497922314,611.2337617545185,346.6851066264311,9654.817406573173,3,0,0,0
SYN_004,synthetic,synthetic_track_1,DRV_04,19.200000000000003,1,34.32568030001866,3.2172295488203773,0.717760459927637,0.6962901135047567,0.1274163557292753,0.4431948972559707,0.0,0.375,0.0,-0.060564807742883676,0.3540049008892742,22.237883590403122,28.03215537944307,0.10491010359537828,6.884500392176646,0.9493563825591914,669.4301858522351,607.8104089229045,348.96924356977536,9710.457369663014,3,0,0,0
SYN_004,synthetic,synthetic_track_1,DRV_04,19.400000000000002,1,35.093185402409254,3.8375255119529683,0.7235115492458034,0.690312275791136,0.1287365742023529,0.48805179284407985,0.0,0.375,0.0,-0.08566709284065159,0.32819335858432647,22.237883590403122,28.03215537944307,0.10505957219563947,6.884500392176646,0.9490712622170129,676.448822932717,602.7213246934164,352.56293123257444,10284.873920815124,3,0,0,0
SYN_004,synthetic,synthetic_track_1,DRV_04,19.6,1,35.97641934466557,4.41616971128159,0.7293397603248954,0.6841516747105308,0.1300863121024456,0.5335846682061094,0.0,0.375,0.0,-0.0788978433390122,0.3002048068767602,22.237883590403122,28.03215537944307,0.10520696700196949,6.884500392176646,0.9487813914772969,683.6441068016501,597.6773375253422,356.3537074165574,10232.197019169576,3,0,0,0
SYN_004,synthetic,synthetic_track_1,DRV_04,19.8,1,36.91966955557805,4.71625105456237,0.7352602018406584,0.6777849478922015,0.13147002053877888,0.5940523782338132,0.0,0.375,0.0,-0.0716710413395062,0.27073636710753896,22.237883590403122,28.03215537944307,0.10535228393141913,6.884500392176646,0.9484859614630494,691.0280407127657,592.6669634942594,360.33629744913975,9929.587823060701,3,0,0,0
SYN_004,synthetic,synthetic_track_1,DRV_04,20.0,1,38.074548668850824,5.774395566363886,0.7412780840396737,0.671198034951288,0.13289000782937802,0.6564682126390975,0.004551747346287242,0.375,0.0,-0.06415406721313774,0.24041935161431474,22.237883590403122,28.03215537944307,0.10549551895859802,6.884500392176646,0.9481845532680068,698.6429504465359,587.6785774596949,364.5044694655351,10344.710309670776,3,0,0,0
SYN_004,synthetic,synthetic_track_1,DRV_04,20.200000000000003,1,39.525257119909114,7.25354225529145,0.7474224005554454,0.66434912143235,0.13435441354741076,0.7438790634040445,0.0,0.5,0.0,-0.056494893815766604,0.20979882271446648,22.237883590403122,28.03215537944307,0.10563666811578598,6.884500392176646,0.9478756866801683,706.5480018705177,582.7004863157201,368.8510630581701,11675.870866538555,4,0,0,0
SYN_004,synthetic,synthetic_track_1,DRV_04,20.400000000000002,1,41.11750441998791,7.96123650039398,0.7537338802528841,0.6571797606126736,0.13587461574433032,0.8241861783739669,0.005395154862594454,0.5,0.0,-0.048818493341975765,0.17932496470111595,22.237883590403122,28.03215537944307,0.10577572749304312,6.884500392176646,0.9475572920671519,714.7715027545153,577.7210015796135,373.36802239663126,11420.028108709283,4,0,0,0
SYN_004,synthetic,synthetic_track_1,DRV_04,20.6,1,43.0033338750589,9.42914727535495,0.7602266276939488,0.649657967352888,0.13745605822202217,0.932624284479806,0.0011641898912380553,0.5,0.0,-0.0412259074892433,0.1493537206927928,22.237883590403122,28.03215537944307,0.105912693238318,6.884500392176646,0.9472283798126294,723.372169529527,572.7285109238096,378.04643366536254,11081.648528113923,4,0,0,0
SYN_004,synthetic,synthetic_track_1,DRV_04,20.8,1,45.056855300647754,10.267607127944274,0.7669368483217879,0.6417225807825706,0.1391100326018321,1.0,0.0,0.5,0.0,-0.03379527995308483,0.12015380293137791,22.237883590403122,28.03215537944307,0.10604756155755443,6.884500392176646,0.9468868959797331,732.3835405896566,567.711548264831,382.87656664408513,11721.46900496769,4,0,0,0
SYN_004,synthetic,synthetic_track_1,DRV_04,21.0,1,47.046508509927875,9.948266046400605,0.773878632778864,0.6333339259255863,0.14084298857493396,1.0,0.0,0.5,0.0,-0.03388702429984766,0.08274314269947662,22.237883590403122,28.03215537944307,0.10618032871479649,6.884500392176646,0.946531667845456,741.7928422916422,560.964789183127,389.5345005190126,11981.876542594364,4,0,0,0
SYN_004,synthetic,synthetic_track_1,DRV_04,21.200000000000003,1,49.20273036798641,10.781109290292683,0.7810290285881957,0.6244947209565342,0.14265246967146963,0.996987494160402,0.003012505839598014,0.5,1.0,-0.021695518701748805,0.047321854579416386,22.237883590403122,28.03215537944307,0.10631099103229211,6.884500392176646,0.9461631435906378,751.6333883652394,554.1286888507022,396.4165472206458,12079.280226784058,4,0,0,0
SYN_004,synthetic,synthetic_track_1,DRV_04,21.400000000000002,1,51.329168598281356,10.632191151474721,0.7883991222468115,0.615164062702347,0.14454488237793064,1.0,0.0,0.625,1.0,-0.010195797662731425,0.014022127676661597,22.237883590403122,28.03215537944307,0.10643954489059484,6.884500392176646,0.945780158320571,761.8992220848957,547.1785337309537,403.49378910134584,13441.721061231281,5,0,0,0
SYN_004,synthetic,synthetic_track_1,DRV_04,21.6,1,53.38411432030235,10.27472861010498,0.7959689266318157,0.6053374825967702,0.14651908117017223,0.9996638912962944,0.000336108703705591,0.625,1.0,0.0005869613545329679,0.017129950857258068,22.237883590403122,28.03215537944307,0.10656598672866421,6.884500392176646,0.9453829215889623,772.5760449489561,540.091010805981,410.735495867975,13926.894412116682,5,0,0,0
SYN_004,synthetic,synthetic_track_1,DRV_04,21.8,1,55.31150831025122,9.63696994974434,0.8037118458525759,0.5950187130135028,0.14857231633633772,1.0,0.0,0.625,1.0,0.010656595529569114,0.046177275218518776,22.237883590403122,28.03215537944307,0.10669031304396431,6.884500392176646,0.9449719348941301,783.6383466110063,532.8444376532949,418.1093823178322,13625.960915217764,5,0,0,0
SYN_004,synthetic,synthetic_track_1,DRV_04,22.0,1,56.75117250079366,7.198320952712187,0.8115932084733897,0.5842229574057056,0.15069968204057815,0.9127516938936413,0.0,0.625,0.0,0.02003500332937971,0.07320327218462813,22.237883590403122,28.03215537944307,0.10681252039256084,6.884500392176646,0.9445480921313795,794.9885811111651,525.4189715029986,425.5818794323835,13638.729051803488,5,0,0,0
SYN_004,synthetic,synthetic_track_1,DRV_04,22.200000000000003,1,57.044149132653814,1.4648831593007827,0.819528983954831,0.5730377338866633,0.15288241944445483,0.5413249134302549,0.009508120581247632,0.625,0.0,0.037230893735711805,0.104301171400847,22.237883590403122,28.03215537944307,0.1069326053892165,6.884500392176646,0.9441148084248772,806.3974109376959,515.8586337999766,435.0084337813902,13614.665693136863,5,0,0,0
SYN_004,synthetic,synthetic_track_1,DRV_04,22.400000000000002,1,56.67627887947417,-1.8393512658982303,0.827350387731564,0.5616861542894134,0.15507642518032613,0.3586922858619155,0.06829497377318884,0.625,0.0,0.03877985814884818,0.12716367062777761,22.237883590403122,28.03215537944307,0.10705056470748478,6.884500392176646,0.943680111585468,817.7326667135907,507.968861202349,442.5753504794046,13780.43683205236,5,0,0,0
SYN_004,synthetic,synthetic_track_1,DRV_04,22.6,1,54.8059389707814,-9.351699543463852,0.8349656493766471,0.5503020664698925,0.1572562820603059,0.1930319208676254,0.28741056095535567,0.625,0.0,0.05876831021196392,0.1533891760390198,22.237883590403122,28.03215537944307,0.10716639507980205,6.884500392176646,0.9432486285216166,828.693854507747,497.7839269129969,452.00745039977505,13809.840796082308,5,0,0,0
SYN_004,synthetic,synthetic_track_1,DRV_04,22.8,1,52.846583374295655,-9.796777982428715,0.8421806561645062,0.5391954584214539,0.15936420278995134,0.1754574939695942,0.31504580089428197,0.625,0.0,0.054587456693484034,0.17259596739315058,22.237883590403122,28.03215537944307,0.10728009329757815,6.884500392176646,0.9428308774834883,839.2631711826061,489.36569404080086,459.48830109444833,13355.373155532227,5,0,0,0
SYN_004,synthetic,synthetic_track_1,DRV_04,23.0,1,50.833363603785806,-10.066098852549246,0.8489978330994601,0.5283963279513033,0.16139676368896272,0.16790597614446862,0.3251110332059335,0.625,0.0,0.060761848058430185,0.19030603679637123,22.237883590403122,28.03215537944307,0.10739165621128527,6.884500392176646,0.942427482525756,849.4298439033632,480.6993634204047,466.87312924766906,13374.734105896432,5,0,0,0
SYN_004,synthetic,synthetic_track_1,DRV_04,23.200000000000003,1,49.053360089659165,-8.900017570633203,0.8554246636452294,0.5179272582394618,0.16335189305833908,0.18482977321458227,0.3049119593071322,0.5,0.0,0.06644549407013312,0.20657672804462734,22.237883590403122,28.03215537944307,0.10750108073054507,6.884500392176646,0.9420388216247516,859.240515921295,471.7804366974384,474.12714867556815,11948.858699560757,4,0,0,0
SYN_004,synthetic,synthetic_track_1,DRV_04,23.400000000000002,1,47.30853346216675,-8.724133137462076,0.8615040728599681,0.5077506597195978,0.16523856075409518,0.18488882624417247,0.30099418937539024,0.5,0.0,0.07165503608233352,0.22145030861421183,22.237883590403122,28.03215537944307,0.10760836382421446,6.884500392176646,0.9416632631760232,868.7022226137284,462.6070086749614,481.2164972164558,11724.113823165224,4,0,0,0
SYN_004,synthetic,synthetic_track_1,DRV_04,23.6,1,45.85479457335317,-7.268694444067911,0.8672525691162721,0.49786843780382956,0.1670581197334093,0.20692664349274303,0.27220963142269455,0.5,0.0,0.07640223677378216,0.23495508410233473,22.237883590403122,28.03215537944307,0.10771350252046946,6.884500392176646,0.9413005618329116,877.8731815283991,453.1797494795073,488.1085193686157,11824.598446294893,4,0,0,0
SYN_004,synthetic,synthetic_track_1,DRV_04,23.8,1,44.53965029106241,-6.575721411453799,0.8727162460168666,0.48822776850382854,0.1688217656785383,0.2276082810471568,0.242411303238022,0.5,0.0,0.060143159332713844,0.24419542110141337,22.237883590403122,28.03215537944307,0.10781649390688752,6.884500392176646,0.9409486808549727,886.7811115866116,445.9445600644743,493.1292225992783,11768.088860834894,4,0,0,0
SYN_004,synthetic,synthetic_track_1,DRV_04,24.0,1,43.376189217455895,-5.817305368032564,0.8779206289770293,0.4788061917065999,0.17053482915127147,0.24191455324836025,0.22295463039776175,0.5,0.0,0.0836172943634867,0.25533702976528466,22.237883590403122,28.03215537944307,0.10791733513052823,6.884500392176646,0.9406066509358431,895.4563494301028,436.0822775211693,499.6019391492673,12060.042688606562,4,0,0,0
SYN_004,synthetic,synthetic_track_1,DRV_04,24.200000000000003,1,42.552138427137635,-4.120253951591302,0.8828913103751274,0.469577399439209,0.17220314412117363,0.27227532327233056,0.18459455748876133,0.5,0.0,0.06503629904338738,0.26280878336329144,22.237883590403122,28.03215537944307,0.10801602339801233,6.884500392176646,0.9402734111310755,903.9667771155304,428.5281121433443,504.27500627340305,11824.900920171784,4,0,0,0
SYN_004,synthetic,synthetic_track_1,DRV_04,24.400000000000002,1,41.76185700549776,-3.9514071081993762,0.8876732996234796,0.4604737920181388,0.17383976482990968,0.27916937541885245,0.17603029128141068,0.5,0.0,0.08945047405740277,0.27158690379056244,22.237883590403122,28.03215537944307,0.10811255597559916,6.884500392176646,0.9399465863888096,912.3191485166299,418.2535186787739,510.2428573468274,11663.580177492218,4,0,0,0
SYN_004,synthetic,synthetic_track_1,DRV_04,24.6,1,41.107683070838824,-3.2708696732946763,0.8922752138228549,0.4514919077872588,0.17544599009935188,0.28793720560438296,0.1621957975779478,0.5,0.0,0.06889103465371996,0.2772768734678001,22.237883590403122,28.03215537944307,0.1082069301892622,6.884500392176646,0.9396259411256722,920.5406851307977,410.40198459938733,514.5083970120053,11633.503759076993,4,0,0,0
SYN_004,synthetic,synthetic_track_1,DRV_04,24.8,1,40.49566221140459,-3.060104297171158,0.8967162885354241,0.4426058041590214,0.1770270548328457,0.29938415658320877,0.14669895330073504,0.5,0.0,0.07022230926548732,0.2821952983726665,22.237883590403122,28.03215537944307,0.1082991434247634,6.884500392176646,0.9393105233735259,928.6398175730786,402.43173763059156,518.5832968177245,11558.540713995091,4,0,0,0
SYN_004,synthetic,synthetic_track_1,DRV_04,25.0,1,39.99453582077335,-2.505631953156211,0.9010047187064236,0.4338092862869101,0.17858458030251512,0.31365893181287424,0.12803366468477598,0.5,0.0,0.07135929768151447,0.2863369405698581,22.237883590403122,28.03215537944307,0.10838919312772535,6.884500392176646,0.9390000388271574,936.6387247372332,394.34889417390497,522.4591511378267,11591.023946750238,4,0,0,0
SYN_004,synthetic,synthetic_track_1,DRV_04,25.200000000000003,1,39.82516684061824,-0.8468449007755652,0.9051553884356395,0.4250808426475212,0.18012283168023716,0.3318669559270377,0.10616740397828212,0.5,0.0,0.0723007134300994,0.28969687765985647,22.237883590403122,28.03215537944307,0.10847707680370225,6.884500392176646,0.9386937119736191,944.6037581053569,386.1601195602604,526.1284265219292,11418.220294042467,4,0,0,0
SYN_004,synthetic,synthetic_track_1,DRV_04,25.400000000000002,1,39.41843637157571,-2.0336523452126443,0.9092044637847129,0.41634990456820414,0.1816545688664148,0.3191012132601014,0.12008785056022007,0.5,0.0,0.09752521832981549,0.29295372833966865,22.237883590403122,28.03215537944307,0.10856279201824884,6.884500392176646,0.9383892212413707,952.487445379672,375.0894233445647,530.6881265912072,11499.753907320082,4,0,0,0
SYN_004,synthetic,synthetic_track_1,DRV_04,25.6,1,39.17485365498477,-1.2179135829546794,0.9131292588671315,0.4076701566226833,0.18317066257301384,0.336584503290081,0.09830439930736358,0.5,0.0,0.07373075944101402,0.2944753523861498,22.237883590403122,28.03215537944307,0.10864633639698795,6.884500392176646,0.9380882288731479,960.3224161106689,366.6821143372199,533.8512257577321,11414.878108813318,4,0,0,0
SYN_004,synthetic,synthetic_track_1,DRV_04,25.8,1,38.98106797327734,-0.9689284085371597,0.9169477089804362,0.3990073921564979,0.18467738771359016,0.331211037677487,0.10097301428990844,0.5,0.0,0.07401339300828758,0.2952060662726414,22.237883590403122,28.03215537944307,0.10872770762567616,6.884500392176646,0.9377895935289566,968.1186297053243,358.19441843869333,536.7893242227276,11295.047151522038,4,0,0,0
SYN_004,synthetic,synthetic_track_1,DRV_04,26.0,1,38.85358351373085,-0.6374222977324706,0.9206656991827518,0.3903519826366134,0.1861766595587162,0.3516363949998084,0.07774669739955538,0.375,0.0,0.07409755107399027,0.2951463041144383,22.237883590403122,28.03215537944307,0.10880690345026803,6.884500392176646,0.9374929673057661,975.8893464080705,349.63479039831344,539.4989912079375,10220.65928048942,3,0,0,0
SYN_004,synthetic,synthetic_track_1,DRV_04,26.200000000000003,1,38.84315620306441,-0.0521365533321827,0.924290231224739,0.3816904091833046,0.18767102815539818,0.3580618487502163,0.0686745030110873,0.375,0.0,0.07398355763863988,0.2942982237557885,22.237883590403122,28.03215537944307,0.1088839216769785,6.884500392176646,0.9371978867531569,983.6579776486834,341.01194938370764,541.9777906525287,10411.15700599324,3,0,0,0
SYN_004,synthetic,synthetic_track_1,DRV_04,26.400000000000002,1,38.98213664952499,0.6949022323028942,0.9278323378555002,0.37299752389204527,0.1891649957016699,0.37389354595530355,0.05110853106432313,0.5,0.0,0.07367217224844261,0.2926657134177872,22.237883590403122,28.03215537944307,0.10895876017234357,6.884500392176646,0.9369035331111258,991.4544049785884,332.334819912031,544.2242888531813,11607.028499985448,4,0,0,0
SYN_004,synthetic,synthetic_track_1,DRV_04,26.6,1,39.12141425166581,0.696388010704112,0.9313049245662244,0.36424049401281433,0.19066430864972853,0.3749740356257818,0.04968236821070538,0.5,0.0,0.07316458139320851,0.2902543175279356,22.237883590403122,28.03215537944307,0.10903141686327952,6.884500392176646,0.9366088611472985,999.2786878289215,323.6124718392686,546.2380571179707,11436.284631146858,4,0,0,0
SYN_004,synthetic,synthetic_track_1,DRV_04,26.8,1,39.29080593143409,0.8469583988414087,0.9347068263826704,0.35541967969379,0.19216897842863875,0.37590123397256586,0.04754526282756453,0.5,0.0,0.07246237037905118,0.2870710884015712,22.237883590403122,28.03215537944307,0.1091018897371403,6.884500392176646,0.9363138693853785,1007.1368490152083,314.8540597737753,548.0196694281293,11570.644236377104,4,0,0,0
SYN_004,synthetic,synthetic_track_1,DRV_04,27.0,1,39.31668773792524,0.1294090324557473,0.9380393704446202,0.3465286993826927,0.19368016327215545,0.36561421308009034,0.056182396040469436,0.5,0.0,0.07156747771695936,0.2831243732624799,22.237883590403122,28.03215537944307,0.10917017684177324,6.884500392176646,0.9360183476124686,1015.0001865627934,306.06876228218215,549.5706951272632,11406.110964239655,4,0,0,0
SYN_004,synthetic,synthetic_track_1,DRV_04,27.200000000000003,1,39.59414307357199,1.3872766782337465,0.9412894567925819,0.33760059024108086,0.19519234356976795,0.3936083958858031,0.02346262786862986,0.5,0.0,0.07048213472916867,0.2784235485844096,22.237883590403122,28.03215537944307,0.10923627628557317,6.884500392176646,0.9357233009651631,1022.9190151775077,297.2657212556641,550.8936866829823,11678.25565380328,4,0,0,0
SYN_004,synthetic,synthetic_track_1,DRV_04,27.400000000000002,1,39.98805957022885,1.9695824832842845,0.9444766023583511,0.3285786779412583,0.1967151952264438,0.40266085229697934,0.012496834879011164,0.5,0.0,0.06920879364940877,0.2729787157863397,22.237883590403122,28.03215537944307,0.10930018623753476,6.884500392176646,0.9354269689780598,1030.9166270915534,288.4539818023362,551.9921625910544,11716.221173671327,4,0,0,0
SYN_004,synthetic,synthetic_track_1,DRV_04,27.6,1,40.34334842891885,1.7764442934500124,0.9476076912557153,0.31943647799368946,0.19825319751760642,0.3996137835418307,0.011710569594366727,0.5,0.0,0.08997756821585126,0.2645797545405147,22.237883590403122,28.03215537944307,0.10936190492730333,6.884500392176646,0.9351285369541376,1038.9852967773372,276.706799135932,553.1153965674029,11412.96242050775,4,0,0,0
SYN_004,synthetic,synthetic_track_1,DRV_04,27.8,1,40.6851297915014,1.7089068129127583,0.9506769248258835,0.3101828244819521,0.19980486476487255,0.4054283914551011,0.010198441206514895,0.5,0.0,0.06552122681948096,0.2574397948514329,22.237883590403122,28.03215537944307,0.10942143064522383,6.884500392176646,0.9348282757997589,1047.1223227356375,267.9089540955298,553.7089391525446,11782.986090260496,4,0,0,0
SYN_004,synthetic,synthetic_track_1,DRV_04,28.0,1,41.23125278524848,2.730614968735381,0.9536806458930409,0.3008209195668284,0.20136967744916104,0.43219968733235414,0.0,0.5,0.0,0.0636401260105927,0.24959051574071695,22.237883590403122,28.03215537944307,0.10947876174238824,6.884500392176646,0.9345262805620691,1055.3685732926872,259.1311116428351,554.0963561374047,11611.932857189413,4,0,0,0
SYN_004,synthetic,synthetic_track_1,DRV_04,28.200000000000003,1,41.75020939235982,2.594783035556709,0.9566306305424058,0.29130368467981843,0.2029554948639783,0.45281359751992556,0.0,0.5,0.0,0.06158222689385015,0.24104142229450068,22.237883590403122,28.03215537944307,0.10953389663068114,6.884500392176646,0.9342211213260846,1063.7186151711592,250.38123170400715,554.285041049005,11617.81006381106,4,0,0,0
SYN_004,synthetic,synthetic_track_1,DRV_04,28.400000000000002,1,42.23923777033253,2.4451418898635424,0.9595209688462024,0.28163719630838036,0.20456127214829983,0.44345071419846094,0.007912225447663478,0.5,0.0,0.05934981030092008,0.23180114584602368,22.237883590403122,28.03215537944307,0.10958683378282386,6.884500392176646,0.9339129887146952,1072.1664627252258,241.6668803127226,554.283185209858,11555.167931862328,4,0,0,0
SYN_004,synthetic,synthetic_track_1,DRV_04,28.6,1,42.85228665737359,3.065244435205301,0.9623457638003823,0.27182831143105524,0.20618585821638957,0.4821177892747503,0.004001583916206212,0.5,0.0,0.07536258215581719,0.21841857461682046,22.237883590403122,28.03215537944307,0.1096375717324167,6.884500392176646,0.9336020926654249,1080.7369200567005,230.11525430720724,553.9998760353261,11893.878713112557,4,0,0,0
SYN_004,synthetic,synthetic_track_1,DRV_04,28.8,1,43.493491547833145,3.2060244522977754,0.9651090917878452,0.2618481257302419,0.207834023087827,0.5139913225422009,0.0,0.5,0.0,0.05347310600963335,0.20759316879167522,22.237883590403122,28.03215537944307,0.10968610907397949,6.884500392176646,0.9332875654563546,1089.4356183662671,221.5106546475999,553.5894197913361,11717.90129485421,4,0,0,0
SYN_004,synthetic,synthetic_track_1,DRV_04,29.0,1,44.27454568814481,3.9052707015583366,0.9678079334160085,0.25168989653348206,0.2095068496858206,0.5518718848505096,0.00037016191783466844,0.5,0.0,0.06691145082166432,0.19211767454274994,22.237883590403122,28.03215537944307,0.10973244446299069,6.884500392176646,0.9329692103988163,1098.290527503896,210.12792939161835,552.798151257727,12057.487110058375,4,0,0,0
SYN_004,synthetic,synthetic_track_1,DRV_04,29.200000000000003,1,45.17538300013355,4.50418655994369,0.9704454246846405,0.24132069473762074,0.21120971682767234,0.5827704547382299,0.0,0.5,0.0,0.046677008367576905,0.1797352168957455,22.237883590403122,28.03215537944307,0.10977657661592441,6.884500392176646,0.9326460489331192,1107.3256041039228,201.66522625483827,552.0361923906767,11997.894890254633,4,0,0,0
SYN_004,synthetic,synthetic_track_1,DRV_04,29.400000000000002,1,46.155081072071596,4.8984903596902285,0.9730220709859849,0.2307120486106978,0.2129472315584467,0.6358467023276972,0.0014520870207977259,0.5,0.0,0.057244370168355964,0.16219793005082525,22.237883590403122,28.03215537944307,0.10981850431028622,6.884500392176646,0.9323172429438098,1116.556620318337,190.48930921664248,550.8179388117564,12207.149519852232,4,0,0,0
SYN_004,synthetic,synthetic_track_1,DRV_04,29.6,1,47.28260349835897,5.637612131436853,0.9755348267899534,0.2198449492708343,0.21472242698429558,0.6894600888418634,0.0,0.5,0.0,0.03897540616315901,0.14827977640435755,22.237883590403122,28.03215537944307,0.10985822638464682,6.884500392176646,0.931982240753997,1126.0131410180088,182.1929834194628,549.7684260942394,11977.990629051774,4,0,0,0
SYN_004,synthetic,synthetic_track_1,DRV_04,29.8,1,48.539605957106716,6.285012293738745,0.9779831166079039,0.20868402820985346,0.2165409886573094,0.7550074530270616,0.001340111898055806,0.5,0.0,0.046378621912320415,0.12871267858926244,22.237883590403122,28.03215537944307,0.10989574173867425,6.884500392176646,0.9316400079233003,1135.72106220943,171.2509522330033,548.2121065536727,12356.389796360725,4,0,0,0
SYN_004,synthetic,synthetic_track_1,DRV_04,30.0,1,50.05410909858535,7.572515707393173,0.9803636684538195,0.1971980668662079,0.21840789657873655,0.857522478586243,0.0,0.625,0.0,0.03964059691780905,0.10801116038270431,22.237883590403122,28.03215537944307,0.10993104933316444,6.884500392176646,0.9312896384032535,1145.731884029147,160.45022534502192,546.5047262449707,13262.768705185124,5,0,0,0
SYN_004,synthetic,synthetic_track_1,DRV_04,30.200000000000003,1,51.816011015240164,8.809509583274071,0.9826772220126455,0.18532532837556204,0.22033305462098982,0.9715471904470421,0.002027800617110368,0.625,0.0,0.03252817126673493,0.08620945132877761,22.237883590403122,28.03215537944307,0.10996414819006997,6.884500392176646,0.9309293299824918,1156.0950862321952,149.79352462401033,544.6777686047949,13392.417393334805,5,0,0,0
SYN_004,synthetic,synthetic_track_1,DRV_04,30.400000000000002,1,53.76134759613538,9.726682904476078,0.9849207480275003,0.17300612736244117,0.222325978121576,1.0,0.0,0.625,1.0,0.02505606244406828,0.06336281292945212,22.237883590403122,28.03215537944307,0.10999503739252708,6.884500392176646,0.930557351144648,1166.8473557514224,139.28125414352314,542.7630577194274,13503.957767412849,5,0,0,0
SYN_004,synthetic,synthetic_track_1,DRV_04,30.6,1,55.66742060341349,9.530365036390549,0.9870852613068216,0.16019577681962696,0.2243937222598889,0.9946481818085431,0.005351818191456865,0.625,1.0,0.017247463678077897,0.03955640905875444,22.237883590403122,28.03215537944307,0.11002371608488115,6.884500392176646,0.9301724181037687,1177.980839872105,128.911495412835,540.7924697740367,13864.384591391168,5,0,0,0
SYN_004,synthetic,synthetic_track_1,DRV_04,30.8,1,57.55333482699837,9.429571117924418,0.989150936067164,0.1469027762755125,0.22653477689848173,1.0,0.0,0.625,1.0,0.009137244225840589,0.014915506650569873,22.237883590403122,28.03215537944307,0.11005018347271045,6.884500392176646,0.9297748059431961,1189.4915068375046,118.68002880763652,538.7976455516884,13844.350534745156,5,0,0,0
SYN_004,synthetic,synthetic_track_1,DRV_04,31.0,1,59.38115312266578,9.13909147833703,0.991098381178736,0.1331315095117939,0.22874836669952012,0.9990503875416571,0.0009496124583429229,0.625,1.0,-0.00036030990766297875,0.01678458001363385,22.237883590403122,28.03215537944307,0.11007443882284798,6.884500392176646,0.9293646559943658,1201.367737462038,106.07509815410666,536.3173727502231,13916.288680423135,5,0,0,0
SYN_004,synthetic,synthetic_track_1,DRV_04,31.200000000000003,1,60.93807293039506,7.784599038646398,0.9929067225498773,0.11889592219778175,0.23103225720423806,0.9414349548968939,0.0,0.625,1.0,-0.013753697250011113,0.04902436108683636,22.237883590403122,28.03215537944307,0.11009648146340201,6.884500392176646,0.928942375130341,1213.555352048117,93.65856549306443,533.9067590858338,14042.320751486535,5,0,0,0
SYN_004,synthetic,synthetic_track_1,DRV_04,31.400000000000002,1,61.29883676359636,1.8038191660065195,0.994549901045071,0.10426166280680325,0.2333760292400225,0.5848014498651815,0.0018191483601833693,0.75,0.0,-0.020719490034953263,0.07476556467321445,22.237883590403122,28.03215537944307,0.1101163107837744,6.884500392176646,0.9285098598237165,1225.8151194008362,83.84607770797926,532.0663019279439,15000.0,6,0,0,0
SYN_004,synthetic,synthetic_track_1,DRV_04,31.6,1,60.18727966856987,-5.557785475132455,0.9959852080621181,0.08951796088751808,0.23573367680785312,0.3034331013016739,0.14767687563352416,0.625,0.0,-0.03788849545832572,0.10617671740593075,22.237883590403122,28.03215537944307,0.11013392623467785,6.884500392176646,0.9280754833311002,1237.8525753345502,71.70904272389468,529.9203515627842,13685.468361669351,5,0,0,0
SYN_004,synthetic,synthetic_track_1,DRV_04,31.8,1,57.53637665205394,-13.254515082579665,0.9971818426602821,0.07502248108830038,0.2380485721797212,0.11063598432783496,0.39717889087825703,0.625,0.0,-0.050692863126101786,0.13579724851937577,22.237883590403122,28.03215537944307,0.11014932732815078,6.884500392176646,0.9276495520453785,1249.359850664961,59.686312321505476,527.9920423544069,13901.104974370211,5,0,0,0
SYN_004,synthetic,synthetic_track_1,DRV_04,32.0,1,54.619984985055076,-14.581958334994312,0.9981285531265862,0.06115056363949198,0.24026150974326171,0.07118620546573536,0.4529705689454516,0.625,0.0,-0.06251466861636838,0.16249215314923499,22.237883590403122,28.03215537944307,0.11016251363757115,6.884500392176646,0.9272428415159879,1260.283847661972,47.74379547869137,526.3259314574368,13645.507422481001,5,0,0,0
SYN_004,synthetic,synthetic_track_1,DRV_04,32.2,1,51.95427555160684,-13.328547167241176,0.998848738342664,0.047970802695686335,0.24236227839653307,0.09139719464917656,0.4233770341665491,0.625,0.0,-0.057551257608164555,0.18094570749451305,22.237883590403122,28.03215537944307,0.11017348479766803,6.884500392176646,0.9268572102730634,1270.6747027722934,38.22263430197631,525.2083584195992,13373.410892146801,5,0,0,0
SYN_004,synthetic,synthetic_track_1,DRV_04,32.4,1,49.642442752261196,-11.559163996728223,0.9993722850700881,0.03542648492004912,0.24436051976390258,0.12764559278672785,0.37320674806189613,0.5,0.0,-0.06320689265656185,0.19619451909234417,22.237883590403122,28.03215537944307,0.1101822405045319,6.884500392176646,0.926490903632143,1280.6031913227455,28.708866498418686,524.3011729817047,11924.876887867,4,0,0,0
SYN_004,synthetic,synthetic_track_1,DRV_04,32.6,1,47.963244458309816,-8.3959914697569,0.9997253600332227,0.023435112682539297,0.24626984448514336,0.19063037361649163,0.2940680119202409,0.5,0.0,-0.06770454024876353,0.20774691020728223,22.237883590403122,28.03215537944307,0.11018878051562295,6.884500392176646,0.9261414445295499,1290.1958402144076,19.181536180821432,523.6192091177811,12127.601905803447,4,0,0,0
SYN_004,synthetic,synthetic_track_1,DRV_04,32.800000000000004,1,46.4944969933958,-7.343737324570085,0.9999298320584714,0.011846136902685295,0.24811458465661684,0.2154348399360556,0.25562784256869703,0.5,0.0,-0.07090014616790707,0.21524194195403554,22.237883590403122,28.03215537944307,0.11019310464977786,6.884500392176646,0.9258044045780952,1299.4947396130867,9.619164722242786,523.1746347849678,12041.521083816897,4,0,0,0
SYN_004,synthetic,synthetic_track_1,DRV_04,33.0,1,45.582966838445444,-4.557650774751778,0.99999981363964,0.0006105085465661595,0.24990283454097822,0.2625228538571963,0.19090808507074944,0.5,0.0,-0.05443458959682888,0.2180781475289649,22.237883590403122,28.03215537944307,0.11019521278721478,6.884500392176646,0.9254783106579104,1308.6113329807758,2.4113082560597876,523.0027572569709,11534.695758664851,4,0,0,0
SYN_004,synthetic,synthetic_track_1,DRV_04,33.2,1,45.11020492759022,-2.3638095542761306,0.9999458672735946,-0.010404927796906157,0.25165602557322614,0.325086788089909,0.11495613565816297,0.5,0.0,-0.07311252403315253,0.2181258851936373,22.237883590403122,28.03215537944307,0.11019510486953671,6.884500392176646,0.9251592622653447,1317.633373966294,-7.264747597303148,522.9945598911775,12020.96598902425,4,0,0,0
SYN_004,synthetic,synthetic_track_1,DRV_04,33.4,1,44.97481967260572,-0.6769262749224936,0.9997730252950277,-0.021304879545025128,0.25339103345505654,0.3722048779226824,0.05700698395768909,0.5,0.0,-0.054461813523729335,0.21543976119217692,22.237883590403122,28.03215537944307,0.11019278089973306,6.884500392176646,0.9248441880217927,1326.628337900815,-14.582802177872829,523.1565698250481,11948.531165334287,4,0,0,0
SYN_004,synthetic,synthetic_track_1,DRV_04,33.6,1,45.051198784642864,0.38189556018572546,0.9994824245058102,-0.032169599064761564,0.2551208342116952,0.3781058691133431,0.038798056992649266,0.5,0.0,-0.07103912945674153,0.20846912482207847,22.237883590403122,28.03215537944307,0.11018824094217952,6.884500392176646,0.9245307262713505,1335.6385776577436,-24.438613410318997,523.5983362889077,11791.108931562445,4,0,0,0
SYN_004,synthetic,synthetic_track_1,DRV_04,33.800000000000004,1,45.40086372173582,1.748324685464766,0.9990729638558857,-0.04304895924660781,0.25685357262648917,0.4351537748143156,0.0,0.5,0.0,-0.06811034661341105,0.1980263288431169,22.237883590403122,28.03215537944307,0.11018148512263645,6.884500392176646,0.924217394625721,1344.7187504020908,-34.425825410146054,524.297400641279,11991.553541622197,4,0,0,0
SYN_004,synthetic,synthetic_track_1,DRV_04,34.0,1,45.85562865998988,2.2738246912703275,0.9985405248531513,-0.05400759415112969,0.25859975969270976,0.45740706426895117,0.008957185029883769,0.5,0.0,-0.048507172582041354,0.188235035587234,22.237883590403122,28.03215537944307,0.11017251362824523,6.884500392176646,0.9239022800279861,1353.8898761340888,-42.014436894145554,524.9885885640073,11806.95080770951,4,0,0,0
SYN_004,synthetic,synthetic_track_1,DRV_04,34.2,1,46.48414134798428,3.1425634399719726,0.9978807413335222,-0.06506939430838558,0.260363437718094,0.5165686131346794,0.008674762277531455,0.5,0.0,-0.06051246574403862,0.1730397508646106,22.237883590403122,28.03215537944307,0.11016132670752313,6.884500392176646,0.9235846467035829,1363.1867044036856,-52.27866576072993,526.1279697136348,11909.347510113332,4,0,0,0
SYN_004,synthetic,synthetic_track_1,DRV_04,34.4,1,47.29729391339132,4.065762827035222,0.9970868456936818,-0.07627464942314753,0.2621512893084011,0.5797916828245462,0.0,0.5,0.0,-0.04186000590040952,0.16036828862656452,22.237883590403122,28.03215537944307,0.11014792467035642,6.884500392176646,0.923263278325297,1372.6461631863638,-60.096101635502734,527.1413254680467,11830.657877508878,4,0,0,0
SYN_004,synthetic,synthetic_track_1,DRV_04,34.6,1,48.22204114345002,4.623736150293496,0.9961499218698225,-0.08766603195506469,0.26397041599737764,0.6417382971077968,0.0005256086256351083,0.5,0.0,-0.05066558948550644,0.1422428538275783,22.237883590403122,28.03215537944307,0.11013230788799183,6.884500392176646,0.9229368823026126,1382.2905714150538,-70.69154886730547,528.695727681546,12309.16725032181,4,0,0,0
SYN_004,synthetic,synthetic_track_1,DRV_04,34.800000000000004,1,49.38547257604596,5.817157162979711,0.9950607004282102,-0.09926833565301539,0.26582510988751035,0.7328715486889963,0.0,0.5,0.0,-0.04443204532836,0.12320594771760016,22.237883590403122,28.03215537944307,0.11011447679302619,6.884500392176646,0.9226046773430981,1392.167665930263,-81.49740735362661,530.4705332256736,12074.077391765293,4,0,0,0
SYN_004,synthetic,synthetic_track_1,DRV_04,35.0,1,50.826458090754194,7.2049275735411555,0.9938051424557347,-0.11113657736558555,0.2677245511404352,0.8263414265048126,0.000312663564790769,0.625,0.0,-0.03797520359497665,0.1037315724911621,22.237883590403122,28.03215537944307,0.11009443187939452,6.884500392176646,0.9222649925091553,1402.3329575484138,-92.52676854383242,532.450509252898,13304.386739042568,5,0,0,0
SYN_004,synthetic,synthetic_track_1,DRV_04,35.2,1,52.43194696872258,8.027444389841918,0.9923651466173856,-0.12333456846746066,0.2696794149131565,0.9283972819475824,0.002442810438527348,0.625,0.0,-0.03144051027455827,0.08421393212210733,22.237883590403122,28.03215537944307,0.11007217370235631,6.884500392176646,0.9219158847556316,1412.8193469421583,-103.79067894614612,534.6181686122046,13308.39882527646,5,0,0,0
SYN_004,synthetic,synthetic_track_1,DRV_04,35.4,1,54.27419336207878,9.211231966781028,0.9907227862167145,-0.135898347565341,0.27169602825810735,0.9913289154537851,0.008671084546214921,0.625,1.0,-0.02494614186750886,0.06496551393173029,22.237883590403122,28.03215537944307,0.11004770287848012,6.884500392176646,0.9215562023740134,1423.674185614574,-115.29798045992989,536.9539492858834,13797.538218152178,5,0,0,0
SYN_004,synthetic,synthetic_track_1,DRV_04,35.6,1,56.18609429118001,9.559504645506145,0.9888551858552875,-0.14888056087718354,0.2737834972335719,0.9987223131221954,0.0012776868778046273,0.625,1.0,-0.018583539649331803,0.04622169883681393,22.237883590403122,28.03215537944307,0.11002102008562659,6.884500392176646,0.9211842878583348,1434.91140447281,-127.05517228916638,539.4364119463726,13205.91995570455,5,0,0,0
SYN_004,synthetic,synthetic_track_1,DRV_04,35.800000000000004,1,58.0317965425048,9.22851125662394,0.9867425976467175,-0.16229308669628614,0.27594450086015576,1.0,0.0,0.625,1.0,-0.014589432939061798,0.02375006004868178,22.237883590403122,28.03215537944307,0.10999212606292946,6.884500392176646,0.9207996534051056,1446.517763781311,-142.1089857657906,542.7104258749391,13685.407571142521,5,0,0,0
SYN_004,synthetic,synthetic_track_1,DRV_04,36.0,1,59.81958118352995,8.93892320512574,0.9843696393891774,-0.1761147723753482,0.2781764930348675,1.0,0.0,0.625,1.0,-0.005062408639095523,0.006664337922704032,22.237883590403122,28.03215537944307,0.10996102161077542,6.884500392176646,0.9204027621649544,1458.481680018017,-154.43931902349044,545.4362882615108,13505.975291349543,5,0,0,0
SYN_004,synthetic,synthetic_track_1,DRV_04,36.2,1,61.56847463113179,8.744467238009221,0.9817209488393732,-0.19032597986066113,0.28047724615731096,1.0,0.0,0.75,1.0,0.001479112322920627,0.013493247121860131,22.237883590403122,28.03215537944307,0.1099277075907816,6.884500392176646,0.9199940193026679,1470.7953749442433,-170.2084154676943,548.9342983862499,15000.0,6,0,0,0
SYN_004,synthetic,synthetic_track_1,DRV_04,36.4,1,63.12399579497321,7.777605819207096,0.9787805880913159,-0.2049111035927967,0.28284526441235447,0.9940247493237255,0.005975250676274447,0.75,1.0,0.009626874898443431,0.03229658252399347,22.237883590403122,28.03215537944307,0.10989218492577191,6.884500392176646,0.9195736967797528,1483.420174103238,-186.36426607744596,552.4838409645714,15000.0,6,0,0,0
SYN_004,synthetic,synthetic_track_1,DRV_04,36.6,1,63.87778827494878,3.7689623998778288,0.9755409907298704,-0.21981759576017304,0.28527311040446884,0.7407929050451736,0.0,0.75,0.0,0.017213116430718028,0.049777743084620345,22.237883590403122,28.03215537944307,0.10985445459975143,6.884500392176646,0.9191431479069941,1496.1957317582278,-202.89106346772715,556.0309042929149,15000.0,6,0,0,0
SYN_004,synthetic,synthetic_track_1,DRV_04,36.800000000000004,1,63.96573402576415,0.4397287540768602,0.9720316217712556,-0.2348500080407553,0.2877299484150438,0.5152221555312768,0.0,0.75,0.0,0.02425992814568925,0.06600703664020068,22.237883590403122,28.03215537944307,0.10981451765787914,6.884500392176646,0.9187079844716312,1508.9888785633807,-219.7666094505429,559.5209080288046,15000.0,6,0,0,0
SYN_004,synthetic,synthetic_track_1,DRV_04,37.0,1,63.2212617516142,-3.722361370749745,0.9682853184882361,-0.24984703720503731,0.2901901689544963,0.3619257942734902,0.0653496957180405,0.75,0.0,0.030801939431036717,0.08107732723217569,22.237883590403122,28.03215537944307,0.10977237520643895,6.884500392176646,0.9182728670688829,1521.6331309137036,-236.96251464380668,562.8995040334277,15000.0,6,0,0,0
SYN_004,synthetic,synthetic_track_1,DRV_04,37.2,1,61.68889457505419,-7.661835882800041,0.9643552693400741,-0.26461087372977155,0.292621755944943,0.2578436697867955,0.20080647664679616,0.75,0.0,0.03688067572885645,0.09509257722118707,22.237883590403122,28.03215537944307,0.1097280284128091,6.884500392176646,0.9178436222747105,1533.9709098287144,-254.44449780469427,566.1133661495796,15000.0,6,0,0,0
SYN_004,synthetic,synthetic_track_1,DRV_04,37.4,1,59.91647099939898,-8.862117878276052,0.9603034915640504,-0.27895735174017877,0.2949944057362912,0.22669010071912515,0.2452603985773153,0.625,0.0,0.04254049643616457,0.10815972323831737,22.237883590403122,28.03215537944307,0.10968147850542978,6.884500392176646,0.917425764984899,1545.9542040285942,-272.17278076543414,569.110957207788,14021.394370031294,5,0,0,0
SYN_004,synthetic,synthetic_track_1,DRV_04,37.6,1,58.31012945256208,-8.031707734184508,0.9561638128236221,-0.29283231216276895,0.2972988853901143,0.23216080572133313,0.23869251641076522,0.625,0.0,0.03785431080819289,0.11800107970367682,22.237883590403122,28.03215537944307,0.10963272677376915,6.884500392176646,0.9170209752074013,1557.6162299191067,-286.5027982689386,571.3202740654809,13633.986160975666,5,0,0,0
SYN_004,synthetic,synthetic_track_1,DRV_04,37.800000000000004,1,56.612476277925076,-8.488265873185021,0.951942638101501,-0.30627636827603044,0.2995415826767513,0.20933787251535216,0.2655305570350538,0.625,0.0,0.05181284453697661,0.1296201777738442,22.237883590403122,28.03215537944307,0.10958177456828758,6.884500392176646,0.9166280899628778,1568.9387251746916,-304.55854191770044,573.8071941104178,13407.790874495866,5,0,0,0
SYN_004,synthetic,synthetic_track_1,DRV_04,38.0,1,55.1426667421528,-7.349047678861389,0.9476635074297337,-0.3192708516071818,0.30171898561051763,0.238019228212689,0.23150205648980016,0.625,0.0,0.04485873319651285,0.13842600074771738,22.237883590403122,28.03215537944307,0.1095286233004002,6.884500392176646,0.9162477480092986,1579.9672585231222,-319.0850475709085,575.5502453992085,13567.023128304218,5,0,0,0
SYN_004,synthetic,synthetic_track_1,DRV_04,38.2,1,53.581987611741255,-7.803395652057716,0.943324943353757,-0.3318705338631783,0.3038398574082927,0.21936635542442975,0.2506570423022683,0.625,0.0,0.060108770576220806,0.14888969699632887,22.237883590403122,28.03215537944307,0.10947327444243796,6.884500392176646,0.9158783539994922,1590.6836560454703,-337.29911986838806,577.3882449030862,13593.274587645228,5,0,0,0
SYN_004,synthetic,synthetic_track_1,DRV_04,38.400000000000006,1,52.28667538656102,-6.4765611259011635,0.9389486979722412,-0.34405717922495527,0.30590070308566736,0.24272987725724823,0.22027187752612284,0.625,0.0,0.05116587364535352,0.15686981484915877,22.237883590403122,28.03215537944307,0.10941572952760664,6.884500392176646,0.9155205435606595,1601.1409911227825,-351.87915662204614,578.5643578627307,13414.65610578869,5,0,0,0
SYN_004,synthetic,synthetic_track_1,DRV_04,38.6,1,51.181827208932255,-5.5242408881438365,0.9345264728480589,-0.35589362391895457,0.30791172906207354,0.2600454897999459,0.19861227199930792,0.625,0.0,0.05378266898650175,0.16453554957399413,22.237883590403122,28.03215537944307,0.10935599014994454,6.884500392176646,0.9151724586462522,1611.3773565645688,-366.43411387372413,579.4620751596759,12930.412550164458,5,0,0,0
SYN_004,synthetic,synthetic_track_1,DRV_04,38.800000000000004,1,50.24669113876297,-4.675680350846427,0.9300531786907162,-0.36742493765025624,0.3098802608778017,0.27405531325136373,0.18197425001270712,0.625,0.0,0.05629854120578543,0.17191133857831353,22.237883590403122,28.03215537944307,0.10929405796427824,6.884500392176646,0.9148327655114895,1621.4266947923213,-380.93310024053505,580.0682588324613,13525.224689057713,5,0,0,0
SYN_004,synthetic,synthetic_track_1,DRV_04,39.0,1,49.288357674909705,-4.791667319266324,0.9255232059827686,-0.3786908966259656,0.31181282592160026,0.2776044503000528,0.1773309696455403,0.5,0.0,0.05872066043186081,0.17901552780158145,22.237883590403122,28.03215537944307,0.10922993468617678,6.884500392176646,0.9145002756569486,1631.2843663273034,-395.3450069811845,580.3721142539158,11989.298788690556,4,0,0,0
SYN_004,synthetic,synthetic_track_1,DRV_04,39.2,1,48.418157673584105,-4.351000006627999,0.9209470450164545,-0.38968774714566073,0.3137085319860199,0.28037747018632597,0.1722055710566974,0.5,0.0,0.06105409167053525,0.1858599651557932,22.237883590403122,28.03215537944307,0.1091636220919042,6.884500392176646,0.914175150931506,1640.9679978620202,-409.6387871284536,580.3652668417898,11901.876363800271,4,0,0,0
SYN_004,synthetic,synthetic_track_1,DRV_04,39.400000000000006,1,47.726479490125996,-3.4583909172905436,0.9163244569097508,-0.4004366237858997,0.31557076881961926,0.29252161165655866,0.15819924824769746,0.5,0.0,0.06330165178442722,0.19244955008308698,22.237883590403122,28.03215537944307,0.10909512201837018,6.884500392176646,0.9138567738498512,1650.5132937600454,-423.78373559579114,580.0418144194332,11991.082184535258,4,0,0,0
SYN_004,synthetic,synthetic_track_1,DRV_04,39.6,1,46.81998563824486,-4.532469259405687,0.9116451262983919,-0.410978300760988,0.31740640264616254,0.2793969192003091,0.1713660281160089,0.5,0.0,0.0654637501881414,0.1987817308579116,22.237883590403122,28.03215537944307,0.10902443636307929,6.884500392176646,0.9135438941900076,1659.8772908876942,-437.74976744417705,579.3983548299933,12083.080865794,4,0,0,0
SYN_004,synthetic,synthetic_track_1,DRV_04,39.800000000000004,1,46.23951889061259,-2.90233373816136,0.9069368320316188,-0.4212666408635407,0.31920717132455656,0.30598927163321904,0.13855780693810293,0.5,0.0,0.05046412951461946,0.20335591057381233,22.237883590403122,28.03215537944307,0.10895156708407847,6.884500392176646,0.9132380150742401,1669.1251946658167,-448.0892758202136,578.7051207555814,11809.514563041135,4,0,0,0
SYN_004,synthetic,synthetic_track_1,DRV_04,40.0,1,45.65815053366434,-2.906841784741232,0.902172953980734,-0.43137450215059814,0.3209856143588109,0.3101833222632599,0.13480119891434256,0.5,0.0,0.06903367541433046,0.20920706699474445,22.237883590403122,28.03215537944307,0.10887651619990257,6.884500392176646,0.9129368537072586,1678.2568247725496,-461.6726503782782,577.5009781566384,11735.929054729871,4,0,0,0
SYN_004,synthetic,synthetic_track_1,DRV_04,40.2,1,45.05379179084659,-3.0217937140887585,0.897358436771811,-0.44130243139422154,0.3227416970716442,0.30939311582168577,0.13331587085646482,0.5,0.0,0.05303270816122696,0.21339538584391365,22.237883590403122,28.03215537944307,0.1087992857895187,6.884500392176646,0.9126404157766381,1687.267583130719,-471.6934376481631,576.3898657095422,12186.581186949717,4,0,0,0
SYN_004,synthetic,synthetic_track_1,DRV_04,40.400000000000006,1,44.57968772054507,-2.370520351507608,0.8925005569301998,-0.4510462901735066,0.32447453521744596,0.31476178249085085,0.1267856029854328,0.5,0.0,0.0723010270612143,0.21868538006137866,22.237883590403122,28.03215537944307,0.10871987799226845,6.884500392176646,0.9123488615732771,1696.183520674828,-484.8116201620547,574.6354565786016,11701.043257918685,4,0,0,0
SYN_004,synthetic,synthetic_track_1,DRV_04,40.6,1,44.0377314718909,-2.7097812432708324,0.8875896603889751,-0.4606349908230852,0.3261891385913131,0.3086521556188019,0.13296195452031695,0.5,0.0,0.07400958583604098,0.2235983673428592,22.237883590403122,28.03215537944307,0.10863829500780872,6.884500392176646,0.9120612786545713,1704.9910669692063,-497.6303088612504,572.5761632761489,11960.667201681164,4,0,0,0
SYN_004,synthetic,synthetic_track_1,DRV_04,40.800000000000004,1,43.58757155450173,-2.2507995869458597,0.8826373205887525,-0.4700546354456124,0.3278828974940781,0.3215193388279986,0.11690074836164652,0.5,0.0,0.05654799685739601,0.22700338855497817,22.237883590403122,28.03215537944307,0.10855453909605076,6.884500392176646,0.9117781413077954,1713.7085812801065,-507.03444049556646,570.8373932820315,11761.175715029058,4,0,0,0
SYN_004,synthetic,synthetic_track_1,DRV_04,41.0,1,43.35022702319287,-1.1867226565442834,0.8776371665133038,-0.47932557198056885,0.32955934255386665,0.3346161041274717,0.10154057512054854,0.5,0.0,0.0573694336382201,0.230138822515372,22.237883590403122,28.03215537944307,0.10846861257709758,6.884500392176646,0.9114988062625998,1722.378626684745,-516.2491634281664,568.9374496127659,11781.439842614585,4,0,0,0
SYN_004,synthetic,synthetic_track_1,DRV_04,41.2,1,43.045117970593715,-1.5255452629957844,0.8725676569106516,-0.48849327949671467,0.3312266589778356,0.3306201618636496,0.10716734781473486,0.5,0.0,0.07764573935939371,0.23384614831329506,22.237883590403122,28.03215537944307,0.10838051783117966,6.884500392176646,0.9112217830972129,1730.9876502788638,-528.2275245720763,566.1630927331478,11490.389899340718,4,0,0,0
SYN_004,synthetic,synthetic_track_1,DRV_04,41.400000000000006,1,42.63649754849898,-2.0431021104736757,0.8674390735119688,-0.49754341895426296,0.33288224043824305,0.32436300488153663,0.11219679189293998,0.5,0.0,0.05899398000163394,0.23622595015433315,22.237883590403122,28.03215537944307,0.10829025729858904,6.884500392176646,0.910947545431196,1739.5149497885636,-536.9714673174117,563.9095330479327,11431.586104627937,4,0,0,0
SYN_004,synthetic,synthetic_track_1,DRV_04,41.6,1,42.434163794920124,-1.0116687678942782,0.8622666421759041,-0.5064545762363012,0.33452210572856994,0.34297394890546773,0.0910078749694142,0.5,0.0,0.07949633072303403,0.23878918772853286,22.237883590403122,28.03215537944307,0.1081978334796117,6.884500392176646,0.9106768170940496,1748.0017825475477,-548.2990907978335,560.6873685195785,11672.52993802627,4,0,0,0
SYN_004,synthetic,synthetic_track_1,DRV_04,41.800000000000004,1,42.18652931229317,-1.2381724131347838,0.8570278659825944,-0.5152700621318108,0.3361541889514515,0.3250947696778541,0.10786219847099518,0.5,0.0,0.0601151530294497,0.24019701058716064,22.237883590403122,28.03215537944307,0.10810324893445833,6.884500392176646,0.9104081533110312,1756.4390884100064,-556.5402420592482,558.117260691907,11481.155444551416,4,0,0,0
SYN_004,synthetic,synthetic_track_1,DRV_04,42.0,1,42.06591941428364,-0.6030494900476313,0.851730325216577,-0.5239803938187612,0.3377767477711551,0.3608933498026716,0.0697052586960894,0.5,0.0,0.06040768867766857,0.24111030860193877,22.237883590403122,28.03215537944307,0.10800650628319339,6.884500392176646,0.9101418704012247,1764.852272292863,-564.5588196850651,555.4243259720354,11488.05255338826,4,0,0,0
SYN_004,synthetic,synthetic_track_1,DRV_04,42.2,1,41.866558384692205,-0.9968051479571827,0.8463597851002419,-0.5326115978506968,0.33939466774862753,0.3381085639219773,0.0913141673952845,0.5,0.0,0.08077113326194392,0.24146880966491993,22.237883590403122,28.03215537944307,0.10790760820566253,6.884500392176646,0.9098770783885839,1773.2255839698014,-574.8990469859586,551.6570210681465,11423.100067258973,4,0,0,0
SYN_004,synthetic,synthetic_track_1,DRV_04,42.400000000000006,1,41.738836881151585,-0.6386075177031003,0.8409278540878059,-0.5411472481859978,0.3410049199941926,0.3552995456649059,0.07072199473862095,0.5,0.0,0.06055943169716027,0.24102152638636007,22.237883590403122,28.03215537944307,0.10780655744141834,6.884500392176646,0.9096143277091643,1781.5733513460318,-582.3883601990847,548.7101962205327,11752.94830856767,4,0,0,0
SYN_004,synthetic,synthetic_track_1,DRV_04,42.6,1,41.90145688325804,0.8131000105322883,0.8354268070297385,-0.5496017195170482,0.3426102598742369,0.37596499500564057,0.04684665884551853,0.5,0.0,0.06036357113537881,0.23989581910252933,22.237883590403122,28.03215537944307,0.10770335678964454,6.884500392176646,0.9093531160465284,1789.9536427226835,-589.6488085853945,545.6692691467852,11500.167505618638,4,0,0,0
SYN_004,synthetic,synthetic_track_1,DRV_04,42.800000000000004,1,41.9111339510861,0.04838533914028886,0.829818834536715,-0.5580328859916125,0.34422185436974684,0.3724032758026778,0.0505800524625813,0.5,0.0,0.059989935858340004,0.23803145611611148,22.237883590403122,28.03215537944307,0.10759800910907832,6.884500392176646,0.9090914101525155,1798.3358695129007,-596.6805071930667,542.5433730793505,11563.916682728239,4,0,0,0
SYN_004,synthetic,synthetic_track_1,DRV_04,43.0,1,42.07878537361251,0.838257112632057,0.8241244528786292,-0.5664087624388416,0.3458338210601732,0.3817439179359531,0.03660519844578435,0.5,0.0,0.07906945767262646,0.23429039293047008,22.237883590403122,28.03215537944307,0.10749051731793124,6.884500392176646,0.908830279752202,1806.7516265876232,-605.7021968020623,538.2593753884929,11818.184974440088,4,0,0,0
SYN_004,synthetic,synthetic_track_1,DRV_04,43.2,1,42.31990396642592,1.205592964067037,0.8183222458663862,-0.5747596905839811,0.3474522358822352,0.39846929918691576,0.01741730976107208,0.5,0.0,0.05834057917101602,0.23046323373131206,22.237883590403122,28.03215537944307,0.10738088439380838,6.884500392176646,0.9085686181318235,1815.2156073809083,-612.2057552381127,534.9714061974477,11830.517980649824,4,0,0,0
SYN_004,synthetic,synthetic_track_1,DRV_04,43.400000000000006,1,42.60325591215231,1.4167597286319378,0.8124014462202835,-0.583098525276125,0.3490799244963285,0.4003221268561969,0.01281295121531455,0.5,0.0,0.05726333433953752,0.22569325664387938,22.237883590403122,28.03215537944307,0.10726911337362585,6.884500392176646,0.9083059101101133,1823.7362585633387,-618.4875451479495,531.6295887201367,11541.679566662493,4,0,0,0
SYN_004,synthetic,synthetic_track_1,DRV_04,43.6,1,43.05352279700798,2.2513344242783617,0.8063551794048504,-0.5914315891520942,0.3507185112621805,0.41742407637910073,0.003462851778383469,0.5,0.0,0.0742516378023608,0.21776669545810973,22.237883590403122,28.03215537944307,0.10715520735352663,6.884500392176646,0.9080418591247581,1832.3469631227401,-626.5253524326461,527.1061577230016,11753.812919774442,4,0,0,0
SYN_004,synthetic,synthetic_track_1,DRV_04,43.800000000000004,1,43.47230312874073,2.0939016586637393,0.8001581816534024,-0.5997890331884376,0.35237441598514235,0.4326994088658718,0.0,0.5,0.0,0.05377663407554929,0.21057754619753463,22.237883590403122,28.03215537944307,0.10703916948879483,6.884500392176646,0.9077752958245986,1841.0414237484883,-632.3067491772609,523.6747302205122,12165.975853426993,4,0,0,0
SYN_004,synthetic,synthetic_track_1,DRV_04,44.0,1,43.976120260218885,2.5190856573907894,0.7938130233983755,-0.6081618895352867,0.35404642764394006,0.47224462331524253,0.0,0.5,0.0,0.06862986192655882,0.19924480563791755,22.237883590403122,28.03215537944307,0.10692100299376833,6.884500392176646,0.9075064396512053,1849.836647800532,-639.697280559711,519.0647406670279,11709.197107067395,4,0,0,0
SYN_004,synthetic,synthetic_track_1,DRV_04,44.2,1,44.542359771446364,2.831197556137397,0.7873051927877237,-0.6165634869253004,0.35573781688471773,0.4871859524944247,0.0013249681579418126,0.5,0.0,0.048795729379210354,0.1893872490401259,22.237883590403122,28.03215537944307,0.10680071114174972,6.884500392176646,0.9072346943649894,1858.7451197548214,-645.0105236470795,515.5924421942688,11669.032706470354,4,0,0,0
SYN_004,synthetic,synthetic_track_1,DRV_04,44.400000000000006,1,45.310492742659974,3.8406648560680523,0.7806229282064329,-0.6250022751625903,0.3574509845682349,0.5422300031600014,0.0,0.5,0.0,0.06092893809910787,0.1743879865354499,22.237883590403122,28.03215537944307,0.10667829726491551,6.884500392176646,0.9069596220096394,1867.8072183033535,-651.8031849483345,510.9587997007878,11608.728968652149,4,0,0,0
SYN_004,synthetic,synthetic_track_1,DRV_04,44.6,1,46.02633463720664,3.579209472733318,0.7737326319837193,-0.6335122841773049,0.359193695827568,0.5671922276713797,0.006976880160467589,0.5,0.0,0.0422075907341668,0.16173720648753537,22.237883590403122,28.03215537944307,0.10655376475422407,6.884500392176646,0.9066798083136484,1877.0124852307947,-656.6898428216775,507.4908759826559,11813.088550599023,4,0,0,0
SYN_004,synthetic,synthetic_track_1,DRV_04,44.800000000000004,1,47.09288291706311,5.332741399282348,0.766638505533846,-0.6420789685333348,0.3609639394674605,0.6661466349748086,0.0,0.5,0.0,0.05105415236792421,0.14302662436433344,22.237883590403122,28.03215537944307,0.1064271170593214,6.884500392176646,0.9063956182796586,1886.4310618142074,-662.9455856673158,502.8908045919712,12131.01541299039,4,0,0,0
SYN_004,synthetic,synthetic_track_1,DRV_04,45.0,1,48.18745409504776,5.472855889923274,0.7592818304481467,-0.6507619395380402,0.3627752041950399,0.7051581457737224,0.0016349360429266351,0.5,0.0,0.03399424618207488,0.12766165748362082,22.237883590403122,28.03215537944307,0.10629835768844581,6.884500392176646,0.9061045959105019,1896.068552633217,-667.4551498529154,499.4675055071766,11770.877541700333,4,0,0,0
SYN_004,synthetic,synthetic_track_1,DRV_04,45.2,1,49.631270321503415,7.219081132278262,0.7516523800728847,-0.6595594738389917,0.3646285678140802,0.8255635464398385,0.0,0.5,0.0,0.039070673604116,0.10553028362743332,22.237883590403122,28.03215537944307,0.10616749020833069,6.884500392176646,0.9058065439758711,1905.9948066975178,-673.244417801525,494.95064498887325,12357.512096539813,4,0,0,0
SYN_004,synthetic,synthetic_track_1,DRV_04,45.400000000000006,1,51.3776685936309,8.73199136063743,0.7436877885726679,-0.668527092291625,0.3665374628264457,0.9575711016133018,0.0013038495755820021,0.625,0.0,0.031380326835210116,0.08175250029406636,22.237883590403122,28.03215537944307,0.10603451824410556,6.884500392176646,0.9054990166728881,1916.270340416244,-678.8016033404623,490.5001234022327,13370.156653726923,5,0,0,0
SYN_004,synthetic,synthetic_track_1,DRV_04,45.6,1,53.295029141120345,9.586802737447222,0.7353302631467631,-0.677708937598223,0.36851352700312384,1.0,0.0,0.625,1.0,0.02319546060979283,0.05668749544441926,22.237883590403122,28.03215537944307,0.10589944547919589,6.884500392176646,0.9051798948222056,1926.929346244468,-684.153034854723,486.12722088580017,13596.66699824573,5,0,0,0
SYN_004,synthetic,synthetic_track_1,DRV_04,45.800000000000004,1,55.19202698342143,9.484989211505415,0.7265410819537877,-0.687123028455181,0.37056333581624384,0.9998732477997766,0.00012675220022338428,0.625,1.0,0.0146566309017166,0.03081814270375308,22.237883590403122,28.03215537944307,0.10576227565522081,6.884500392176646,0.9048479805654103,1937.9677516411523,-689.3257019249248,481.84115586270656,13212.25271844466,5,0,0,0
SYN_004,synthetic,synthetic_track_1,DRV_04,46.0,1,57.15163271197061,9.798028642745926,0.7173120489962962,-0.6967520537212181,0.372686106084837,0.9991559956683616,0.0008440043316384194,0.625,1.0,0.006074045972082054,0.001703414269337509,22.237883590403122,28.03215537944307,0.10562301257188975,6.884500392176646,0.9045034153015257,1949.3980781835464,-695.5818259347235,476.61621923519135,14016.299366291541,5,0,0,0
SYN_004,synthetic,synthetic_track_1,DRV_04,46.2,1,59.04873620065958,9.485517443444849,0.7076208764612235,-0.7065923118717398,0.37488424580452817,1.0,0.0,0.625,1.0,-0.004830640099437763,0.026950289730923963,22.237883590403122,28.03215537944307,0.10548166008689688,6.884500392176646,0.9041457596180397,1961.2078254236783,-700.4523326843406,472.54788770618825,13830.438458110659,5,0,0,0
SYN_004,synthetic,synthetic_track_1,DRV_04,46.400000000000006,1,60.06927772731102,5.102707633257175,0.6974662613439084,-0.7166176206924798,0.37715535104301506,0.7962526533153551,0.0,0.625,0.0,-0.017502828843205285,0.05612571680332072,22.237883590403122,28.03215537944307,0.10533822211581448,6.884500392176646,0.9037754498559598,1973.2216809691404,-706.4168263161848,467.6051245387892,13811.87526120407,5,0,0,0
SYN_004,synthetic,synthetic_track_1,DRV_04,46.6,1,60.10743149595579,0.19076884322384302,0.6869904327725344,-0.7266664608188587,0.37946570787868084,0.4859990059415495,0.004189969053391563,0.625,0.0,-0.028868104120137614,0.0809695433700687,22.237883590403122,28.03215537944307,0.10519270263198438,6.884500392176646,0.9033986207570177,1985.2431672683315,-712.2917802228401,462.81924991014046,14138.659654027571,5,0,0,0
SYN_004,synthetic,synthetic_track_1,DRV_04,46.800000000000004,1,59.45516601127909,-3.2613274233834844,0.6763630487489803,-0.7365684124960725,0.38177753216698684,0.3457817556153423,0.08430162774682606,0.625,0.0,-0.0298354030966588,0.09655251932408893,22.237883590403122,28.03215537944307,0.1050451056664079,6.884500392176646,0.9030221478262189,1997.1342004705873,-716.9602231536187,459.0988735469624,13652.19088804286,5,0,0,0
SYN_004,synthetic,synthetic_track_1,DRV_04,47.0,1,58.30094797876367,-5.771090162577082,0.6657105901293535,-0.7462100308824774,0.3840642693212668,0.27332453729639294,0.18181267194792233,0.625,0.0,-0.04337320784084047,0.10942742506946866,22.237883590403122,28.03215537944307,0.10489543530763423,6.884500392176646,0.902650862771772,2008.79439006634,-722.7949348474342,454.57348477906777,14166.441811767727,5,0,0,0
SYN_004,synthetic,synthetic_track_1,DRV_04,47.2,1,57.170230734400846,-5.6535862218141375,0.6551314659315673,-0.7555148988248713,0.3863066134742961,0.28024060664184053,0.1695887177527724,0.625,0.0,-0.04705696223233296,0.114038667743714,22.237883590403122,28.03215537944307,0.1047436957016471,6.884500392176646,0.9022882780177168,2020.22843621322,-728.6679096911029,450.1707160289027,13529.88059911919,5,0,0,0
SYN_004,synthetic,synthetic_track_1,DRV_04,47.400000000000006,1,56.804661669923355,-1.8278453223874536,0.6446312212996953,-0.7644936811548302,0.3885054685025423,0.36564887238288113,0.061172253219050926,0.625,0.0,-0.03790866691332094,0.11150846791831398,22.237883590403122,28.03215537944307,0.10458989105174998,6.884500392176646,0.9019342277975452,2031.5893685472047,-733.4191318963169,446.72181026776167,13577.720529616648,5,0,0,0
SYN_004,synthetic,synthetic_track_1,DRV_04,47.6,1,56.94922620303408,0.7228226655536218,0.6340762496537237,-0.7732705280980704,0.3906902631821548,0.459775333545604,0.0,0.625,0.0,-0.04470441101368763,0.10079186064485379,22.237883590403122,28.03215537944307,0.10443402561844967,6.884500392176646,0.9015833547958458,2042.9792137878114,-739.451422313082,442.47961289259035,13992.264000184696,5,0,0,0
SYN_004,synthetic,synthetic_track_1,DRV_04,47.800000000000004,1,57.461056856973414,2.5591532696966723,0.6233744757935028,-0.7819234380226594,0.39288061803611757,0.5754350321393581,0.0,0.625,0.0,-0.031510466965119686,0.0866880082085606,22.237883590403122,28.03215537944307,0.10427610371933824,6.884500392176646,0.901232086782158,2054.4714251592063,-744.3686333643902,439.1215437590695,13254.923549657351,5,0,0,0
SYN_004,synthetic,synthetic_track_1,DRV_04,48.0,1,58.574223202669934,5.5658317284826,0.6124568619442459,-0.7905040115378333,0.39509065868446275,0.7756668266600081,0.000413046098476234,0.625,0.0,-0.031564383828165524,0.06317400442037364,22.237883590403122,28.03215537944307,0.10411612972897341,6.884500392176646,0.9008778515812687,2066.1862697997403,-750.646902626265,434.9392065504367,14046.02774078015,5,0,0,0
SYN_004,synthetic,synthetic_track_1,DRV_04,48.2,1,60.19402017142287,8.098984843764683,0.6012062122456859,-0.7990939183582836,0.397343513423027,0.9733961892912759,0.011423090864785232,0.625,1.0,-0.01744675296807305,0.04055491351123202,22.237883590403122,28.03215537944307,0.1039541080787574,6.884500392176646,0.9005164385139148,2078.225073834025,-755.7839576995333,431.5816346092405,13696.337807277116,5,0,0,0
SYN_004,synthetic,synthetic_track_1,DRV_04,48.400000000000006,1,61.93728946073301,8.716346446550709,0.589518959048349,-0.8077545400197705,0.3996586680450048,1.0,0.0,0.75,1.0,-0.010436809584289818,0.00875550283811329,22.237883590403122,28.03215537944307,0.10379004325681429,6.884500392176646,0.9001442998192977,2090.6125317261717,-762.3548432050919,427.3354614065774,14987.720614195987,6,0,0,0
SYN_004,synthetic,synthetic_track_1,DRV_04,48.6,1,63.4861772817647,7.7444391051584205,0.5773630459139276,-0.8164875462693794,0.40204087148580225,1.0,0.0,0.75,1.0,0.003467545630928301,0.025705181722306843,22.237883590403122,28.03215537944307,0.10362393980786544,6.884500392176646,0.8997605698277573,2103.309767182525,-769.0922945818073,422.9938875512658,15000.0,6,0,0,0
SYN_004,synthetic,synthetic_track_1,DRV_04,48.800000000000004,1,63.63433504258893,0.7407888041211663,0.5647689293011934,-0.8252490875462897,0.40448264753510094,0.5159652473137505,0.0,0.75,0.0,0.018239692846595053,0.06170039253612875,22.237883590403122,28.03215537944307,0.10345580233310381,6.884500392176646,0.8993666078292134,2116.0366341910426,-775.9892023932657,418.51143126553023,14886.79523606076,6,0,0,0
SYN_004,synthetic,synthetic_track_1,DRV_04,49.0,1,61.36993010993398,-11.322024663274739,0.5520120251501351,-0.8338361494260408,0.40693012195981587,0.16217284614397778,0.32965046961691613,0.75,0.0,0.03346339713164756,0.09836781195178348,22.237883590403122,28.03215537944307,0.10328563549006645,6.884500392176646,0.8989722175368264,2128.3106202130293,-783.0304815546897,413.8413485711946,14827.78385875852,6,0,0,0
SYN_004,synthetic,synthetic_track_1,DRV_04,49.2,1,57.72534791824602,-18.222910958439797,0.5395853840265177,-0.8419308839477,0.409290503887121,0.001417352123223778,0.5517436980248239,0.625,0.0,0.0488312780831822,0.13509355001595683,22.237883590403122,28.03215537944307,0.10311344399250541,6.884500392176646,0.8985942854753253,2139.8556897966787,-790.1931257821205,408.93636849669764,14060.73607235018,5,0,0,0
SYN_004,synthetic,synthetic_track_1,DRV_04,49.400000000000006,1,54.08398541525448,-18.206812514957704,0.527788358420203,-0.8493759171980962,0.4115107095762844,0.0,0.572342507496781,0.625,0.0,0.05008908051499598,0.16423329735175396,22.237883590403122,28.03215537944307,0.10293923261025725,6.884500392176646,0.8982424714545719,2150.6724868797296,-795.9902139778893,404.8116146762493,13669.351807561186,5,0,0,0
SYN_004,synthetic,synthetic_track_1,DRV_04,49.6,1,50.39421498650007,-18.448852143772072,0.5166422619854136,-0.8562013624905038,0.41359086286148644,0.0,0.6051513738678482,0.625,0.0,0.07622433756655006,0.2001189395698664,22.237883590403122,28.03215537944307,0.10276300616911094,6.884500392176646,0.8979167514890091,2160.7513298770295,-803.2888155838895,399.36588458059754,13193.593472171211,5,0,0,0
SYN_004,synthetic,synthetic_track_1,DRV_04,49.800000000000004,1,47.13894916043676,-16.27632913031654,0.5061771183077172,-0.86242954779025,0.41552910189942877,0.004630911265814174,0.540205757493437,0.5,0.0,0.0716892592810825,0.22826835212933633,22.237883590403122,28.03215537944307,0.10258476955067403,6.884500392176646,0.8976174629696347,2170.179119709117,-809.142122859643,394.749526110166,12063.780762743181,4,0,0,0
SYN_004,synthetic,synthetic_track_1,DRV_04,50.0,1,44.470091761851904,-13.344286992924275,0.4963199972829034,-0.868139654835038,0.4173421384055994,0.06645940275172534,0.45651075279292275,0.5,0.0,0.059896049573742664,0.24899561416851318,22.237883590403122,28.03215537944307,0.1024045276922376,6.884500392176646,0.8973415628830425,2179.0731380614875,-813.523989107611,391.1212697664684,12058.835455058468,4,0,0,0
SYN_004,synthetic,synthetic_track_1,DRV_04,50.2,1,42.07148971705901,-11.993010223964475,0.48696189285052455,-0.873423216379914,0.4190525265502861,0.0910796081352343,0.42351336397427886,0.5,0.0,0.08786520443420838,0.27604614036664543,22.237883590403122,28.03215537944307,0.10222228558663937,6.884500392176646,0.897084944872389,2187.4874360048993,-819.3334218975688,386.0455262727827,11599.877909759882,4,0,0,0
SYN_004,synthetic,synthetic_track_1,DRV_04,50.400000000000006,1,40.070395701713956,-10.005470076725267,0.47805675146554877,-0.8783289488444558,0.42067066077017296,0.14065252861920866,0.35900007966924513,0.5,0.0,0.071771598520297,0.2958379458631227,22.237883590403122,28.03215537944307,0.10203804828212548,6.884500392176646,0.8968457156357238,2195.501515145242,-823.6494314338913,382.04939135573943,11758.513034387604,4,0,0,0
SYN_004,synthetic,synthetic_track_1,DRV_04,50.6,1,38.46837960229871,-8.010080497076224,0.469529215870716,-0.882916935755471,0.4222118298356235,0.1693410836858315,0.31928226143660327,0.375,0.0,0.07667938893292955,0.3151465676944549,22.237883590403122,28.03215537944307,0.10185182088221059,6.884500392176646,0.8966210910857862,2203.1951910657017,-827.9154884814476,377.88232194888883,10188.596884700864,3,0,0,0
SYN_004,synthetic,synthetic_track_1,DRV_04,50.800000000000004,1,37.08707972488297,-6.906499387078711,0.4613011795160608,-0.8872436090370508,0.42369138289725033,0.19089674186115207,0.2908482261694486,0.375,0.0,0.08145830246322082,0.33390910421324665,22.237883590403122,28.03215537944307,0.1016636085455365,6.884500392176646,0.8964082761295724,2210.6126070106784,-832.1176630026715,373.53710914956685,10389.55941074342,3,0,0,0
SYN_004,synthetic,synthetic_track_1,DRV_04,51.0,1,35.88273275118412,-6.021734868494235,0.45333083811040276,-0.8913423311041162,0.4251178090405151,0.21174111437034396,0.2647753367530061,0.375,0.0,0.08609116118119726,0.35205138304310374,22.237883590403122,28.03215537944307,0.10147341648572936,6.884500392176646,0.8962057241894403,2217.789153560915,-836.2414954954842,369.0071271986873,10080.438128380816,3,0,0,0
SYN_004,synthetic,synthetic_track_1,DRV_04,51.2,1,34.73770239671955,-5.725151772322867,0.44558465525364316,-0.8952398086560338,0.4264979141463298,0.22268228445396238,0.24973970455122002,0.375,0.0,0.09055787967928842,0.36948749700209493,22.237883590403122,28.03215537944307,0.10128124997125507,6.884500392176646,0.8960121950145244,2224.736694040259,-840.2720682626834,364.2863755254558,10220.682346660818,3,0,0,0
SYN_004,synthetic,synthetic_track_1,DRV_04,51.400000000000006,1,33.786393606110245,-4.756543953046517,0.4380537313698846,-0.8989487907733794,0.42783397962312675,0.23228198652797807,0.2355279090807091,0.375,0.0,0.09483545312846244,0.3861201870794698,22.237883590403122,28.03215537944307,0.10108711432527351,6.884500392176646,0.8958272717915419,2231.493972761481,-844.1940799103842,359.36951768254096,9939.265434099598,3,0,0,0
SYN_004,synthetic,synthetic_track_1,DRV_04,51.6,1,33.02312331130503,-3.816351474026085,0.43069942709502146,-0.9024954312903862,0.4291334563002848,0.25650422896367575,0.2047033055845899,0.375,0.0,0.06549509184952365,0.39670965544109454,22.237883590403122,28.03215537944307,0.10089101492549099,6.884500392176646,0.8956495968562338,2238.098597423742,-846.7407452986532,355.98034506024464,9950.798611048951,3,0,0,0
SYN_004,synthetic,synthetic_track_1,DRV_04,51.800000000000004,1,32.25228300137,-3.8542015496751247,0.4234835140342201,-0.9059038102035053,0.43040357642764265,0.2576531586741918,0.20251499639461748,0.375,0.0,0.10147352856447127,0.41176082344063925,22.237883590403122,28.03215537944307,0.10069295720401131,6.884500392176646,0.8954778523094985,2244.5490540240157,-850.4470226869282,350.72669999665675,10057.285698729416,3,0,0,0
SYN_004,synthetic,synthetic_track_1,DRV_04,52.0,1,31.533747991683043,-3.592675048434799,0.4164100013533307,-0.9091769413997031,0.43164404885077223,0.26246306883229936,0.19534946644024798,0.375,0.0,0.10511512750058917,0.42570647670599954,22.237883590403122,28.03215537944307,0.10049294664718528,6.884500392176646,0.8953120894955368,2250.855803622352,-854.0026553442336,345.26622471149636,9851.545230380143,3,0,0,0
SYN_004,synthetic,synthetic_track_1,DRV_04,52.2,1,31.029413446207457,-2.5216727273779327,0.40946961638529855,-0.9123237546273123,0.4328568853119908,0.28768653070754513,0.16486693148763953,0.375,0.0,0.07195661708029692,0.4343296974266095,22.237883590403122,28.03215537944307,0.10029098879545875,6.884500392176646,0.8951519406151129,2257.061686311594,-856.2814711995895,341.50967376901457,10142.405711012354,3,0,0,0
SYN_004,synthetic,synthetic_track_1,DRV_04,52.400000000000006,1,30.54848433818921,-2.4046455400912414,0.4026170192069454,-0.915368524609031,0.4340503242906911,0.28901098587064156,0.16099598785744704,0.375,0.0,0.07335150887596163,0.4423724082835121,22.237883590403122,28.03215537944307,0.1000870892432191,6.884500392176646,0.8949959045866615,2263.1713831792317,-858.4814559987035,337.6594347296597,9754.865700091106,3,0,0,0
SYN_004,synthetic,synthetic_track_1,DRV_04,52.6,1,30.00793923833549,-2.702725499268599,0.39584851438001833,-0.9183158245740581,0.4352252659960061,0.2837338595444132,0.16564065339693834,0.375,0.0,0.112422338798653,0.453273394803792,22.237883590403122,28.03215537944307,0.0998812536386404,6.884500392176646,0.8948438158776677,2269.1729710268987,-861.6232537704657,331.70753532740804,9654.99601033877,3,0,0,0
SYN_004,synthetic,synthetic_track_1,DRV_04,52.800000000000004,1,29.732798158535395,-1.3757053990004664,0.3891787696174462,-0.9211622469896662,0.43637941750517284,0.3117797655521732,0.1333017777267586,0.375,0.0,0.07638895495368657,0.4597187281946672,22.237883590403122,28.03215537944307,0.09967348768352671,6.884500392176646,0.8946960900895334,2275.119530658606,-863.605457656842,327.62159180369565,9645.395926173975,3,0,0,0
SYN_004,synthetic,synthetic_track_1,DRV_04,53.0,1,29.510072362059017,-1.1136289823818935,0.38254999293694053,-0.9239347936428992,0.4375229866651165,0.31025425257745465,0.13552277932958628,0.375,0.0,0.11646128029451455,0.4680824175465015,22.237883590403122,28.03215537944307,0.09946379713315445,6.884500392176646,0.8945508676675354,2281.021545131018,-866.3986027811472,321.31563244129757,9944.123546497232,3,0,0,0
SYN_004,synthetic,synthetic_track_1,DRV_04,53.2,1,29.135807970500046,-1.8713219577948514,0.3759513421889428,-0.9266394057595071,0.43865798944827267,0.2994116534337533,0.14569251985507378,0.25,0.0,0.07871943806220373,0.4727535156629411,22.237883590403122,28.03215537944307,0.09925218779611261,6.884500392176646,0.8944077799621134,2286.8487067251176,-868.1338785958955,316.9939164897878,8920.300010739153,2,0,0,0
SYN_004,synthetic,synthetic_track_1,DRV_04,53.400000000000006,1,28.91138348617399,-1.1221224216302872,0.3694176204759311,-0.9292634834544511,0.439778597447138,0.31635498583536886,0.1253571181486794,0.25,0.0,0.07943885780224856,0.47667834068962084,22.237883590403122,28.03215537944307,0.09903866553414223,6.884500392176646,0.8942678859849111,2292.6309834223525,-869.7624113235867,312.57845432269016,8708.54255964086,2,0,0,0
SYN_004,synthetic,synthetic_track_1,DRV_04,53.6,1,28.752153865647994,-0.7961481026299744,0.3629161223259581,-0.9318218113759144,0.4408905737350678,0.3258416504187732,0.11428763714201126,0.25,0.0,0.08003215583489956,0.47984304896112495,22.237883590403122,28.03215537944307,0.09882323626197373,6.884500392176646,0.8941301350821584,2298.381414195482,-871.279756269626,308.06981831675887,8608.389193818708,2,0,0,0
SYN_004,synthetic,synthetic_track_1,DRV_04,53.800000000000004,1,28.58212954922989,-0.8501215820905195,0.3564328611455996,-0.9343209381660895,0.4419964258068235,0.3269822667739382,0.11260037530984969,0.25,0.0,0.12088037715536595,0.4831477694089596,22.237883590403122,28.03215537944307,0.0986059059471632,6.884500392176646,0.893994069099542,2304.097840105328,-873.337795670891,301.13382662768504,8560.060603036649,2,0,0,0
SYN_004,synthetic,synthetic_track_1,DRV_04,54.0,1,28.380839699004454,-1.0064492511271794,0.34997088212955924,-0.9367605786226586,0.44309573848179384,0.31984895297512744,0.11790412895912983,0.25,0.0,0.08095355527396968,0.4843872184854339,22.237883590403122,28.03215537944307,0.09838668060992709,6.884500392176646,0.8938597617938683,2309.774008045129,-874.558336935192,296.3958556052987,8443.396566488835,2,0,0,0
SYN_004,synthetic,synthetic_track_1,DRV_04,54.2,1,28.34837134613514,-0.16234176434657854,0.34353789012847835,-0.9391388172395354,0.4441873092394479,0.33782315938603297,0.09721934920604663,0.25,0.0,0.08109674269111257,0.4848616270068928,22.237883590403122,28.03215537944307,0.09816556632297535,6.884500392176646,0.8937274302020608,2315.443682314356,-875.6529067800685,291.5680258249695,8425.92887500447,2,0,0,0
SYN_004,synthetic,synthetic_track_1,DRV_04,54.400000000000006,1,28.280236990061823,-0.3406717803665771,0.33709612540950784,-0.9414702343855048,0.44527763121429925,0.3369364408322879,0.09752435643918,0.25,0.0,0.08111278439401687,0.484582599760673,22.237883590403122,28.03215537944307,0.09794256921134337,6.884500392176646,0.8935958907361274,2321.0997297123686,-876.6175464749592,286.6516550846821,8615.39998356412,2,0,0,0
SYN_004,synthetic,synthetic_track_1,DRV_04,54.6,1,28.35303917225089,0.36401091094534266,0.33065407946293046,-0.9437520223737388,0.44636533263699396,0.34940180426077916,0.08312990021315982,0.25,0.0,0.12142730292728683,0.4827905699455204,22.237883590403122,28.03215537944307,0.09771769545222223,6.884500392176646,0.8934653912049333,2326.7703375468186,-877.8125669208061,279.11436491470744,8506.470727402271,2,0,0,0
SYN_004,synthetic,synthetic_track_1,DRV_04,54.800000000000004,1,28.313687699977205,-0.1967573613684337,0.3241799465478697,-0.9459954345852946,0.44745583414361895,0.3446336482011716,0.08792496720428085,0.25,0.0,0.08061475263519845,0.48071501801326477,22.237883590403122,28.03215537944307,0.09749095127478752,6.884500392176646,0.893334943183958,2332.433075086814,-878.4359856676831,273.9834631916928,8637.016842686135,2,0,0,0
SYN_004,synthetic,synthetic_track_1,DRV_04,55.0,1,28.52240725268515,1.0435977635397187,0.31769961130567376,-0.9481914136798666,0.4485448221320796,0.36758959368676175,0.06294161463350882,0.25,0.0,0.0802107355310808,0.47796891850293755,22.237883590403122,28.03215537944307,0.09726234296002687,6.884500392176646,0.8932053298644863,2338.137556537351,-878.9167631759544,268.76989129690116,8532.513965355596,2,0,0,0
SYN_004,synthetic,synthetic_track_1,DRV_04,55.2,1,28.662641018357387,0.7011688283611939,0.31115646720047235,-0.950358696976737,0.44964183779564443,0.34900795931405804,0.0828556352526517,0.25,0.0,0.07969729633586158,0.4745862923858187,22.237883590403122,28.03215537944307,0.097031876840566,6.884500392176646,0.8930748128495558,2343.8700847410223,-879.2516348859716,263.475675195067,8738.565878191375,2,0,0,0
SYN_004,synthetic,synthetic_track_1,DRV_04,55.400000000000006,1,28.666094571361608,0.017267765021102832,0.3045662612729902,-0.9524911508744807,0.4507442470655812,0.3349083146066581,0.09567855490344405,0.25,0.0,0.11835879366376052,0.46840188311844605,22.237883590403122,28.03215537944307,0.0967995593004932,6.884500392176646,0.8929438696244492,2349.6033036552944,-879.4736733959105,255.387940728333,9026.243573282005,2,0,0,0
SYN_004,synthetic,synthetic_track_1,DRV_04,55.6,1,28.789396302043297,0.6165086534084452,0.2979606461321885,-0.954578154661256,0.4518467891644797,0.3599015143711053,0.06808111669530041,0.25,0.0,0.07797567526544776,0.4635985093780395,22.237883590403122,28.03215537944307,0.0965653967751825,6.884500392176646,0.8928134557200428,2355.361182915703,-879.4307019080761,249.90194618133708,8622.040092028165,2,0,0,0
SYN_004,synthetic,synthetic_track_1,DRV_04,55.800000000000004,1,28.95409380422107,0.8234875108888673,0.29131222721565053,-0.9566280292123251,0.4529540736376352,0.35152064340635586,0.0753323929281846,0.25,0.0,0.07712980513820966,0.4583013309872074,22.237883590403122,28.03215537944307,0.09632939575111552,6.884500392176646,0.8926827302531487,2361.152001676547,-879.2318738599506,244.34354611339563,8409.957231429342,2,0,0,0
SYN_004,synthetic,synthetic_track_1,DRV_04,56.0,1,29.1134917707517,0.7969898326531499,0.2846115530973029,-0.9586429282290362,0.4540676926301052,0.36235935022706467,0.06367391647252488,0.25,0.0,0.0762050430605448,0.4525550898176805,22.237883590403122,28.03215537944307,0.09609156276570163,6.884500392176646,0.8925514014921432,2366.9747000306975,-878.8748017368838,238.71540510803317,8494.016314740224,2,0,0,0
SYN_004,synthetic,synthetic_track_1,DRV_04,56.2,1,29.45257760877483,1.6954291901156537,0.27785994152917237,-0.9606215971408331,0.45518744231359565,0.38048203769021227,0.04242091969590649,0.375,0.0,0.11241963657718419,0.44319278648075666,22.237883590403122,28.03215537944307,0.09585190440709696,6.884500392176646,0.8924195045573293,2372.8652155524524,-878.0377976051982,230.14857546825766,9613.761099299734,3,0,0,0
SYN_004,synthetic,synthetic_track_1,DRV_04,56.400000000000006,1,29.56676734738534,0.5709486930525465,0.27101569991311214,-0.9625749271618319,0.456320233760087,0.36099258956878943,0.06298237494806781,0.375,0.0,0.07359756346851684,0.43652168773681305,22.237883590403122,28.03215537944307,0.09561042731402189,6.884500392176646,0.8922857796419905,2378.7785690219293,-877.2761073274157,224.3585765126638,9496.609363545964,3,0,0,0
SYN_004,synthetic,synthetic_track_1,DRV_04,56.6,1,29.91533512622291,1.742838894187848,0.26413111376600396,-0.9644867830824486,0.4574574171196018,0.37647534212051587,0.04493034307394242,0.375,0.0,0.07245610117511249,0.4295584980617451,22.237883590403122,28.03215537944307,0.09536713817557715,6.884500392176646,0.8921517990120922,2384.761636047174,-876.3495656424934,218.50914758972175,9643.633514568493,3,0,0,0
SYN_004,synthetic,synthetic_track_1,DRV_04,56.800000000000004,1,30.2992946263343,1.9197975005569567,0.25715164143205854,-0.9663710639856711,0.4586080069321488,0.3905930433270553,0.029113551349081106,0.375,0.0,0.10644682563285793,0.418659050965294,22.237883590403122,28.03215537944307,0.09512204373105843,6.884500392176646,0.8920159199995643,2390.8214949724406,-874.6477443510026,209.6306118037259,9726.612040593353,3,0,0,0
SYN_004,synthetic,synthetic_track_1,DRV_04,57.0,1,30.60954779103521,1.5512658235045507,0.2500688905477764,-0.9682280464746951,0.45977336441777705,0.3716098800174269,0.04896132495581686,0.375,0.0,0.06941967715923011,0.4111486929542824,22.237883590403122,28.03215537944307,0.09487515076976993,6.884500392176646,0.8918778928255665,2396.9434045306475,-873.3036513980388,203.64685421462553,10167.172516945311,3,0,0,0
SYN_004,synthetic,synthetic_track_1,DRV_04,57.2,1,30.9146769916333,1.5256460029904417,0.2429000025687245,-0.9700513330500163,0.46095065471743224,0.37679624763709624,0.040639758767283984,0.375,0.0,0.10174125548242743,0.3996115515600895,22.237883590403122,28.03215537944307,0.09462646613083603,6.884500392176646,0.8917382313827095,2403.126339928974,-870.9713376510367,194.5827480293391,10037.114376925172,3,0,0,0
SYN_004,synthetic,synthetic_track_1,DRV_04,57.400000000000006,1,31.2882545184359,1.8678876340129946,0.2356461631081146,-0.9718389196839278,0.46213968075557194,0.38129882299658335,0.03528541909200476,0.375,0.0,0.06620503646651936,0.3917897681201205,22.237883590403122,28.03215537944307,0.09437599670301197,6.884500392176646,0.8915969694721152,2409.3839908326613,-869.2050618045075,188.4862242375123,10053.601539735695,3,0,0,0
SYN_004,synthetic,synthetic_track_1,DRV_04,57.6,1,31.722736976532385,2.1724122904824306,0.22829127720745157,-0.9735928783382665,0.4633430751601272,0.39078038571193624,0.025787417771798053,0.375,0.0,0.06489015541500325,0.3839008794195791,22.237883590403122,28.03215537944307,0.09412374942449309,6.884500392176646,0.8914536258740418,2415.728538227968,-867.2695128732055,182.35092980124577,10178.940332977576,3,0,0,0
SYN_004,synthetic,synthetic_track_1,DRV_04,57.800000000000004,1,32.26727126105266,2.7226714226013904,0.22082093542293965,-0.9753143670011931,0.46456318042845535,0.40919199795949335,0.005093934877100664,0.375,0.0,0.0948519491737354,0.37200414173462876,22.237883590403122,28.03215537944307,0.09386973128272241,6.884500392176646,0.8913077721577374,2422.1819924801785,-864.0492340802623,173.08347032762524,9801.54461909456,3,0,0,0
SYN_004,synthetic,synthetic_track_1,DRV_04,58.0,1,32.66646382656636,1.9959628275684693,0.2132090510200806,-0.9770066021082543,0.4658042293231112,0.38509013118412616,0.03131665838444126,0.375,0.0,0.06157459702236739,0.36406792472185917,22.237883590403122,28.03215537944307,0.09361394931419742,6.884500392176646,0.8911586358494674,2428.715285245492,-861.6918010306268,166.8677048253719,9676.400548324438,3,0,0,0
SYN_004,synthetic,synthetic_track_1,DRV_04,58.2,1,33.14246669786666,2.380014356501512,0.2054897929774307,-0.9786592588751678,0.46706063177797924,0.39942336356668134,0.01358151122858435,0.375,0.0,0.08987654453119158,0.3522115623304486,22.237883590403122,28.03215537944307,0.09335641060427477,6.884500392176646,0.8910072322156583,2435.343778585065,-857.841854654628,157.49755174560292,9863.719883071957,3,0,0,0
SYN_004,synthetic,synthetic_track_1,DRV_04,58.400000000000006,1,33.799586844589655,3.2856007336149773,0.19764496831334383,-0.9802736691865274,0.46833534203558946,0.4103878929633434,5.964700782388251e-05,0.375,0.0,0.08691386380734005,0.3404689545787969,22.237883590403122,28.03215537944307,0.09309712228697428,6.884500392176646,0.8908530214439633,2442.103695953983,-853.6189460385228,148.08339094057288,9975.08539863595,3,0,0,0
SYN_004,synthetic,synthetic_track_1,DRV_04,58.6,1,34.26916439210237,2.3478877375635676,0.189631548677362,-0.9818553232254869,0.4696353261449967,0.3961675137591048,0.017545744726866166,0.375,0.0,0.056313608586804835,0.33272997266046334,22.237883590403122,28.03215537944307,0.09283609154478126,6.884500392176646,0.8906947335587091,2448.9575288324036,-850.5990271077861,141.78945826188036,10070.620741432847,3,0,0,0
SYN_004,synthetic,synthetic_track_1,DRV_04,58.800000000000004,1,34.8314947263943,2.811651671459643,0.1814938847290095,-0.9833920732881535,0.4709533709293084,0.41704460051748,0.0,0.375,0.0,0.0820605801262876,0.3212873028884239,22.237883590403122,28.03215537944307,0.09257332560844753,6.884500392176646,0.8905336791888645,2455.9238277776826,-845.7669283923955,132.3318347346696,10019.330979780843,3,0,0,0
SYN_004,synthetic,synthetic_track_1,DRV_04,59.0,1,35.229348598821694,1.9892693621369872,0.17320993569473514,-0.9848849263627836,0.4722930438034005,0.40290522042743654,0.011031219941793407,0.375,0.0,0.07921686216957695,0.3100732020878468,22.237883590403122,28.03215537944307,0.09230883175679104,6.884500392176646,0.8903692068812767,2462.9696974974468,-840.5789565791464,122.86620768825625,9759.481894646531,3,0,0,0
SYN_004,synthetic,synthetic_track_1,DRV_04,59.2,1,35.75496346679038,2.6280743398434225,0.1648188842287318,-0.9863238491497587,0.473648018749509,0.43009253053886876,0.0,0.375,0.0,0.07643384296180944,0.2991124728462798,22.237883590403122,28.03215537944307,0.09204261731649437,6.884500392176646,0.890202465773174,2470.120690190805,-835.0439650162193,113.4061559549243,10350.076551206863,3,0,0,0
SYN_004,synthetic,synthetic_track_1,DRV_04,59.400000000000006,1,36.30428381693064,2.7466017507013163,0.1562904282484102,-0.9877111430159774,0.4750232096520779,0.42563636424797757,0.0,0.375,0.0,0.049442144663580656,0.29195456016582827,22.237883590403122,28.03215537944307,0.09177468966190172,6.884500392176646,0.8900325593252842,2477.381546954191,-831.1661437557765,107.10923679350121,10007.884534563713,3,0,0,0
SYN_004,synthetic,synthetic_track_1,DRV_04,59.6,1,36.85486857359933,2.752923783343455,0.14761901013019432,-0.9890443002455358,0.47641952826042133,0.43718471980250895,0.0,0.375,0.0,0.071943494939819,0.28144928040317396,22.237883590403122,28.03215537944307,0.0915050562148147,6.884500392176646,0.8898593193726919,2484.7525206689106,-825.0759805788412,97.6884889750455,10018.198416551377,3,0,0,0
SYN_004,synthetic,synthetic_track_1,DRV_04,59.800000000000004,1,37.47602289761931,3.1057716200998797,0.13880446403603378,-0.9903198073166413,0.4778370232055597,0.44899796089546024,0.0,0.375,0.0,0.06934241670069803,0.2712259440866875,22.237883590403122,28.03215537944307,0.09123372444428657,6.884500392176646,0.8896827348238351,2492.2477252484346,-818.6686834930397,88.30912052613017,10193.654191260566,3,0,0,0
SYN_004,synthetic,synthetic_track_1,DRV_04,60.0,1,38.079606793015586,3.0179194769813833,0.1298300707221696,-0.991536258911532,0.479278408701622,0.45120741977305356,0.0,0.375,0.0,0.06681215507943329,0.2612839649383641,22.237883590403122,28.03215537944307,0.09096070186641554,6.884500392176646,0.889502309436913,2499.8636466070375,-811.9577134866694,78.98423901159684,10344.116808627316,3,0,0,0
SYN_004,synthetic,synthetic_track_1,DRV_04,60.2,1,38.728571923088346,3.2448256503638007,0.12070023382678054,-0.9926890014270131,0.48074300896289185,0.4490143238279354,0.00505169206879316,0.375,0.0,0.06435193540085136,0.2516179084650567,22.237883590403122,28.03215537944307,0.09068599604413641,6.884500392176646,0.8893181639360457,2507.609360991655,-804.9576929457819,69.72668928763608,10213.025580819023,3,0,0,0
SYN_004,synthetic,synthetic_track_1,DRV_04,60.400000000000006,1,39.35179408776844,3.1161108234004686,0.11140432376907808,-0.993775164031359,0.48223256942147213,0.4689169651486131,0.0,0.5,0.0,0.06195985645016173,0.24221818840203596,22.237883590403122,28.03215537944307,0.09040961458701119,6.884500392176646,0.8891299783697216,2515.4797198092087,-797.6843537258393,60.54899840437011,11603.144096522841,4,0,0,0
SYN_004,synthetic,synthetic_track_1,DRV_04,60.6,1,40.02287237548508,3.3553914385831973,0.10194883280091802,-0.9947896438396061,0.48374609996330936,0.47068392662832537,0.0,0.5,0.0,0.05963305162719725,0.23307165479653855,22.237883590403122,28.03215537944307,0.0901315651510183,6.884500392176646,0.8889379306419052,2523.4842942843056,-790.1544796999389,51.463322258244865,11350.174437116984,4,0,0,0
SYN_004,synthetic,synthetic_track_1,DRV_04,60.800000000000004,1,40.72982236468494,3.534749945999316,0.09232264244306786,-0.9957291447438552,0.4852854412085203,0.4779878170554297,0.0,0.5,0.0,0.05736782314855008,0.22416207614554956,22.237883590403122,28.03215537944307,0.08985185543834034,6.884500392176646,0.8887416834490801,2531.6302587572427,-782.3858440444385,42.48139426439907,11500.873717440987,4,0,0,0
SYN_004,synthetic,synthetic_track_1,DRV_04,61.0,1,41.35783435064972,3.1400599298238774,0.0825175572735749,-0.9965896109942157,0.4868519728379313,0.4879306077609206,0.0,0.5,0.0,0.0730648118491834,0.21261815902806736,22.237883590403122,28.03215537944307,0.08957049319715091,6.884500392176646,0.8885409833648842,2539.9018256273725,-771.68869194725,30.68626751218076,11525.900707398914,4,0,0,0
SYN_004,synthetic,synthetic_track_1,DRV_04,61.2,1,42.006588843672034,3.243772465111583,0.07255311261508451,-0.9973645501269146,0.4884426587744947,0.5068354539284915,0.0,0.5,0.0,0.052295729963771874,0.20418369901910785,22.237883590403122,28.03215537944307,0.08928748622139995,6.884500392176646,0.8883363806171549,2548.303143396107,-763.4371046840732,21.989312994055283,11460.846886905545,4,0,0,0
SYN_004,synthetic,synthetic_track_1,DRV_04,61.400000000000006,1,42.729570330638744,3.6149074348335475,0.06242494847333727,-0.9980496609929294,0.4900582968069436,0.5145705870847476,0.0,0.5,0.0,0.05020034173459149,0.19591400220133937,22.237883590403122,28.03215537944307,0.0890028423505978,6.884500392176646,0.8881277276564898,2556.8490574622347,-755.0122413522715,13.431556356736753,12059.088716319171,4,0,0,0
SYN_004,synthetic,synthetic_track_1,DRV_04,61.6,1,43.42572736190962,3.4807851563543935,0.05211587331601805,-0.9986410444942211,0.49170174181966053,0.5209140299695962,0.002785680525793846,0.5,0.0,0.0637391493032386,0.1850981117236768,22.237883590403122,28.03215537944307,0.088716569469598,6.884500392176646,0.8879145025284753,2565.5342029346166,-743.5463125100184,2.253845978184952,11603.7504286452,4,0,0,0
SYN_004,synthetic,synthetic_track_1,DRV_04,61.800000000000004,1,44.07737215822645,3.258223981584152,0.0416331536807516,-0.9991329643819159,0.49337196210281087,0.5331305538016039,0.0,0.5,0.0,0.04544724835841131,0.1771065454578828,22.237883590403122,28.03215537944307,0.08842867550837888,6.884500392176646,0.8876968906253077,2574.349677366262,-734.8006512364152,-5.943808637932378,11888.321010482621,4,0,0,0
SYN_004,synthetic,synthetic_track_1,DRV_04,62.0,1,44.82037902059456,3.715034311840526,0.030988447910076246,-0.9995197427245369,0.49506724564735805,0.5461041697723525,0.0,0.5,0.0,0.04345110244521086,0.16918336643472556,22.237883590403122,28.03215537944307,0.08813916844182412,6.884500392176646,0.8874752011401664,2583.3137531703806,-725.9545478248764,-13.973624621572245,11743.059057910707,4,0,0,0
SYN_004,synthetic,synthetic_track_1,DRV_04,62.2,1,45.602838623966996,3.912298016862188,0.02016070726867019,-0.999796752286397,0.4967911063789193,0.5627061721841119,0.0055334923531834045,0.5,0.0,0.054850842802917694,0.15866645891449527,22.237883590403122,28.03215537944307,0.08784805628950146,6.884500392176646,0.8872487921327191,2592.434320895174,-714.0429527834907,-24.406844626024114,11653.388313131241,4,0,0,0
SYN_004,synthetic,synthetic_track_1,DRV_04,62.400000000000006,1,46.54224714795545,4.697042619942273,0.009141519555818123,-0.9999582154371305,0.4985450617106104,0.5973151867249367,0.0,0.5,0.0,0.05133010070354308,0.14812225656937367,22.237883590403122,28.03215537944307,0.08755534711544087,6.884500392176646,0.8870173850145696,2601.7427703247654,-702.0481292720276,-34.5145070784258,12192.639932573078,4,0,0,0
SYN_004,synthetic,synthetic_track_1,DRV_04,62.6,1,47.299647727639424,3.787002898419871,-0.002105796308748639,-0.999997782808495,0.500335148139378,0.5911603164260855,0.009308272529557734,0.5,0.0,0.03617315938371717,0.14013730330150534,22.237883590403122,28.03215537944307,0.08726104902791099,6.884500392176646,0.8867798787107928,2611.202699870293,-693.0306122229119,-41.87414967044979,12050.338235596522,4,0,0,0
SYN_004,synthetic,synthetic_track_1,DRV_04,62.800000000000004,1,48.16778980325963,4.340710378101029,-0.013535863400861005,-0.9999083860044345,0.5021543653596717,0.6357797812117905,0.00043464961712816016,0.5,0.0,0.04508705582724944,0.12930039843635577,22.237883590403122,28.03215537944307,0.08696517017919456,6.884500392176646,0.8865375448313143,2620.836257830945,-681.0230898353267,-51.38414236575077,12100.263208477105,4,0,0,0
SYN_004,synthetic,synthetic_track_1,DRV_04,63.0,1,49.25655140064957,5.4438079869497,-0.025173892096965925,-0.999683087361535,0.5040069726597971,0.6739035487425689,6.194821516439861e-05,0.5,0.0,0.041409619470419066,0.11813241471178505,22.237883590403122,28.03215537944307,0.08666771876536268,6.884500392176646,0.886289605726841,2630.687568111075,-669.0841168281199,-60.54098335946976,12056.094674571083,4,0,0,0
SYN_004,synthetic,synthetic_track_1,DRV_04,63.2,1,50.31472416839735,5.290863838738886,-0.03707144147946108,-0.9993126178662185,0.505901455405976,0.7180736361803839,0.0,0.625,0.0,0.03759835791040297,0.10649171303747922,22.237883590403122,28.03215537944307,0.08636870302604771,6.884500392176646,0.886034514588831,2640.7505129447545,-657.2680958154594,-69.33941872527187,13085.415397324456,5,0,0,0
SYN_004,synthetic,synthetic_track_1,DRV_04,63.400000000000006,1,51.57328271971303,6.2927927565784,-0.04921914898596023,-0.9987880032184496,0.5078366371047605,0.7654621089240325,0.0,0.625,0.0,0.03360211362259699,0.09421314350052182,22.237883590403122,28.03215537944307,0.08606813124421497,6.884500392176646,0.885772483054202,2651.065169488697,-645.6283641819037,-77.77675943622906,13179.932686087956,5,0,0,0
SYN_004,synthetic,synthetic_track_1,DRV_04,63.6,1,52.84803148412069,6.373743822038307,-0.06166314838436777,-0.9980970173942648,0.5098202249016724,0.8180957110602016,0.0,0.625,0.0,0.029360877643876588,0.08110187259088167,22.237883590403122,28.03215537944307,0.08576601174593335,6.884500392176646,0.8855021059246485,2661.634775785521,-634.2167963603496,-85.85285842917548,13402.502477732858,5,0,0,0
SYN_004,synthetic,synthetic_track_1,DRV_04,63.800000000000004,1,54.47833656972025,8.151525427997797,-0.07440477626663163,-0.9972281229832582,0.5118528414972155,0.9007862181378526,0.0,0.625,1.0,0.02480344456249956,0.0669254569603095,22.237883590403122,28.03215537944307,0.08546235290014473,6.884500392176646,0.8852232673579962,2672.530443099465,-623.0834171217389,-93.57006541412545,13496.265629961932,5,0,0,0
SYN_004,synthetic,synthetic_track_1,DRV_04,64.0,1,56.25706188105938,8.89362655669565,-0.087526744292084,-0.9961621700474417,0.5139481621345126,0.9800569828069016,0.006987076096215329,0.625,1.0,0.01984440026936676,0.05140365765394958,22.237883590403122,28.03215537944307,0.0851571631184321,6.884500392176646,0.8849334759365219,2683.7818554756773,-612.2760291921197,-100.93316005117231,13973.16898718744,5,0,0,0
SYN_004,synthetic,synthetic_track_1,DRV_04,64.2,1,58.06655558884101,9.04746853890817,-0.10106119906066593,-0.9948802109020063,0.5161118952837841,1.0,0.0,0.625,1.0,0.014380249676815282,0.03419534417075647,22.237883590403122,28.03215537944307,0.0848504508547865,6.884500392176646,0.8846316901824482,2695.3951665934455,-601.8398583869641,-107.94926432336959,13717.667162289428,5,0,0,0
SYN_004,synthetic,synthetic_track_1,DRV_04,64.4,1,59.769062423128496,8.512534171437416,-0.11501136845771634,-0.9933641754792063,0.5183452243448934,0.9901209118357887,0.009879088164211377,0.625,1.0,0.009314701908320127,0.009666129227485838,22.237883590403122,28.03215537944307,0.08454222460537286,6.884500392176646,0.8843176921681505,2707.3489790780714,-589.3808299860171,-116.24589689599458,14129.850210531715,5,0,0,0
SYN_004,synthetic,synthetic_track_1,DRV_04,64.60000000000001,1,61.58364681068712,9.072921937793126,-0.12934687561714045,-0.9915994079103133,0.5206440344380906,0.9991188355492827,0.0008811644507172846,0.75,1.0,-0.001807928089241844,0.01920331785554308,22.237883590403122,28.03215537944307,0.08423249290829476,6.884500392176646,0.8839922282403119,2719.6657084402086,-577.6431956619689,-124.03800190094896,15000.0,6,0,0,0
SYN_004,synthetic,synthetic_track_1,DRV_04,64.8,1,62.13461162157015,2.7548240544151525,-0.14408935031366574,-0.9895646816283339,0.5230126362385017,0.6361696716382236,0.0002225056753742606,0.75,0.0,-0.015018700285687438,0.053785686795899984,22.237883590403122,28.03215537944307,0.08392126434335784,6.884500392176646,0.8836545112821182,2732.0926307645227,-566.6937237798747,-131.3531518141582,14657.683990602567,6,0,0,0
SYN_004,synthetic,synthetic_track_1,DRV_04,65.0,1,60.28922158571652,-9.226950179268165,-0.1589313677617664,-0.9872896334619209,0.5254024289931775,0.2094512890970027,0.26782075494028357,0.625,0.0,-0.030979149359051168,0.09589364595035083,22.237883590403122,28.03215537944307,0.08360854753183203,6.884500392176646,0.883313384044225,2744.150475081666,-556.5897167563961,-138.2231208889035,14186.286403904302,5,0,0,0
SYN_004,synthetic,synthetic_track_1,DRV_04,65.2,1,56.67490229846281,-18.071596436268536,-0.1732983584641315,-0.9848693715176837,0.5277212452080128,0.005965937147237229,0.5473429899247155,0.625,0.0,-0.03867308764196547,0.13657772581585417,22.237883590403122,28.03215537944307,0.0832943511362129,6.884500392176646,0.8829856184118108,2755.4854555413585,-549.1473231402176,-143.42226427849494,13907.453600753048,5,0,0,0
SYN_004,synthetic,synthetic_track_1,DRV_04,65.4,1,52.087406494349054,-22.937479020568787,-0.18677056432288422,-0.9824035608152646,0.529901049142569,0.0,0.788269212245593,0.625,0.0,-0.06959077664744227,0.19870288884521622,22.237883590403122,28.03215537944307,0.08297868385998158,6.884500392176646,0.8826835942785909,2765.9029368402284,-540.6770166860401,-149.58225808058563,13421.160007289505,5,0,0,0
SYN_004,synthetic,synthetic_track_1,DRV_04,65.60000000000001,1,47.48741076871869,-22.999978628151823,-0.19912143982735453,-0.9799748222281434,0.5319044109308132,0.0,0.8383583742607413,0.5,0.0,-0.07634185652607181,0.2597066602191521,22.237883590403122,28.03215537944307,0.08266155444736385,6.884500392176646,0.8824141212569158,2775.4004189939724,-534.5843193930142,-154.2643803144124,12047.993665095133,4,0,0,0
SYN_004,synthetic,synthetic_track_1,DRV_04,65.8,1,42.89053217684312,-22.984392959377864,-0.21035412935365946,-0.9776252555370406,0.5337308498065332,0.0012718714665179676,0.8541048781840263,0.5,0.0,-0.098752214740119,0.33306228945959215,22.237883590403122,28.03215537944307,0.08234297168308768,6.884500392176646,0.8821772842108175,2783.978525429341,-529.1094357729459,-158.75134816732657,11884.601482751492,4,0,0,0
SYN_004,synthetic,synthetic_track_1,DRV_04,66.0,1,38.76618255828143,-20.62174809280844,-0.2204757028268299,-0.9753924668885932,0.5353804856594887,0.004846106145851481,0.7743227168247772,0.375,0.0,-0.09144832460539457,0.39746692162391023,22.237883590403122,28.03215537944307,0.08202294439213997,6.884500392176646,0.881973058672864,2791.7317619409973,-525.4116143204452,-162.0018558841649,10429.364700612776,3,0,0,0
SYN_004,synthetic,synthetic_track_1,DRV_04,66.2,1,34.97104776887822,-18.975673947016034,-0.22960363757354652,-0.9732842183108671,0.536871492680961,0.0010368191828840087,0.711551561163912,0.375,0.0,-0.10870670126427297,0.4707075719611572,22.237883590403122,28.03215537944307,0.0817014814395222,6.884500392176646,0.8817981342807413,2798.725971494773,-522.0641666939733,-165.16459838762125,10056.7567997623,3,0,0,0
SYN_004,synthetic,synthetic_track_1,DRV_04,66.4,1,31.535539726491777,-17.177540211932225,-0.23782069906737324,-0.9713090728985836,0.538216532979764,0.00020560885624473598,0.6463421910722745,0.375,0.0,-0.1282277482833432,0.5530140150360432,22.237883590403122,28.03215537944307,0.08137859173000474,6.884500392176646,0.8816502038592144,2805.0330794400716,-519.0658478962797,-168.2491554092843,10141.756425253907,3,0,0,0
SYN_004,synthetic,synthetic_track_1,DRV_04,66.60000000000001,1,28.566480452880825,-14.845296368054761,-0.2452159796178877,-0.9694684746499185,0.5394294383538599,0.006949563368228893,0.5373837280959776,0.25,0.0,-0.09743731549368324,0.612655006212163,22.237883590403122,28.03215537944307,0.08105428420788025,6.884500392176646,0.8815267473377664,2810.7463755306476,-517.2596618715909,-170.2668280905043,8820.192459474783,2,0,0,0
SYN_004,synthetic,synthetic_track_1,DRV_04,66.8,1,26.01292446287625,-12.767779950022877,-0.2519027153897481,-0.9677525623728782,0.5405281491405092,0.0491432886854178,0.48279231029894665,0.25,0.0,-0.16555816670477488,0.7079527154089575,22.237883590403122,28.03215537944307,0.08072856785671582,6.884500392176646,0.8814244968799454,2815.9489604232226,-514.8365551867707,-173.2423745000843,8332.903002252766,2,0,0,0
SYN_004,synthetic,synthetic_track_1,DRV_04,67.0,1,23.966293273622917,-10.233155946266663,-0.2579812893325011,-0.9661499129815934,0.5415286462352351,0.10536135301335704,0.40686864109813176,0.25,0.0,-0.12394130307778904,0.773918184407114,22.237883590403122,28.03215537944307,0.08040145169910426,6.884500392176646,0.8813405412559888,2820.742219077947,-513.4097549220282,-175.19620361786278,8138.22819046235,2,0,0,0
SYN_004,synthetic,synthetic_track_1,DRV_04,67.2,1,22.529024992787882,-7.186341404175174,-0.26357259880965206,-0.9646395623012392,0.542450426745759,0.17087238850093964,0.3191028306273666,0.25,0.0,-0.06612930267936917,0.8070816227056072,22.237883590403122,28.03215537944307,0.080072944796414,6.884500392176646,0.8812713292738805,2825.248024076505,-512.752273947362,-176.16520552813193,8096.815512485571,2,0,0,0
SYN_004,synthetic,synthetic_track_1,DRV_04,67.4,1,21.343031706540234,-5.929966431238238,-0.2688205367840633,-0.9631902818255218,0.5433169277070201,0.19496711914539416,0.288573706185114,0.25,0.0,-0.14054520881669536,0.8725306238911891,22.237883590403122,28.03215537944307,0.07974305624853834,6.884500392176646,0.8812125926632938,2829.516630417813,-511.5478793059023,-178.08911319316505,8261.87864578309,2,0,0,0
SYN_004,synthetic,synthetic_track_1,DRV_04,67.60000000000001,1,20.221526174801777,-5.607527658692284,-0.2737848605617467,-0.9617909596826043,0.5441378135418871,0.2027064430878878,0.27582193486947937,0.25,0.0,-0.15128246737018033,0.9347835177683477,22.237883590403122,28.03215537944307,0.07941179519364305,6.884500392176646,0.8811625697578165,2833.5609356527734,-510.48902132937565,-179.99650682478938,8028.432252904922,2,0,0,0
SYN_004,synthetic,synthetic_track_1,DRV_04,67.8,1,19.363198541364707,-4.291638167185354,-0.2784816083501155,-0.9604415618926186,0.5449155645486102,0.23072429971550687,0.23648682904649274,0.125,0.0,-0.07944856618362886,0.9638482606371288,22.237883590403122,28.03215537944307,0.07907917080791345,6.884500392176646,0.8811208063903118,2837.433575361046,-510.0134005950512,-180.94485714536748,6884.911600560957,1,0,0,0
SYN_004,synthetic,synthetic_track_1,DRV_04,68.0,1,18.801599256263728,-2.807996425504893,-0.28297276556483103,-0.9591279445144903,0.5456603029540473,0.26540649973377073,0.1981378230547213,0.125,0.0,-0.16580715913469854,1.0159662984907607,22.237883590403122,28.03215537944307,0.07874519230530017,6.884500392176646,0.8810854575513062,2841.193895212299,-509.1681008733899,-182.83253367773065,6950.1109799053565,1,0,0,0
SYN_004,synthetic,synthetic_track_1,DRV_04,68.2,1,18.215143585915047,-2.9322783517434026,-0.2873277356549138,-0.9578323299635589,0.5463834413869806,0.26506281735187964,0.19376323129989823,0.125,0.0,-0.08598022531185467,1.0382499353180343,22.237883590403122,28.03215537944307,0.0784098689372639,6.884500392176646,0.8810544433669232,2844.836923929482,-508.79770535373854,-183.7725184809692,6603.320240430518,1,0,0,0
SYN_004,synthetic,synthetic_track_1,DRV_04,68.4,1,17.588301812889945,-3.134208865125512,-0.291541210233656,-0.956558269388486,0.5470840238325927,0.2624035587880124,0.19321040642862666,0.125,0.0,-0.17693024727249984,1.0734410925325253,22.237883590403122,28.03215537944307,0.07807320999251924,6.884500392176646,0.8810279350452452,2848.35458429206,-508.1595176238842,-185.64640316577152,6734.650554567169,1,0,0,0
SYN_004,synthetic,synthetic_track_1,DRV_04,68.60000000000001,1,17.163722299947416,-2.1228975647126447,-0.2956043256482476,-0.9553104640157799,0.5477604969792422,0.2827088322914423,0.1653810768948147,0.125,0.0,-0.09038927552711654,1.0857110655070634,22.237883590403122,28.03215537944307,0.07773522479677711,6.884500392176646,0.8810062124912776,2851.7873287520492,-507.8909185790278,-186.58094135346494,6671.071603534186,1,0,0,0
SYN_004,synthetic,synthetic_track_1,DRV_04,68.8,1,16.937937190713672,-1.1289255461687198,-0.29956420996115024,-0.954076141673374,0.5484206401446249,0.3077962275650033,0.13582760386355666,0.125,0.0,-0.1830478178363891,1.098385912675606,22.237883590403122,28.03215537944307,0.0773959227124868,6.884500392176646,0.8809878570604651,2855.174916190192,-507.45258411973043,-188.44677698702472,6639.493430807736,1,0,0,0
SYN_004,synthetic,synthetic_track_1,DRV_04,69.0,1,16.94090034329671,0.014815762915194597,-0.3034669506084195,-0.9528419648023627,0.5490720992673447,0.3298882063758837,0.11036945894987336,0.125,0.0,-0.09197664475726341,1.0985005713679392,22.237883590403122,28.03215537944307,0.07705531313857614,6.884500392176646,0.8809714743723033,2858.5630962588516,-507.2819557530338,-189.37868951628133,6600.304382472619,1,0,0,0
SYN_004,synthetic,synthetic_track_1,DRV_04,69.2,1,16.85415268009468,-0.43373831601016377,-0.3073652882094761,-0.9515916033697994,0.5497236723574714,0.3204914086735445,0.11920389236417624,0.125,0.0,-0.09180969995228327,1.0943980441640655,22.237883590403122,28.03215537944307,0.07671340551019179,6.884500392176646,0.8809554603584155,2861.9339267948703,-507.1430682771522,-190.31033491570636,6557.287946132928,1,0,0,0
SYN_004,synthetic,synthetic_track_1,DRV_04,69.4,1,16.89919630918751,0.22521814546415442,-0.31123855199696804,-0.9503318177093886,0.5503719089990136,0.32942052101271124,0.10585377594608783,0.125,0.0,-0.18171572359164667,1.073801674654556,22.237883590403122,28.03215537944307,0.07637020929843724,6.884500392176646,0.8809404401531813,2865.3137660567077,-506.95858016680586,-192.1740070883279,6622.886572144161,1,0,0,0
SYN_004,synthetic,synthetic_track_1,DRV_04,69.60000000000001,1,16.938325959312422,0.19564825062456492,-0.31511698330723814,-0.949052836691059,0.5510218780878284,0.3329436255607058,0.10048516234555864,0.125,0.0,-0.08922859890115258,1.0576226071134904,22.237883590403122,28.03215537944307,0.07602573401011081,6.884500392176646,0.8809254883655149,2868.7014312485703,-506.9119789064574,-193.10661373258424,6722.232942918549,1,0,0,0
SYN_004,synthetic,synthetic_track_1,DRV_04,69.8,1,17.009842125901613,0.3575808329459562,-0.31899912117883705,-0.9477550109005648,0.5516733521631866,0.3352694280123707,0.09557411643837285,0.125,0.0,-0.0877185944913064,1.037841611240967,22.237883590403122,28.03215537944307,0.07567998918744226,6.884500392176646,0.8809106435306002,2872.1033996737506,-506.89511784277244,-194.04011271289187,6861.876126366292,1,0,0,0
SYN_004,synthetic,synthetic_track_1,DRV_04,70.0,1,17.473568301419036,2.318630877587111,-0.32289227109086144,-0.9464357248486479,0.5523275768603366,0.3720426559987571,0.051539982269807987,0.125,0.0,-0.1697766760006683,0.9887338304572195,22.237883590403122,28.03215537944307,0.07533298440782835,6.884500392176646,0.8808956760696031,2875.598113334034,-506.9484772169867,-195.91089383807395,6960.981646408429,1,0,0,0
SYN_004,synthetic,synthetic_track_1,DRV_04,70.2,1,17.954505614720826,2.4046865665089534,-0.326885875224356,-0.9450638203734215,0.552999637179622,0.3728745504588974,0.052487515516077096,0.125,0.0,-0.08156408224375689,0.9601204549582109,22.237883590403122,28.03215537944307,0.07498472928356768,6.884500392176646,0.8808778376287714,2879.1890144569784,-507.0175982708361,-196.84871622505966,6903.510992076282,1,0,0,0
SYN_004,synthetic,synthetic_track_1,DRV_04,70.4,1,18.26940187034213,1.5744812781065143,-0.3309833259045793,-0.9436366027095087,0.5536901950878804,0.36087630416676686,0.06583442343841303,0.125,0.0,-0.07907036210423139,0.9293063276391903,22.237883590403122,28.03215537944307,0.07463523346159433,6.884500392176646,0.8808570048360603,2882.842894831047,-507.11426135684155,-197.78851118839174,6686.84856356114,1,0,0,0
SYN_004,synthetic,synthetic_track_1,DRV_04,70.60000000000001,1,18.76122137446925,2.459097520635609,-0.33514624353082595,-0.9421661188172584,0.554392864390586,0.38794188850115974,0.029632806118781836,0.125,0.0,-0.15001960226131614,0.862600817122891,22.237883590403122,28.03215537944307,0.07428450662321065,6.884500392176646,0.880834337074483,2886.5951391059407,-507.3878901399241,-199.67504026246192,6891.11660970182,1,0,0,0
SYN_004,synthetic,synthetic_track_1,DRV_04,70.8,1,19.233826925009698,2.3630277527022336,-0.33941442888189627,-0.9406369360527876,0.5551144498280656,0.38517216760077855,0.03175989355646959,0.125,0.0,-0.0707078443735397,0.8274405013085603,22.237883590403122,28.03215537944307,0.07393255848381913,6.884500392176646,0.8808085929666792,2890.4419044909428,-507.56366734540654,-200.62227108625262,6924.623942884621,1,0,0,0
SYN_004,synthetic,synthetic_track_1,DRV_04,71.0,1,19.90178644350903,3.3397975924966694,-0.3437828886403023,-0.9390491603095812,0.5558542124021044,0.42208089878363053,0.0008516589087762763,0.25,0.0,-0.13242756568875919,0.7551622238449754,22.237883590403122,28.03215537944307,0.0735793987926532,6.884500392176646,0.880779904085554,2894.4222617796445,-507.9900992980836,-202.52586400982312,7731.615872991912,2,0,0,0
SYN_004,synthetic,synthetic_track_1,DRV_04,71.2,1,20.566967994953597,3.3259077572228257,-0.34829523811948593,-0.9373848873879345,0.5566196657268547,0.41683136736111104,0.007095123852131937,0.25,0.0,-0.061644397581435875,0.7186194705044453,22.237883590403122,28.03215537944307,0.07322503733250718,6.884500392176646,0.8807469000184932,2898.535655378635,-508.239505449204,-203.4826879469026,8111.449118978138,2,0,0,0
SYN_004,synthetic,synthetic_track_1,DRV_04,71.4,1,21.48092186474934,4.569769348978721,-0.3529499387130725,-0.9356422076640399,0.5574107029574298,0.46505231310967604,0.0,0.25,0.0,-0.11412596050883492,0.6459197984180277,22.237883590403122,28.03215537944307,0.07286948391946532,6.884500392176646,0.880709597266441,2902.831839751585,-508.8075072303627,-205.40750016152134,8231.764249338226,2,0,0,0
SYN_004,synthetic,synthetic_track_1,DRV_04,71.60000000000001,1,22.502560561517527,5.108193483840928,-0.35780217406544607,-0.9337974107021503,0.5582368922599202,0.509723792872609,0.0,0.25,0.0,-0.10208073550071164,0.5749463040200731,22.237883590403122,28.03215537944307,0.07251274840262993,6.884500392176646,0.8806662514684385,2907.3323518638886,-509.463405613567,-207.3486054754409,8200.408712135108,2,0,0,0
SYN_004,synthetic,synthetic_track_1,DRV_04,71.8,1,23.666248041535468,5.818437400089707,-0.36287484025823413,-0.9318378884267161,0.5591023753584401,0.5563591309631459,0.0,0.25,0.0,-0.09042055435175309,0.5067380950127996,22.237883590403122,28.03215537944307,0.0721548406638485,6.884500392176646,0.8806161058661423,2912.065601472196,-510.20186027458965,-209.30760450757097,8306.003288859523,2,0,0,0
SYN_004,synthetic,synthetic_track_1,DRV_04,72.0,1,24.686574971399963,5.101634649322477,-0.3681982517285564,-0.9297473029936869,0.56001261566773,0.5561356663156048,0.0,0.25,0.0,-0.04099760324721825,0.47388296241408734,22.237883590403122,28.03215537944307,0.07179577061743991,6.884500392176646,0.8805581631437741,2917.0029164664757,-510.6003444956185,-210.29428633877313,8252.344001795718,2,0,0,0
SYN_004,synthetic,synthetic_track_1,DRV_04,72.2,1,25.998403561561528,6.559142950807821,-0.3737383361366944,-0.9275341805571239,0.5609620993204761,0.6135856766450323,0.0018911222830506648,0.25,0.0,-0.07393790427850809,0.41091201924581683,22.237883590403122,28.03215537944307,0.07143554820991985,6.884500392176646,0.8804934238412303,2922.202597178788,-511.45236321509725,-212.2829019876191,8672.747330952638,2,0,0,0
SYN_004,synthetic,synthetic_track_1,DRV_04,72.4,1,27.459604554439412,7.306004964389423,-0.37955843272452966,-0.925167766487624,0.5619620379189977,0.6769594475288719,0.008968450064589129,0.25,0.0,-0.06371753463433451,0.3517276786279679,22.237883590403122,28.03215537944307,0.07107418341972535,6.884500392176646,0.8804198444533577,2927.694518089676,-512.3730918318113,-214.29295971260476,8274.014162553834,2,0,0,0
SYN_004,synthetic,synthetic_track_1,DRV_04,72.60000000000001,1,29.323653889560966,9.320246675607766,-0.38568936514159735,-0.9226286975900282,0.563018176555707,0.8446185050328702,0.007057700690691861,0.375,0.0,-0.07780241902827839,0.2700023213707068,22.237883590403122,28.03215537944307,0.07071168625693834,6.884500392176646,0.8803363763703127,2933.559248867588,-513.870511682806,-217.35091967764728,9648.760337837597,3,0,0,0
SYN_004,synthetic,synthetic_track_1,DRV_04,72.8,1,31.46480281850184,10.705744644704378,-0.3922177264942011,-0.9198724123614753,0.5641460093976131,0.9433289622307647,0.009637833663919215,0.375,0.0,-0.04091742638502933,0.21998474684520797,22.237883590403122,28.03215537944307,0.07034806676300825,6.884500392176646,0.8802401966412648,2939.8522094312884,-514.9378825660106,-219.41974441719185,9967.50461965341,3,0,0,0
SYN_004,synthetic,synthetic_track_1,DRV_04,73.0,1,33.736960384696516,11.360787830973376,-0.3992008600575863,-0.9168634976534311,0.5653561941214016,1.0,0.0,0.375,0.0,-0.03283003102318993,0.17325677547381668,22.237883590403122,28.03215537944307,0.06998333501047399,6.884500392176646,0.8801293625472956,2946.599601508228,-516.0536759308728,-221.51385627607732,9985.777536310232,3,0,0,0
SYN_004,synthetic,synthetic_track_1,DRV_04,73.2,1,36.08106213141476,11.720508733591224,-0.4066626124405328,-0.9135784146109414,0.566653769520813,0.9998118270645397,0.0001881729354602556,0.375,0.0,-0.035220817878870804,0.10870813557892446,22.237883590403122,28.03215537944307,0.06961750110268486,6.884500392176646,0.8800029539969395,2953.815813934511,-517.8051824256607,-224.7042753006085,9635.10497766798,3,0,0,0
SYN_004,synthetic,synthetic_track_1,DRV_04,73.4,1,38.437299137083755,11.781185028344971,-0.41461289435051707,-0.9099978834251687,0.5680415026797137,0.9940818992568794,0.005918100743120606,0.375,1.0,-0.01977059166792373,0.04992609798188493,22.237883590403122,28.03215537944307,0.06925057517352076,6.884500392176646,0.8798604643407688,2961.5032737619276,-519.6321522161259,-227.95590761423506,10103.021801625653,3,0,0,0
SYN_004,synthetic,synthetic_track_1,DRV_04,73.60000000000001,1,40.79712742631508,11.799141446156618,-0.4230476700715168,-0.9061074267696193,0.5695198603388323,0.9984024505709822,0.001597549429017829,0.5,1.0,-0.005645425826029794,0.004049069014552907,22.237883590403122,28.03215537944307,0.0688825673871114,6.884500392176646,0.879701805582732,2969.6626992471906,-521.5143523238384,-231.27062620142647,11433.429783127836,4,0,0,0
SYN_004,synthetic,synthetic_track_1,DRV_04,73.8,1,43.108551371234704,11.557119724598124,-0.4319603448588074,-0.9018925991876529,0.5710889806244598,1.0,0.0,0.5,1.0,0.007385716255571396,0.05409205100266348,22.237883590403122,28.03215537944307,0.06851348793755475,6.884500392176646,0.8795269495256147,2978.2844095214377,-523.4315511747577,-234.64976197969517,11659.527879024674,4,0,0,0
SYN_004,synthetic,synthetic_track_1,DRV_04,74.0,1,45.13995156079269,10.157000947789925,-0.4413323408114029,-0.8973437273163097,0.5727470018310458,0.9971972747477824,0.002802725252217629,0.5,0.0,0.01952923209663658,0.10097050006259044,22.237883590403122,28.03215537944307,0.06814334704863464,6.884500392176646,0.8793362319326922,2987.3123998335964,-525.3636092864161,-238.0941139537084,11832.758309055318,4,0,0,0
SYN_004,synthetic,synthetic_track_1,DRV_04,74.2,1,45.76768664573493,3.1386754247112236,-0.4510946204166809,-0.892476130454552,0.5744831538141532,0.5184067965973775,0.010762785237984877,0.5,0.0,0.043725233132896335,0.15966618598528864,22.237883590403122,28.03215537944307,0.06777215497353764,6.884500392176646,0.8791316098942957,2996.4659371627436,-527.9283430442088,-242.7884430519,11793.719410672347,4,0,0,0
SYN_004,synthetic,synthetic_track_1,DRV_04,74.4,1,44.63378881656152,-5.669489145867068,-0.46093784972321816,-0.8874324192255633,0.5762434494543738,0.2384614546338581,0.23131866161739761,0.5,0.0,0.06279021182926176,0.21512139580665574,22.237883590403122,28.03215537944307,0.06739992199456901,6.884500392176646,0.8789229059814662,3005.392694926056,-530.4375197873851,-247.59844010153031,12011.808225836037,4,0,0,0
SYN_004,synthetic,synthetic_track_1,DRV_04,74.60000000000001,1,42.48975858612575,-10.720151152178836,-0.4704829142744064,-0.8824091043137879,0.5779601336396262,0.12051606390944988,0.38389443995053957,0.5,0.0,0.05903729989051124,0.25513099543886936,22.237883590403122,28.03215537944307,0.06702665842286773,6.884500392176646,0.8787224485312606,3013.890646643281,-532.2556281103709,-251.28056832752546,11438.19178035584,4,0,0,0
SYN_004,synthetic,synthetic_track_1,DRV_04,74.8,1,39.87639752022093,-13.06680532952413,-0.47951863218816776,-0.8775316982220008,0.5795943551237078,0.05446741800370205,0.47258972085021134,0.5,0.0,0.09407404351961585,0.3068308895760281,22.237883590403122,28.03215537944307,0.06665237459812115,6.884500392176646,0.8785373053685818,3021.865926147325,-534.5594629054431,-256.28681948658584,11759.714142840408,4,0,0,0
SYN_004,synthetic,synthetic_track_1,DRV_04,75.0,1,37.36979052292137,-12.533034986497782,-0.48795263139248385,-0.8728701103355245,0.5811280627206394,0.06880755763411983,0.4525564283254148,0.375,0.0,0.081754373143244,0.3445159600447596,22.237883590403122,28.03215537944307,0.06627708088827819,6.884500392176646,0.8783707586988931,3029.339884251909,-536.1739229759442,-260.1115620663446,10215.32116302558,3,0,0,0
SYN_004,synthetic,synthetic_track_1,DRV_04,75.2,1,35.162946113114906,-11.034222049032323,-0.4958153595274885,-0.8684279643451306,0.5825653623561363,0.10672864714646227,0.4055690050342107,0.375,0.0,0.09109470199862486,0.3812505780248635,22.237883590403122,28.03215537944307,0.06590078768926258,6.884500392176646,0.8782220581249373,3036.372473474532,-537.6720900326275,-263.99374786678703,9797.05148267735,3,0,0,0
SYN_004,synthetic,synthetic_track_1,DRV_04,75.4,1,33.40487472910044,-8.79035692007232,-0.5031768468416378,-0.8641834647819333,0.5839177833604869,0.15521489836722072,0.3407228124030477,0.375,0.0,0.06579542712916966,0.4051457455594846,22.237883590403122,28.03215537944307,0.0655235054246846,6.884500392176646,0.8780891021815189,3043.053448420352,-538.5981408129816,-266.6124569560854,9890.893324286531,3,0,0,0
SYN_004,synthetic,synthetic_track_1,DRV_04,75.60000000000001,1,31.861903609350737,-7.714855598748525,-0.5101366302798604,-0.8600933777484332,0.5852025862346831,0.16592941641650194,0.3257615901765601,0.375,0.0,0.10607411853901855,0.43991424987482197,22.237883590403122,28.03215537944307,0.0651452445455523,6.884500392176646,0.8779687463221548,3049.4258291422225,-539.8664851256009,-270.5841957627077,9845.514477409908,3,0,0,0
SYN_004,synthetic,synthetic_track_1,DRV_04,75.8,1,30.4409136696544,-7.104949698481686,-0.5167439714036421,-0.8561399815555818,0.5864280440658121,0.17510762833216253,0.3124358369043666,0.375,0.0,0.11460854968584498,0.47307801002340966,22.237883590403122,28.03215537944307,0.06476601552998229,6.884500392176646,0.8778594817015604,3055.5140118761533,-540.9766753558351,-274.60547595495507,9829.996455273373,3,0,0,0
SYN_004,synthetic,synthetic_track_1,DRV_04,76.0,1,29.260003921906616,-5.904548738738917,-0.5230280242616571,-0.8523154849214858,0.5875988484377218,0.20397590653632597,0.2733649939206712,0.375,0.0,0.08092620256295745,0.4940747713888371,22.237883590403122,28.03215537944307,0.0643858288829091,6.884500392176646,0.8777604512999948,3061.3660126605346,-541.6219337286118,-277.31215817659177,9770.870679002044,3,0,0,0
SYN_004,synthetic,synthetic_track_1,DRV_04,76.2,1,28.428559953408026,-4.15721984249295,-0.5290416223110276,-0.848595876647133,0.588724233203949,0.2419065657085642,0.22766665235910385,0.25,0.0,0.08435287521901319,0.5139991282287357,22.237883590403122,28.03215537944307,0.06400469513579457,6.884500392176646,0.8776699713966758,3067.0517246512163,-542.1866651963658,-280.038256126706,8766.476631043231,2,0,0,0
SYN_004,synthetic,synthetic_track_1,DRV_04,76.4,1,27.548052667757805,-4.402536428251107,-0.5348590076893343,-0.8449413245270826,0.5898176393560032,0.23840435159077558,0.22753545659144545,0.25,0.0,0.0875858957766873,0.5326778618817161,22.237883590403122,28.03215537944307,0.06362262484633582,6.884500392176646,0.8775855925638395,3072.561335184768,-542.6671173397674,-282.7826605024973,8448.255024697919,2,0,0,0
SYN_004,synthetic,synthetic_track_1,DRV_04,76.60000000000001,1,26.72808964153979,-4.099815131090079,-0.5404721326144127,-0.8413619161022377,0.5908771798432246,0.24712818528801567,0.21686645068540727,0.25,0.0,0.13694323322221486,0.5579589181613834,22.237883590403122,28.03215537944307,0.06323962859817289,6.884500392176646,0.8775076550696141,3077.906953113076,-543.2220573897775,-286.9310928895103,8665.193879480314,2,0,0,0
SYN_004,synthetic,synthetic_track_1,DRV_04,76.80000000000001,1,26.14796717737956,-2.900612320801148,-0.545895291672834,-0.8378534063482892,0.5919051832909761,0.2716364162632864,0.1863057703058628,0.25,0.0,0.0946223395905468,0.5727163617843489,22.237883590403122,28.03215537944307,0.06285571700059578,6.884500392176646,0.8774357319213966,3083.136546548552,-543.4767211271653,-289.71622760022274,8515.125783352165,2,0,0,0
SYN_004,synthetic,synthetic_track_1,DRV_04,77.0,1,25.676329915625544,-2.358186308770076,-0.5511787060218427,-0.8343872206763998,0.59291087433626,0.2778777807349122,0.17662245620460415,0.25,0.0,0.09693704745686994,0.5855855875361522,22.237883590403122,28.03215537944307,0.06247090068825013,6.884500392176646,0.8773681410448585,3088.271812531677,-543.6355822751715,-292.51558681839566,8126.986162281047,2,0,0,0
SYN_004,synthetic,synthetic_track_1,DRV_04,77.2,1,25.23521757608101,-2.2055616977226755,-0.5563454072673865,-0.8309511344311926,0.5938984254868609,0.2839437565988893,0.1677747170680045,0.25,0.0,0.09892159024592741,0.5964006458281894,22.237883590403122,28.03215537944307,0.06208519032084302,6.884500392176646,0.8773041198456712,3093.318856046893,-543.6958278935641,-295.3279699063423,8452.544720375361,2,0,0,0
SYN_004,synthetic,synthetic_track_1,DRV_04,77.4,1,24.765850378524984,-2.346835987780125,-0.5614024758018739,-0.8275429053309118,0.5948690107782486,0.2907827200186709,0.1576608758086836,0.25,0.0,0.10054984693836427,0.605017078566288,22.237883590403122,28.03215537944307,0.061698596582847404,6.884500392176646,0.8772434514440375,3098.272026122598,-543.6548652194222,-298.15217105645155,8115.0743254211975,2,0,0,0
SYN_004,synthetic,synthetic_track_1,DRV_04,77.60000000000001,1,24.55009839903848,-1.0787598974325263,-0.5663451859149246,-0.8241681444893326,0.5958215434851151,0.30820084367903533,0.1356063605908648,0.25,0.0,0.10179989690375861,0.611318961357356,22.237883590403122,28.03215537944307,0.06131113018320652,6.884500392176646,0.8771863304112799,3103.182045802406,-543.5103247047783,-300.98698480342733,8598.831058009997,2,0,0,0
SYN_004,synthetic,synthetic_track_1,DRV_04,77.80000000000001,1,24.411262924155483,-0.6941773744149771,-0.5712248154398998,-0.8207936465553644,0.5967657780389242,0.31745536639200095,0.12459415191807544,0.25,0.0,0.1026551247998158,0.6152249422338125,22.237883590403122,28.03215537944307,0.060922801855036776,6.884500392176646,0.8771309782209377,3108.0642983872367,-543.2600625332939,-303.83121151129114,8280.901660249448,2,0,0,0
SYN_004,synthetic,synthetic_track_1,DRV_04,78.0,1,24.30955766000388,-0.5085263207580226,-0.576056914302442,-0.8174095861221282,0.5977046727667763,0.325236788866919,0.11529384212296813,0.25,0.0,0.10310511617680361,0.6166927994636058,22.237883590403122,28.03215537944307,0.06053362235533076,6.884500392176646,0.8770768532303804,3112.9262099192374,-542.9021626132558,-306.683662818884,8254.870166106944,2,0,0,0
SYN_004,synthetic,synthetic_track_1,DRV_04,78.2,1,24.24359742175181,-0.32980119126033713,-0.5808489590298529,-0.8140113554453257,0.5986396557536995,0.3172728627589116,0.12139072350483288,0.25,0.0,0.10314627103909697,0.615722140718799,22.237883590403122,28.03215537944307,0.060143602464659135,6.884500392176646,0.8770236922939618,3117.774929403588,-542.434938045408,-309.54316702769825,8346.483641074157,2,0,0,0
SYN_004,synthetic,synthetic_track_1,DRV_04,78.4,1,24.172844777337858,-0.3537632220697695,-0.58560803688065,-0.8105943665858968,0.5995721018083823,0.3240959097459545,0.11308025769513701,0.25,0.0,0.051461568723164416,0.6143338781012933,22.237883590403122,28.03215537944307,0.05975275298687198,6.884500392176646,0.8769712419553457,3122.6094983590556,-542.1598647750345,-310.97520368001375,8362.972047904092,2,0,0,0
SYN_004,synthetic,synthetic_track_1,DRV_04,78.60000000000001,1,24.178284326111726,0.027197743869340485,-0.5903332130966137,-0.8071596480963528,0.6005018266075107,0.3351487381108903,0.09928483609848085,0.25,0.0,0.10245100746048871,0.609797196264021,22.237883590403122,28.03215537944307,0.05936108474879978,6.884500392176646,0.876919532513326,3127.445155224278,-541.5259938479721,-313.8431398115154,8153.8192177200835,2,0,0,0
SYN_004,synthetic,synthetic_track_1,DRV_04,78.80000000000001,1,24.281969022460192,0.5184234817423317,-0.5950393009199274,-0.8036966034273905,0.6014317606200534,0.34623783921066675,0.08571496998562256,0.25,0.0,0.10150060427542851,0.6030028433205149,22.237883590403122,28.03215537944307,0.05896860859995311,6.884500392176646,0.8768680273676973,3132.3015490287703,-540.7795886363729,-316.715307146753,8196.651594202618,2,0,0,0
SYN_004,synthetic,synthetic_track_1,DRV_04,79.0,1,24.3794803127749,0.487556451573532,-0.5997451243487463,-0.8001910933145325,0.6023656825055328,0.34151333920429794,0.08856131300336438,0.25,0.0,0.10018328514488238,0.5940880955715028,22.237883590403122,28.03215537944307,0.05857533541222233,6.884500392176646,0.8768160355408592,3137.1774450913254,-539.9197683999599,-319.5906335290858,8252.046001347824,2,0,0,0
SYN_004,synthetic,synthetic_track_1,DRV_04,79.2,1,24.59980303109018,1.1016135915764025,-0.6044490693470275,-0.7966437864977749,0.6033033548252549,0.35628252337434485,0.0709602377190059,0.25,0.0,0.09852459361015223,0.5832194207964451,22.237883590403122,28.03215537944307,0.05818127607957638,6.884500392176646,0.8767635969784636,3142.0974056975433,-538.9458817189246,-322.46808657087615,8433.627604313324,2,0,0,0
SYN_004,synthetic,synthetic_track_1,DRV_04,79.4,1,24.92536144275696,1.627792058333899,-0.6091742584448719,-0.793036394403271,0.6042495010956814,0.3681317940289984,0.05727052213627321,0.25,0.0,0.09655440195918254,0.5705856622049004,22.237883590403122,28.03215537944307,0.057786441517761154,6.884500392176646,0.8767098487257905,3147.0824779860945,-537.857505101348,-325.3466784433187,8276.827843624773,2,0,0,0
SYN_004,synthetic,synthetic_track_1,DRV_04,79.60000000000001,1,25.158447493057768,1.165430251504045,-0.6139400229387332,-0.7893526767130064,0.6052081688434797,0.36359326812323917,0.06070679944586046,0.25,0.0,0.09430572183931742,0.5563907665887253,22.237883590403122,28.03215537944307,0.05739084266399684,6.884500392176646,0.8766540508518206,3152.1141674847063,-536.6544410854075,-328.2254705087004,8228.5309157279,2,0,0,0
SYN_004,synthetic,synthetic_track_1,DRV_04,79.80000000000001,1,25.51257813635272,1.7706532164747557,-0.6187277646950252,-0.7856054691736162,0.6061758014393666,0.37718129033957876,0.04379878738614742,0.25,0.0,0.0918134814100006,0.5408465562562262,22.237883590403122,28.03215537944307,0.056994490476675125,6.884500392176646,0.8765968473755656,3157.2166831119766,-535.3367158438775,-331.1035777809494,8375.607863904066,2,0,0,0
SYN_004,synthetic,synthetic_track_1,DRV_04,80.0,1,25.846952263871128,1.6718706375920434,-0.6235595420907006,-0.7817758613999513,0.6071570544446109,0.37806455127371996,0.040590350248432834,0.25,0.0,0.08911334767349485,0.5241659750281458,22.237883590403122,28.03215537944307,0.05659739593505564,6.884500392176646,0.876537387691097,3162.386073564751,-533.9045762995701,-333.98017320078054,8527.544998907286,2,0,0,0
SYN_004,synthetic,synthetic_track_1,DRV_04,80.2,1,26.3224913178611,2.3776952699498644,-0.6284304743927193,-0.7778657588906597,0.6081511679932213,0.3914024297017205,0.023818774801383103,0.25,0.0,0.08624065794106005,0.5065571369920479,22.237883590403122,28.03215537944307,0.05619957003896173,6.884500392176646,0.8764758067940781,3167.650571828323,-532.3584867614624,-336.8544917122049,8214.069450227433,2,0,0,0
SYN_004,synthetic,synthetic_track_1,DRV_04,80.4,1,26.976201126483957,3.268549043114284,-0.6333658232723529,-0.77385252723664,0.6091635715054468,0.4033136545147072,0.009787198059552542,0.25,0.0,0.08322950593784542,0.4882183916809475,22.237883590403122,28.03215537944307,0.055801023808476,6.884500392176646,0.8764111132239988,3173.0458120536196,-530.6991250923527,-339.72583412769313,8380.899778240351,2,0,0,0
SYN_004,synthetic,synthetic_track_1,DRV_04,80.60000000000001,1,27.58972330046233,3.0676108698918725,-0.638397147164541,-0.7697071407309246,0.6102011177026192,0.4000999236033652,0.012755727094678723,0.25,0.0,0.08011200860878168,0.4693345062487903,22.237883590403122,28.03215537944307,0.05540176828363469,6.884500392176646,0.8763420564735658,3178.563756713712,-528.9273784199306,-342.5935707698249,8167.4517877455555,2,0,0,0
SYN_004,synthetic,synthetic_track_1,DRV_04,80.80000000000001,1,28.357441306009065,3.838590027733666,-0.6435148337737295,-0.7654336409599263,0.6112622609064831,0.4185205274742664,0.0,0.25,0.0,0.0769177618494722,0.45007396688936185,22.237883590403122,28.03215537944307,0.05500181452412205,6.884500392176646,0.8762689145383165,3184.2352449749137,-527.044338404179,-345.4571448778216,8056.092929594974,2,0,0,0
SYN_004,synthetic,synthetic_track_1,DRV_04,81.0,1,29.008397780297887,3.2547823714441115,-0.6487451125326338,-0.761005768023489,0.612352931725945,0.42450903044054106,0.0006029963311016832,0.25,0.0,0.1092845234428171,0.4208011621604569,22.237883590403122,28.03215537944307,0.05460117360896412,6.884500392176646,0.8761906047237217,3190.0369245309735,-524.0139806406801,-349.7436713151058,8537.88693695651,2,0,0,0
SYN_004,synthetic,synthetic_track_1,DRV_04,81.2,1,29.725966191314573,3.587842055083428,-0.654063929146071,-0.7564392748859642,0.6134686393328795,0.43170806782145993,0.002587449305720031,0.375,0.0,0.06876407487702203,0.4012168019122142,22.237883590403122,28.03215537944307,0.054199856636221524,6.884500392176646,0.8761079410310824,3195.9821177692365,-521.8587778202973,-352.59490959638515,9711.92521918121,3,0,0,0
SYN_004,synthetic,synthetic_track_1,DRV_04,81.4,1,30.39908439192179,3.3655910030360836,-0.659480967917886,-0.7517212601450675,0.6146119457248532,0.4372461502815934,0.005633389932199776,0.375,0.0,0.06549125062485937,0.38170126929957515,22.237883590403122,28.03215537944307,0.05379787472268226,6.884500392176646,0.8760204538418049,3202.061934647621,-519.5976349256696,-355.4406541880201,9868.60164812815,3,0,0,0
SYN_004,synthetic,synthetic_track_1,DRV_04,81.60000000000001,1,31.09705279153626,3.489841998072354,-0.664985472073645,-0.746856292690228,0.6157811412783887,0.4712213480030728,0.007320574155535552,0.375,0.0,0.09214579726646546,0.35274196195045654,22.237883590403122,28.03215537944307,0.053395239003553654,6.884500392176646,0.8759284509668,3208.281345205928,-516.0115788006019,-359.69857127411586,10180.002135600214,3,0,0,0
SYN_004,synthetic,synthetic_track_1,DRV_04,81.80000000000001,1,31.914762537273816,4.08854872868778,-0.6705792252618235,-0.741837922087603,0.6169771817703708,0.49020157510280515,0.003973006178049223,0.375,0.0,0.05742074469040009,0.33374212054225527,22.237883590403122,28.03215537944307,0.05299196063215393,6.884500392176646,0.8758317551086793,3214.664297713383,-513.4944560122165,-362.52992664684876,9802.856391874195,3,0,0,0
SYN_004,synthetic,synthetic_track_1,DRV_04,82.0,1,32.94636557412293,5.1580151842455635,-0.6762806884293279,-0.7366440323911913,0.618204672637189,0.5362636866700072,0.0,0.375,0.0,0.08023357139155499,0.3058238893269007,22.237883590403122,28.03215537944307,0.05258805077960346,6.884500392176646,0.8757295247266834,3221.2535708282076,-509.5350339777149,-366.76614380969846,10045.901853829262,3,0,0,0
SYN_004,synthetic,synthetic_track_1,DRV_04,82.2,1,33.78202473931652,4.17829582596795,-0.6821242413587822,-0.7312362951541079,0.619471840543886,0.5307060094756705,0.009390136341237927,0.375,0.0,0.04963823029746628,0.2876482160913335,22.237883590403122,28.03215537944307,0.05218352063451493,6.884500392176646,0.8756202592111911,3228.009975776071,-506.77663995645867,-369.583282885805,9924.017948496728,3,0,0,0
SYN_004,synthetic,synthetic_track_1,DRV_04,82.4,1,34.784258982859626,5.011171217715535,-0.6880711088675657,-0.7256432657592562,0.6207711491877059,0.5867649462621349,0.001658854142526023,0.375,0.0,0.06883365920604184,0.26109122437321197,22.237883590403122,28.03215537944307,0.051778381402683656,6.884500392176646,0.8755053268075653,3234.9668275726426,-502.467685787926,-373.79912057793024,10208.458199517276,3,0,0,0
SYN_004,synthetic,synthetic_track_1,DRV_04,82.60000000000001,1,35.99992403077087,6.0783252395562215,-0.6941464831036186,-0.7198337724745052,0.6221090053024313,0.6294645515089907,0.0067182114693053845,0.375,0.0,0.06227840950386988,0.23541022886542526,22.237883590403122,28.03215537944307,0.051372644306777064,6.884500392176646,0.8753835581234573,3242.1668123787967,-497.9618005462185,-378.0042583650585,10467.708929497137,3,0,0,0
SYN_004,synthetic,synthetic_track_1,DRV_04,82.80000000000001,1,37.2208520536488,6.104640114389639,-0.7003825287171557,-0.7137676887249538,0.6234936177651532,0.6459355302840614,0.0015352924310643834,0.375,0.0,0.03798623687435073,0.21877842208111542,22.237883590403122,28.03215537944307,0.050966320586024086,6.884500392176646,0.8752534557714677,3249.6109827895266,-494.85355484733833,-380.8025672824692,9997.604883512015,3,0,0,0
SYN_004,synthetic,synthetic_track_1,DRV_04,83.0,1,38.54863642449198,6.638921854215916,-0.70677432655733,-0.7074390795817211,0.6249251889979859,0.702378812502849,0.0,0.375,0.0,0.05184268364120608,0.19455043593341534,22.237883590403122,28.03215537944307,0.050559421495903395,6.884500392176646,0.8751149795341284,3257.320710074425,-490.0426980951097,-384.99391305468396,10109.959009706075,3,0,0,0
SYN_004,synthetic,synthetic_track_1,DRV_04,83.2,1,39.986635044281215,7.189993098946168,-0.7133338546548227,-0.7008243801433368,0.6264078288604663,0.7521424171253386,0.0017893554738053793,0.5,0.0,0.045867994520524626,0.17115556214173047,22.237883590403122,28.03215537944307,0.050151958307831916,6.884500392176646,0.8749673780355786,3265.318037083281,-485.06363959875296,-389.18015836675187,11440.602585337603,4,0,0,0
SYN_004,synthetic,synthetic_track_1,DRV_04,83.4,1,41.709042504552585,8.61203730135685,-0.7200726573732538,-0.6938986727926642,0.6279457763621694,0.8652593097438211,0.0,0.5,0.0,0.05221366543452079,0.1411797580736031,22.237883590403122,28.03215537944307,0.04974394230885251,6.884500392176646,0.8748098763899622,3273.6598455841918,-478.18336529695745,-394.7590138882834,11923.391902755217,4,0,0,0
SYN_004,synthetic,synthetic_track_1,DRV_04,83.60000000000001,1,43.59930369095666,9.451305932020375,-0.7270300767253468,-0.6866056128060244,0.6295499703046523,0.9156918400046358,0.008194662945642344,0.5,0.0,0.032697867771911165,0.11954374122900333,22.237883590403122,28.03215537944307,0.049335384801321276,6.884500392176646,0.8746404803446899,3282.3797063223833,-472.85757072141354,-398.9455066246443,11550.98282796898,4,0,0,0
SYN_004,synthetic,synthetic_track_1,DRV_04,83.80000000000001,1,45.62151441742642,10.111053632348792,-0.7342238370158098,-0.6789074731933517,0.6312268666004583,0.9955137750612735,6.2662078878814874e-06,0.5,0.0,0.027352982547129083,0.09857348283383503,22.237883590403122,28.03215537944307,0.04892629710259469,6.884500392176646,0.8744580115284711,3291.5040092058684,-467.4034876811728,-403.1383314896967,11803.527276255903,4,0,0,0
SYN_004,synthetic,synthetic_track_1,DRV_04,84.0,1,47.701384344558086,10.39934963565834,-0.741663977516,-0.6707716037930841,0.6329815402318978,1.0,0.0,0.5,0.0,0.02843215005534145,0.07156137590499465,22.237883590403122,28.03215537944307,0.048516690544715746,6.884500392176646,0.8742615428949128,3301.04428607478,-459.9533921016539,-408.74611595172496,12214.884429288291,4,0,0,0
SYN_004,synthetic,synthetic_track_1,DRV_04,84.2,1,49.808761974719175,10.536888150805446,-0.7493468908120342,-0.662177647788218,0.6348162088605346,0.9974962174510771,0.0025037825489229726,0.5,1.0,0.01956177078345562,0.04553693518710733,22.237883590403122,28.03215537944307,0.048106576474100306,6.884500392176646,0.8740506674256855,3311.0060384697235,-452.32722443155296,-414.3840717300876,11996.795511096443,4,0,0,0
SYN_004,synthetic,synthetic_track_1,DRV_04,84.4,1,51.79781618113419,9.945271032075063,-0.7572629366582029,-0.6531101321858317,0.6367319304749468,0.9938678830718958,0.0061321169281042375,0.625,1.0,0.011007363826884584,0.020418683352640556,22.237883590403122,28.03215537944307,0.04769596625122264,6.884500392176646,0.8738251891587258,3321.36560170595,-444.55480388011216,-420.06444050916554,13288.09485651658,5,0,0,0
SYN_004,synthetic,synthetic_track_1,DRV_04,84.60000000000001,1,53.755871494896915,9.790276568813638,-0.7653787099556744,-0.6435801662159794,0.6387241541742212,1.0,0.0,0.625,1.0,0.002746697316596208,0.0038436707236414345,22.237883590403122,28.03215537944307,0.04728487125030103,6.884500392176646,0.8735859329457343,3332.1167760049298,-436.6656586432437,-425.8003556230535,13485.78798070376,5,0,0,0
SYN_004,synthetic,synthetic_track_1,DRV_04,84.80000000000001,1,55.75333942981065,9.98733967456868,-0.7736744481898244,-0.633583339599591,0.6407916876932557,1.0,0.0,0.625,1.0,-0.005231107395419087,0.027264006853190147,22.237883590403122,28.03215537944307,0.04687330285898228,6.884500392176646,0.8733331123626658,3343.267443890892,-428.6887341121596,-431.60568695529986,13518.633929162892,5,0,0,0
SYN_004,synthetic,synthetic_track_1,DRV_04,85.0,1,57.31590524564611,7.812829079177277,-0.7821404931244279,-0.6231021176461181,0.6429360469020946,0.8994548708320687,0.008638783029759687,0.625,1.0,-0.012924055240344973,0.04981592238036599,22.237883590403122,28.03215537944307,0.046461272478026526,6.884500392176646,0.8730664481009437,3354.7306249400212,-420.65211265142045,-437.4948711400691,13308.396755929647,5,0,0,0
SYN_004,synthetic,synthetic_track_1,DRV_04,85.2,1,57.7953991690662,2.3974696171004695,-0.7906957895725671,-0.6122092520962212,0.6451405047961579,0.5689063170755921,0.0,0.625,0.0,-0.026512358870059118,0.07667515089879516,22.237883590403122,28.03215537944307,0.046048791520991394,6.884500392176646,0.8727889810513347,3366.2897047738343,-410.5633208371486,-444.9968684834751,14086.335003693235,5,0,0,0
SYN_004,synthetic,synthetic_track_1,DRV_04,85.4,1,57.39328981609652,-2.0105467648484066,-0.7991690514602126,-0.6011063360073525,0.6473634047641988,0.35354091696213613,0.07171871117434998,0.625,0.0,-0.029085738634360148,0.09695433466326021,22.237883590403122,28.03215537944307,0.04563587141391572,6.884500392176646,0.872508289289274,3377.7683627370534,-402.4888071834081,-451.12917871137415,13712.472247419717,5,0,0,0
SYN_004,synthetic,synthetic_track_1,DRV_04,85.60000000000001,1,55.60725588813622,-8.930169639801484,-0.8074290932201614,-0.5899646255680657,0.6495708389878949,0.2028723018371361,0.27548781756690693,0.625,0.0,-0.04556240782652586,0.12052355857434849,22.237883590403122,28.03215537944307,0.04522252359500336,6.884500392176646,0.8722305406062351,3388.8898139146804,-392.4299056401682,-458.9824865379784,13721.706255936964,5,0,0,0
SYN_004,synthetic,synthetic_track_1,DRV_04,85.80000000000001,1,53.75105272057065,-9.281015837827873,-0.815283957624569,-0.5790613684576273,0.651709579598977,0.1752224088241917,0.31443061681790413,0.625,0.0,-0.04325423994882005,0.13770579505244238,22.237883590403122,28.03215537944307,0.04480875951430589,6.884500392176646,0.8719654190392273,3399.6400244587944,-384.4362725953216,-465.43329382609994,13675.267474151999,5,0,0,0
SYN_004,synthetic,synthetic_track_1,DRV_04,86.0,1,51.69363418415976,-10.287092682054428,-0.8227367024962192,-0.5684226582092304,0.6537769277805374,0.15744843047535384,0.3355111359643946,0.625,0.0,-0.0487202499812156,0.15314850144222864,22.237883590403122,28.03215537944307,0.044394590633405756,6.884500392176646,0.8717134123344534,3409.9787512956264,-376.51099593967183,-472.0488135066961,13113.757763936355,5,0,0,0
SYN_004,synthetic,synthetic_track_1,DRV_04,86.2,1,49.79984775947346,-9.468932123431522,-0.8297732468223715,-0.5581006708989514,0.6557651444799282,0.17158784575965438,0.32091986191618904,0.5,0.0,-0.06762932415236782,0.16962795215681548,22.237883590403122,28.03215537944307,0.043980028425098565,6.884500392176646,0.8714759255576564,3419.938720847521,-366.7259577406136,-480.5699450317929,12403.43148078061,4,0,0,0
SYN_004,synthetic,synthetic_track_1,DRV_04,86.4,1,48.322169343930746,-7.388392077713561,-0.836429558734999,-0.548074441362097,0.6576805232399079,0.20822775840947066,0.2701120692288492,0.5,0.0,-0.04363265396659038,0.17782537940495652,22.237883590403122,28.03215537944307,0.04356508437307564,6.884500392176646,0.8712518098389469,3429.603154716307,-360.9305108681066,-485.82602825970446,11985.704711094646,4,0,0,0
SYN_004,synthetic,synthetic_track_1,DRV_04,86.60000000000001,1,47.06876434955915,-6.267024971857964,-0.8427725681676854,-0.5382698192765818,0.6595390682146745,0.23192962652409055,0.23878911386441448,0.5,0.0,-0.06104880458499551,0.18658547764455516,22.237883590403122,28.03215537944307,0.043149769971605446,6.884500392176646,0.8710381489739806,3439.0169075862186,-353.3018034178319,-493.01105086138944,11893.011290256958,4,0,0,0
SYN_004,synthetic,synthetic_track_1,DRV_04,86.80000000000001,1,46.073303878889384,-4.977302353348847,-0.8488405651104295,-0.5286489336251486,0.661349405305042,0.2591425366933157,0.20257806879995505,0.5,0.0,-0.063541411977091,0.19269219721642636,22.237883590403122,28.03215537944307,0.042734096725215415,6.884500392176646,0.8708333695974506,3448.2315683619963,-345.794291090215,-500.407012467012,11751.064491954821,4,0,0,0
SYN_004,synthetic,synthetic_track_1,DRV_04,87.0,1,45.34941439695377,-3.6194474096780738,-0.8546738696254732,-0.5191652690419686,0.6631214554542301,0.28757477570024503,0.1644701498939063,0.5,0.0,-0.06512087184315322,0.19600537900786,22.237883590403122,28.03215537944307,0.04231807614837353,6.884500392176646,0.8706356626433509,3457.301451241387,-338.4149079608813,-508.0219324403652,11935.715737918401,4,0,0,0
SYN_004,synthetic,synthetic_track_1,DRV_04,87.2,1,44.80339320736686,-2.730105947934547,-0.8603120590142143,-0.5097677521329916,0.6648656637002667,0.31045666153121526,0.13178883841522193,0.5,0.0,-0.04930665116008222,0.1966086291581257,22.237883590403122,28.03215537944307,0.04190171976516863,6.884500392176646,0.8704431236575337,3466.2621298828603,-332.96717447348567,-513.8806183161879,12124.533871731415,4,0,0,0
SYN_004,synthetic,synthetic_track_1,DRV_04,87.4,1,44.71568866944451,-0.43852268961174445,-0.8657808984524994,-0.5004232567285246,0.6665888711313193,0.35488361967826404,0.07667678101809977,0.5,0.0,-0.06559077315140271,0.19489309958061754,22.237883590403122,28.03215537944307,0.041485039108992094,6.884500392176646,0.8702545041019352,3475.205267616749,-325.8209682708381,-521.8924423464623,11736.713840146525,4,0,0,0
SYN_004,synthetic,synthetic_track_1,DRV_04,87.60000000000001,1,44.7266097464089,0.054605384821933,-0.8711378370507391,-0.4910385614781795,0.6683087053109132,0.36165499213276214,0.06384091770680317,0.5,0.0,-0.04855541444666538,0.19174404055427577,22.237883590403122,28.03215537944307,0.04106804572221767,6.884500392176646,0.8700665922972814,3484.1505895660307,-320.5493437466751,-528.0529119725671,11743.540226754443,4,0,0,0
SYN_004,synthetic,synthetic_track_1,DRV_04,87.80000000000001,1,45.00516453293052,1.3927739326081223,-0.8763943245225359,-0.4815942150241093,0.670028959531929,0.39012359671731267,0.02519788356415552,0.5,0.0,-0.06314096001989178,0.1851514255746018,22.237883590403122,28.03215537944307,0.040650751155881966,6.884500392176646,0.8698786943989573,3493.151622472617,-313.636083152886,-536.4694897955907,11816.753711949987,4,0,0,0
SYN_004,synthetic,synthetic_track_1,DRV_04,88.0,1,45.35209124565751,1.7346335636349508,-0.8815802034238004,-0.472034262454804,0.6717599273985801,0.42478784246057416,0.0,0.5,0.0,-0.04566730206994298,0.17850232855432838,22.237883590403122,28.03215537944307,0.04023316696936471,6.884500392176646,0.8696889335031819,3502.2220407217483,-308.5354451071085,-542.9330681434454,11941.159209868949,4,0,0,0
SYN_004,synthetic,synthetic_track_1,DRV_04,88.2,1,45.86935278664942,2.5863077049595518,-0.8867005691230688,-0.46234413667399943,0.6735042386003363,0.46719905308230925,0.0,0.5,0.0,-0.0579663081461944,0.16753270973186896,22.237883590403122,28.03215537944307,0.03981530473006811,6.884500392176646,0.8694968275362513,3511.395911279078,-301.8419187018061,-551.7497354840352,11833.987122524008,4,0,0,0
SYN_004,synthetic,synthetic_track_1,DRV_04,88.4,1,46.4145165018692,2.725818576098895,-0.8917709960065129,-0.4524870060913927,0.6752684444767458,0.47613277126101017,0.007221813367329277,0.5,0.0,-0.04086024579636533,0.15786019766409806,22.237883590403122,28.03215537944307,0.039397176013096745,6.884500392176646,0.8693011806818361,3520.6788145794517,-296.89775762080836,-558.5078916322518,11778.320517746175,4,0,0,0
SYN_004,synthetic,synthetic_track_1,DRV_04,88.60000000000001,1,47.071621165174044,3.2855233165242126,-0.8967901480540323,-0.442456133818062,0.6770536181883561,0.5428515536503988,0.0005863314897807859,0.5,0.0,-0.050435177377693305,0.14324652538238802,22.237883590403122,28.03215537944307,0.038978792400936726,6.884500392176646,0.8691017941499711,3530.0931388124864,-290.3988078992783,-567.7062999928921,12239.89640375385,4,0,0,0
SYN_004,synthetic,synthetic_track_1,DRV_04,88.80000000000001,1,47.99354474631056,4.60961790568259,-0.9017651221089187,-0.4322264042696686,0.6788640651562474,0.6243417046050561,0.0,0.5,0.0,-0.045249685486786144,0.126916245018412,22.237883590403122,28.03215537944307,0.0385601654831352,6.884500392176646,0.8688978808771554,3539.6918477617482,-283.99562870259484,-577.1090466167373,11811.833600104539,4,0,0,0
SYN_004,synthetic,synthetic_track_1,DRV_04,89.0,1,49.120702292245134,5.635787729672863,-0.9067173927226262,-0.42173874583002563,0.6807099707234131,0.7098845373812359,0.0,0.5,0.0,-0.0395338038341538,0.10912969451955044,22.237883590403122,28.03215537944307,0.03814130685597883,6.884500392176646,0.8686875836520781,3549.5159882201974,-277.6748168620767,-586.7026245171909,11893.90877764878,4,0,0,0
SYN_004,synthetic,synthetic_track_1,DRV_04,89.2,1,50.271818685309206,5.75558196532036,-0.9116596667808582,-0.4109460450777141,0.6825992285038841,0.7482495097454592,0.010897594964739913,0.625,0.0,-0.02562787196394763,0.09497949848603254,22.237883590403122,28.03215537944307,0.03772222812217288,6.884500392176646,0.8684694623561741,3559.5703519572594,-272.9793389432716,-594.0133317861,13005.833352489708,5,0,0,0
SYN_004,synthetic,synthetic_track_1,DRV_04,89.4,1,51.83368318856327,7.809322516270321,-0.9165847433278438,-0.3998404785644279,0.6845327599917806,0.8750508062816742,0.0038517563318603144,0.625,0.0,-0.02850283459345546,0.07520387884684965,22.237883590403122,28.03215537944307,0.03730294089051976,6.884500392176646,0.868243345794873,3569.937088594972,-266.7659889554635,-603.8999160242681,13301.61737774107,5,0,0,0
SYN_004,synthetic,synthetic_track_1,DRV_04,89.60000000000001,1,53.80114870622439,9.837327588305591,-0.921521178001626,-0.38832810675316237,0.6865263631913407,1.0,0.0,0.625,1.0,-0.026078162543945953,0.04927386844019757,22.237883590403122,28.03215537944307,0.03688345677559733,6.884500392176646,0.8680063552470296,3580.697318336217,-259.0511761908083,-616.4511869948963,13508.805097850147,5,0,0,0
SYN_004,synthetic,synthetic_track_1,DRV_04,89.80000000000001,1,55.74209283924323,9.704720665094193,-0.9264920501454396,-0.37631433804374265,0.6885956381415802,1.0,0.0,0.625,1.0,-0.012903437409018793,0.027729056686107,22.237883590403122,28.03215537944307,0.036463787397437504,6.884500392176646,0.8677556480195341,3591.8457369040657,-252.8988890246165,-626.6170399495754,13692.433333322348,5,0,0,0
