event_id,time_s,speed_mps,steering,throttle,brake,track_state,tyre_energy_front_left_kj,tyre_energy_front_right_kj,tyre_energy_rear_left_kj,tyre_energy_rear_right_kj
SYNTH_0,0.0,58.0,0.035047650807778545,0.1713380568364466,0.7573238863271069,GREEN,0.1945037763118337,0.18328330439329737,0.16147233398426894,0.1592177867865514
SYNTH_0,0.1,59.87999850346456,0.045160849354883376,0.20479694515264812,0.6904061096947038,GREEN,0.2410087250935577,0.20735024710608962,0.13731083504762825,0.15875648721016367
SYNTH_0,0.2,61.73034830747282,0.05456183432987795,0.24369989185810176,0.6126002162837966,GREEN,0.2691341958571621,0.21108763126670904,0.20156845839716495,0.15924424369145698
SYNTH_0,0.30000000000000004,63.52186829027017,0.06310234658383039,0.2874333742437686,0.5251332515124629,GREEN,0.3068533588632115,0.2673700138507497,0.20105043039566048,0.17706409073853704
SYNTH_0,0.4,65.22630511152573,0.07064769713664115,0.3353076891673107,0.4293846216653788,GREEN,0.3903997056878025,0.3079123181410129,0.2803976808227192,0.21670389852443825
SYNTH_0,0.5,66.8167787843871,0.07707889130271846,0.38656783008365414,0.3268643398326918,GREEN,0.4476712324434649,0.3396928087654913,0.3457013784258266,0.26420936069324413
SYNTH_0,0.6000000000000001,68.26820658893033,0.0822945053082541,0.4404053939492244,0.2191892121015513,GREEN,0.569811177924297,0.3663993372690485,0.4386596554408046,0.33453858583268015
SYNTH_0,0.7000000000000001,69.55769864163683,0.08621228580472401,0.4959713302208597,0.10805733955828063,GREEN,0.620813655013457,0.4214820272958791,0.5355451016232,0.39490613078608305
SYNTH_0,0.8,70.66491888253023,0.0887704470533302,0.552389330890075,0.0,GREEN,0.6979767484334085,0.4572390555035984,0.6718521954771298,0.4812148438886533
SYNTH_0,0.9,71.57240578699029,0.08992864532301072,0.6087696503838367,0.0,GREEN,0.7689482643620441,0.5169022220214079,0.7117233911422157,0.4971291908811742
SYNTH_0,1.0,72.2658477444273,0.0896686151351786,0.6642231373837577,0.0,GREEN,0.7562433710459314,0.517973908263306,0.7381573659248943,0.511354938119601
SYNTH_0,1.1,72.73430876093033,0.08799445732123042,0.7178752572735421,0.0,GREEN,0.7618419824775458,0.5100018155165207,0.728447341174862,0.5476745397650067
SYNTH_0,1.2000000000000002,72.97040092642408,0.08493257434998559,0.768879884072305,0.0,GREEN,0.7225294751599565,0.4787671254544381,0.7651725397462518,0.5079565266528903
SYNTH_0,1.3,72.97040092642408,0.08053125394498084,0.8164326443467428,0.0,GREEN,0.6670572957479214,0.42721888856135487,0.6944184290867067,0.5542395353275525
SYNTH_0,1.4000000000000001,72.73430876093033,0.07485990755822446,0.8597836026606853,0.0,GREEN,0.5547359670162202,0.3795769880320532,0.6467580037150121,0.4944303155849148
SYNTH_0,1.5,72.2658477444273,0.06800797571013376,0.8982490885049146,0.0,GREEN,0.43877454884612754,0.3175960392404624,0.5742388309775839,0.4797263277097332
SYNTH_0,1.6,71.57240578699029,0.06008351745909874,0.9312224781894998,0.0,GREEN,0.33702528092287165,0.27934665870022446,0.5076769457291609,0.4330552407709045
SYNTH_0,1.7000000000000002,70.66491888253023,0.05121150624558016,0.9581837616617667,0.0,GREEN,0.27039848843293934,0.1668661967319946,0.39985451113987286,0.38384376121879155
SYNTH_0,1.8,69.55769864163683,0.04153185898629785,0.9787077433754674,0.0,GREEN,0.18123464467029513,0.15810501878728164,0.36363018060195346,0.3293813662477847
SYNTH_0,1.9000000000000001,68.26820658893033,0.031197229500871643,0.9924707478785446,0.0,GREEN,0.08793910058448541,0.09278450460175171,0.27168732028616427,0.2887892741021893
SYNTH_0,2.0,66.8167787843871,0.020370601069895092,0.9992557243683645,0.0,GREEN,0.070497349846006,0.04082419843172458,0.22437913339268376,0.22807549601815336
SYNTH_0,2.1,65.22630511152573,0.009222716091239055,0.9989556697125339,0.0,GREEN,0.03666048280280326,0.03779206072629457,0.17787455309475605,0.20238212410900494
SYNTH_0,2.2,63.52186829027017,-0.002070616629559322,0.9915753159522196,0.0,GREEN,0.0028359621333380295,0.0,0.20783847501249664,0.18448202731603763
SYNTH_0,2.3000000000000003,61.73034830747283,-0.01333129448918313,0.9772310556750311,0.0,GREEN,0.04478573731797023,0.0284659050054026,0.19762539002432944,0.1788813713430016
SYNTH_0,2.4000000000000004,59.87999850346457,-0.02438172987098325,0.9561491064343853,0.0,GREEN,0.033805129229906423,0.04194409889589767,0.2320773536249494,0.20143075104612057
SYNTH_0,2.5,58.0,-0.035047650807778524,0.9286619431635535,0.0,GREEN,0.03148899761905271,0.06600987938480174,0.19334602811252863,0.20666396336517054
SYNTH_0,2.6,56.12000149653544,-0.045160849354883376,0.895203054847352,0.0,GREEN,0.06244452137647299,0.09593930037579088,0.20974572536573416,0.21316278503083877
SYNTH_0,2.7,54.269651692527184,-0.05456183432987792,0.8563001081418984,0.0,GREEN,0.0950895816660613,0.11541334710920473,0.1770795775290699,0.2080782814519353
SYNTH_0,2.8000000000000003,52.47813170972983,-0.06310234658383038,0.8125666257562315,0.0,GREEN,0.10378187820067063,0.11627099953913986,0.1782488370681665,0.2174989332371845
SYNTH_0,2.9000000000000004,50.77369488847427,-0.07064769713664115,0.7646923108326894,0.0,GREEN,0.0956864906343956,0.134473666868849,0.18510206318659544,0.20660762677685388
SYNTH_0,3.0,49.18322121561291,-0.07707889130271843,0.7134321699163462,0.0,GREEN,0.07961338138658043,0.13795977625990294,0.1851673936716762,0.16791505534883142
SYNTH_0,3.1,47.731793411069674,-0.08229450530825409,0.6595946060507758,0.0,GREEN,0.09926579852352935,0.1362857558040351,0.164232347700008,0.17691974626757373
SYNTH_0,3.2,46.44230135836316,-0.08621228580472402,0.6040286697791403,0.0,GREEN,0.10972602854964009,0.15477236347551854,0.11188724955561045,0.162857485423449
SYNTH_0,3.3000000000000003,45.33508111746977,-0.08877044705333022,0.547610669109925,0.004778661780150181,GREEN,0.12469552223214118,0.08797571216762294,0.13983197870877087,0.1402208860487062
SYNTH_0,3.4000000000000004,44.427594213009705,-0.08992864532301073,0.4912303496161632,0.11753930076767366,GREEN,0.07901564796510392,0.12722792438300679,0.12845535801909658,0.10669056812251236
SYNTH_0,3.5,43.734152255572695,-0.0896686151351786,0.4357768626162424,0.22844627476751528,GREEN,0.0842983565138668,0.11574926714177712,0.08648773887104351,0.10755096003516015
SYNTH_0,3.6,43.26569123906967,-0.08799445732123042,0.3821247427264579,0.3357505145470842,GREEN,0.090049548968057,0.10766105130298372,0.09492442951033708,0.08973407398583569
SYNTH_0,3.7,43.02959907357592,-0.08493257434998557,0.33112011592769497,0.43775976814461015,GREEN,0.12101775665772829,0.10489387556515212,0.06407382686019221,0.10366446785249868
SYNTH_0,3.8000000000000003,43.02959907357592,-0.08053125394498085,0.2835673556532575,0.532865288693485,GREEN,0.1122801600678817,0.10786852849654321,0.08771265643064191,0.09223621280747217
SYNTH_0,3.9000000000000004,43.26569123906967,-0.07485990755822447,0.24021639733931488,0.6195672053213703,GREEN,0.11764978169820837,0.12455645660545242,0.08762848898371729,0.07838068454209064
SYNTH_0,4.0,43.734152255572695,-0.06800797571013373,0.20175091149508545,0.6964981770098292,GREEN,0.15313038552548153,0.14555152814316163,0.12394897813578942,0.09244936980763012
SYNTH_0,4.1000000000000005,44.4275942130097,-0.060083517459098776,0.16877752181050054,0.762444956378999,GREEN,0.1621095038614691,0.16890318764395656,0.10461740823261645,0.10000562882354222
SYNTH_0,4.2,45.33508111746978,-0.051211506245580136,0.14181623833823342,0.8163675233235332,GREEN,0.19788681523971804,0.13531290389537565,0.09848095417907388,0.13701763639677386
SYNTH_0,4.3,46.44230135836315,-0.041531858986297854,0.1212922566245328,0.8574154867509345,GREEN,0.16135033475575036,0.18760019585039972,0.12379434840852041,0.09033669931549146
SYNTH_0,4.4,47.73179341106967,-0.03119722950087162,0.10752925212145553,0.884941495757089,GREEN,0.18230719607567408,0.1595761788757131,0.11892282673044861,0.11563513650177189
SYNTH_0,4.5,49.1832212156129,-0.02037060106989506,0.10074427563163563,0.8985114487367288,GREEN,0.15729542483959735,0.1599726966277795,0.13214823803463463,0.13351964839819047
SYNTH_0,4.6000000000000005,50.77369488847426,-0.009222716091239107,0.10104433028746607,0.897911339425068,GREEN,0.16513050134061003,0.1859523167789589,0.1240599185788696,0.09977781654711926
SYNTH_0,4.7,52.47813170972983,0.0020706166295593907,0.10842468404778055,0.883150631904439,GREEN,0.15970028669793906,0.16742382442609027,0.1306390436073144,0.11069188305650127
SYNTH_0,4.800000000000001,54.26965169252717,0.01333129448918316,0.12276894432496899,0.8544621113500621,GREEN,0.18113905957374382,0.15419948959119834,0.13735804666789214,0.13645120296938387
SYNTH_0,4.9,56.12000149653543,0.02438172987098328,0.1438508935656147,0.8122982128687707,GREEN,0.18386931286382333,0.16897878060492594,0.12438055006797344,0.10877149291991395
SYNTH_0,5.0,57.99999999999999,0.03504765080777855,0.17133805683644654,0.757323886327107,GREEN,0.23658643988660097,0.19796712560442914,0.1253567403757679,0.13564070437633352
SYNTH_0,5.1000000000000005,59.87999850346456,0.04516084935488339,0.20479694515264807,0.690406109694704,GREEN,0.22205873900534615,0.23991332086327882,0.16810959945132425,0.14950731999815403
SYNTH_0,5.2,61.73034830747282,0.05456183432987798,0.24369989185810176,0.6126002162837966,GREEN,0.27028797876048943,0.2280773796123214,0.1856263203459442,0.15309839903799202
SYNTH_0,5.300000000000001,63.52186829027017,0.06310234658383043,0.2874333742437687,0.5251332515124627,GREEN,0.326469456938648,0.2838592034993179,0.21176481060183386,0.1854974810310207
SYNTH_0,5.4,65.22630511152572,0.07064769713664114,0.33530768916731046,0.42938462166537916,GREEN,0.3943092155824404,0.2967282082810878,0.31080741165036185,0.19460250864489947
SYNTH_0,5.5,66.8167787843871,0.07707889130271847,0.38656783008365403,0.32686433983269203,GREEN,0.47365920521280863,0.32718945676475414,0.3426023657991628,0.2737481498298528
SYNTH_0,5.6000000000000005,68.26820658893033,0.08229450530825412,0.4404053939492244,0.2191892121015513,GREEN,0.5657259002279262,0.429083709580562,0.4013943505565934,0.27977425527880573
SYNTH_0,5.7,69.55769864163683,0.086212285804724,0.4959713302208594,0.10805733955828134,GREEN,0.6406546792294638,0.4123478456348612,0.5134336524990981,0.3687833891251665
SYNTH_0,5.800000000000001,70.66491888253023,0.08877044705333022,0.552389330890075,0.0,GREEN,0.6985904009634298,0.4802979857510243,0.6605554383282486,0.4627908301167164
SYNTH_0,5.9,71.57240578699029,0.08992864532301072,0.6087696503838365,0.0,GREEN,0.7437675533575707,0.5144815078739515,0.6868711295011625,0.5143750062861988
SYNTH_0,6.0,72.2658477444273,0.0896686151351786,0.6642231373837573,0.0,GREEN,0.7994311897384759,0.4994509461221857,0.7336480683457887,0.5190125253288979
SYNTH_0,6.1000000000000005,72.73430876093033,0.08799445732123044,0.7178752572735421,0.0,GREEN,0.7941128128593241,0.498592926603016,0.767739190967178,0.5195256097593016
SYNTH_0,6.2,72.97040092642408,0.08493257434998562,0.7688798840723048,0.0,GREEN,0.7353535294011343,0.4932723648165512,0.7391912288097997,0.5107614286507389
SYNTH_0,6.300000000000001,72.97040092642408,0.08053125394498085,0.8164326443467429,0.0,GREEN,0.6712615087255493,0.4316466982702199,0.6853472080758317,0.5393459749693235
SYNTH_0,6.4,72.73430876093033,0.07485990755822443,0.8597836026606855,0.0,GREEN,0.5626783867473674,0.4057464045220149,0.6397263904519389,0.4947908894731564
SYNTH_0,6.5,72.2658477444273,0.06800797571013374,0.8982490885049146,0.0,GREEN,0.44860357560680486,0.3085155666183004,0.5970925536544105,0.45295545264045456
SYNTH_0,6.6000000000000005,71.57240578699029,0.06008351745909866,0.9312224781895,0.0,GREEN,0.3432593465121289,0.27028653127948127,0.49937662542036104,0.43645477880464517
SYNTH_0,6.7,70.66491888253023,0.05121150624558014,0.9581837616617666,0.0,GREEN,0.2626357727117367,0.21021712364711867,0.4167983367521002,0.37950046019833383
SYNTH_0,6.800000000000001,69.55769864163683,0.04153185898629772,0.9787077433754675,0.0,GREEN,0.18612548869373718,0.14266895036493846,0.3491645655211799,0.3159918463933805
SYNTH_0,6.9,68.26820658893033,0.031197229500871552,0.9924707478785446,0.0,GREEN,0.12006533199791682,0.0953370004191945,0.2847056746026171,0.2873319673285768
SYNTH_0,7.0,66.8167787843871,0.020370601069895074,0.9992557243683644,0.0,GREEN,0.021896090319296003,0.029853550913917018,0.25635309570611586,0.23597703897375008
SYNTH_0,7.1000000000000005,65.22630511152572,0.009222716091238958,0.9989556697125339,0.0,GREEN,0.03827168866346638,0.04353879543550716,0.2237741700506919,0.2182204963903474
SYNTH_0,7.2,63.52186829027017,-0.00207061662955938,0.9915753159522196,0.0,GREEN,0.0006758301682016315,0.01290267799337058,0.18347504768488537,0.17967478143436327
SYNTH_0,7.300000000000001,61.73034830747283,-0.013331294489183148,0.9772310556750311,0.0,GREEN,0.013453671234759195,0.033186258241823176,0.17157724170857241,0.20770155610720134
SYNTH_0,7.4,59.879998503464556,-0.024381729870983342,0.9561491064343852,0.0,GREEN,0.07081558470126606,0.028588108089984052,0.19350098474193117,0.2218409854247977
SYNTH_0,7.5,58.00000000000001,-0.03504765080777854,0.9286619431635537,0.0,GREEN,0.06512714092546479,0.05440163750774518,0.19731313363994202,0.2043916338021073
SYNTH_0,7.6000000000000005,56.12000149653545,-0.04516084935488331,0.8952030548473522,0.0,GREEN,0.0993237698320204,0.10630595365487736,0.17232098853322558,0.20807562212069558
SYNTH_0,7.7,54.26965169252718,-0.05456183432987797,0.8563001081418984,0.0,GREEN,0.07481053442447576,0.08690088944744417,0.17311419905615388,0.21334008718819927
SYNTH_0,7.800000000000001,52.478131709729844,-0.06310234658383036,0.8125666257562318,0.0,GREEN,0.10361779865711902,0.11568913334472174,0.20352427559377861,0.1997009959109336
SYNTH_0,7.9,50.77369488847427,-0.07064769713664118,0.7646923108326893,0.0,GREEN,0.13833581611392598,0.11736909638958198,0.15903273649659974,0.18131576206869476
SYNTH_0,8.0,49.18322121561291,-0.07707889130271847,0.7134321699163461,0.0,GREEN,0.1041261976001218,0.1145604368947259,0.15513271328353445,0.19761333180229257
SYNTH_0,8.1,47.73179341106968,-0.08229450530825408,0.6595946060507761,0.0,GREEN,0.13118672741746337,0.13353096850257787,0.13093608556288433,0.17912753877611967
SYNTH_0,8.200000000000001,46.44230135836318,-0.08621228580472397,0.6040286697791412,0.0,GREEN,0.12052417625223782,0.11725814747873091,0.11526900705895081,0.1509550497455549
SYNTH_0,8.3,45.33508111746977,-0.08877044705333023,0.5476106691099246,0.00477866178015076,GREEN,0.10737827230807703,0.11656553245024323,0.14279276338360888,0.12851921500739225
SYNTH_0,8.4,44.427594213009705,-0.08992864532301072,0.4912303496161633,0.11753930076767344,GREEN,0.08572035964074198,0.13014197997532484,0.09763655077617435,0.11095388779351152
SYNTH_0,8.5,43.734152255572695,-0.0896686151351786,0.4357768626162425,0.22844627476751508,GREEN,0.11776645166455912,0.11966247480112391,0.05446782725995747,0.09279759259946034
SYNTH_0,8.6,43.265691239069675,-0.08799445732123044,0.3821247427264584,0.33575051454708327,GREEN,0.11039783240730558,0.1035374295123527,0.073565034666367,0.10859751408480631
SYNTH_0,8.700000000000001,43.02959907357593,-0.08493257434998563,0.33112011592769575,0.4377597681446086,GREEN,0.1436715507371633,0.12795529270042458,0.08713942422190703,0.09465104707233443
SYNTH_0,8.8,43.02959907357592,-0.08053125394498085,0.28356735565325764,0.5328652886934848,GREEN,0.13798774488832,0.1289255443400786,0.05599464740704901,0.06711346051298557
SYNTH_0,8.9,43.26569123906967,-0.07485990755822444,0.24021639733931466,0.6195672053213708,GREEN,0.09948736942929204,0.1323457847535102,0.10081484035936385,0.08351855836201548
SYNTH_0,9.0,43.734152255572695,-0.06800797571013376,0.20175091149508556,0.696498177009829,YELLOW,0.13239623605169853,0.1369467208707291,0.08785419416725494,0.11533374299732084
SYNTH_0,9.1,44.4275942130097,-0.06008351745909879,0.1687775218105006,0.7624449563789989,YELLOW,0.15410728656303405,0.16516229071400734,0.09854212225707293,0.10003790970556116
SYNTH_0,9.200000000000001,45.335081117469755,-0.05121150624558029,0.14181623833823387,0.8163675233235324,YELLOW,0.16668335261631023,0.17597616600816635,0.11427859815469885,0.09781032971982587
SYNTH_0,9.3,46.44230135836315,-0.041531858986297875,0.12129225662453286,0.8574154867509344,YELLOW,0.20647679959207757,0.17627519236752043,0.11914358579279345,0.1575374426379323
SYNTH_0,9.4,47.731793411069674,-0.031197229500871563,0.10752925212145548,0.8849414957570891,YELLOW,0.16558634882293408,0.1719875183885246,0.13215000324253057,0.10507822695311535
SYNTH_0,9.5,49.183221215612896,-0.02037060106989508,0.10074427563163563,0.8985114487367288,YELLOW,0.20911657583237991,0.1853839766934714,0.11764824436062404,0.12244783446152481
SYNTH_0,9.600000000000001,50.77369488847425,-0.009222716091239128,0.10104433028746607,0.897911339425068,YELLOW,0.19419985097524764,0.169882471445859,0.167667030413705,0.13266824802281527
SYNTH_0,9.700000000000001,52.47813170972983,0.002070616629559369,0.1084246840477805,0.8831506319044391,YELLOW,0.15784576274075074,0.16490648185689624,0.13021311475988795,0.12849113493343137
SYNTH_0,9.8,54.26965169252716,0.013331294489183137,0.12276894432496893,0.8544621113500622,YELLOW,0.16955252156460943,0.16030533401767577,0.10594333661779427,0.12945496539531434
SYNTH_0,9.9,56.12000149653544,0.024381729870983332,0.1438508935656148,0.8122982128687705,YELLOW,0.16410897557734525,0.1699691864637597,0.10687527005732929,0.1345236239232482
SYNTH_0,10.0,57.99999999999999,0.03504765080777853,0.17133805683644648,0.7573238863271071,GREEN,0.191692016711663,0.20391156895625975,0.15230781678943345,0.13043210862283358
SYNTH_0,10.100000000000001,59.87999850346455,0.045160849354883306,0.2047969451526478,0.6904061096947045,GREEN,0.23013671848044623,0.1914601767345098,0.13854782176851985,0.13605443630794642
SYNTH_0,10.200000000000001,61.73034830747282,0.05456183432987796,0.2436998918581017,0.6126002162837967,GREEN,0.27653327793860977,0.25264140404069607,0.16006952986090128,0.14699854727572625
SYNTH_0,10.3,63.521868290270156,0.06310234658383036,0.28743337424376825,0.5251332515124636,GREEN,0.3468993911151736,0.25723035688504137,0.20585498763609406,0.17813326638884297
SYNTH_0,10.4,65.22630511152573,0.07064769713664118,0.33530768916731074,0.4293846216653786,GREEN,0.37424561232763565,0.31109305720655545,0.28105483525533437,0.2382294454573527
SYNTH_0,10.5,66.81677878438708,0.07707889130271846,0.3865678300836539,0.3268643398326922,GREEN,0.4636018497531122,0.3368384595910275,0.3375196087870753,0.2734685636764791
SYNTH_0,10.600000000000001,68.26820658893034,0.08229450530825415,0.4404053939492247,0.21918921210155073,GREEN,0.542991411783981,0.4039208881111737,0.42865168159181805,0.30342286278543623
SYNTH_0,10.700000000000001,69.55769864163683,0.08621228580472402,0.49597133022085965,0.10805733955828077,GREEN,0.6556130860231848,0.4392705840738945,0.5223107207288237,0.3733542316095648
SYNTH_0,10.8,70.66491888253022,0.0887704470533302,0.5523893308900746,0.0,GREEN,0.7236862076740531,0.4447774221829384,0.6513611185818535,0.4493338429444542
SYNTH_0,10.9,71.57240578699029,0.08992864532301072,0.6087696503838359,0.0,GREEN,0.7554749701922787,0.5061941300051667,0.7041401196729531,0.4977598785263932
SYNTH_0,11.0,72.2658477444273,0.0896686151351786,0.6642231373837575,0.0,GREEN,0.8019336297175677,0.5233671183297468,0.7379217954360161,0.529324313938625
SYNTH_0,11.100000000000001,72.73430876093033,0.08799445732123042,0.7178752572735424,0.0,GREEN,0.7929138202185602,0.5107763164366549,0.7304297138703674,0.5509797989776373
SYNTH_0,11.200000000000001,72.97040092642408,0.08493257434998558,0.768879884072305,0.0,GREEN,0.7470712930630603,0.4888498903016323,0.7593305572918556,0.558761658917715
SYNTH_0,11.3,72.97040092642408,0.08053125394498085,0.8164326443467425,0.0,GREEN,0.6693733414438507,0.4500522054425403,0.7114286470346743,0.5202492615308357
SYNTH_0,11.4,72.73430876093033,0.07485990755822453,0.8597836026606848,0.0,GREEN,0.5708986183736074,0.39338070558704097,0.6420141439159345,0.5041227809131946
SYNTH_0,11.5,72.2658477444273,0.06800797571013364,0.898249088504915,0.0,GREEN,0.43799085665997844,0.3355331061289597,0.6030327812498091,0.4647076896894804
SYNTH_0,11.600000000000001,71.57240578699029,0.06008351745909868,0.9312224781895,0.0,GREEN,0.3564114636330997,0.2516908452563002,0.4956451646045366,0.40779166475762135
SYNTH_0,11.700000000000001,70.66491888253023,0.05121150624558016,0.9581837616617666,0.0,GREEN,0.25700372950232975,0.17273847606349205,0.39978632604945025,0.37900651397543533
SYNTH_0,11.8,69.55769864163685,0.04153185898629789,0.9787077433754672,0.0,GREEN,0.16899463851657376,0.16098943842054267,0.34905380036507444,0.32211738575866566
SYNTH_0,11.9,68.26820658893035,0.031197229500871723,0.9924707478785445,0.0,GREEN,0.09058201600130836,0.08841266557163883,0.28209561188475424,0.29452923285079596
SYNTH_0,12.0,66.81677878438713,0.02037060106989525,0.9992557243683644,0.0,GREEN,0.04191881310464722,0.06426684356154946,0.2598704851960015,0.22225810280002162
SYNTH_0,12.100000000000001,65.22630511152572,0.00922271609123898,0.9989556697125339,0.0,GREEN,0.016742342529270635,0.02498024452211163,0.2166890693809781,0.2003373440092229
SYNTH_0,12.200000000000001,63.52186829027017,-0.0020706166295593577,0.9915753159522196,0.0,GREEN,0.0,0.023672385076838273,0.20533891364637472,0.17498373452750673
SYNTH_0,12.3,61.73034830747284,-0.013331294489183127,0.9772310556750312,0.0,GREEN,0.019225039060601946,0.03503541435728882,0.19599389927657052,0.20656186250672942
SYNTH_0,12.4,59.87999850346459,-0.02438172987098317,0.9561491064343857,0.0,GREEN,0.03523180759538174,0.053138671497456325,0.20078434259586508,0.21169998131812173
SYNTH_0,12.5,58.000000000000036,-0.03504765080777838,0.9286619431635541,0.0,GREEN,0.08360209725503873,0.04648586656328426,0.20931031859305052,0.20625087745443657
SYNTH_0,12.600000000000001,56.12000149653543,-0.04516084935488343,0.8952030548473519,0.0,GREEN,0.06327039453525247,0.08922140849450003,0.21765055768296998,0.2327731238478934
SYNTH_0,12.700000000000001,54.269651692527184,-0.05456183432987795,0.8563001081418984,0.0,GREEN,0.1036546417938157,0.08614553384568123,0.18554557958287674,0.21391556994306815
SYNTH_0,12.8,52.47813170972982,-0.06310234658383035,0.8125666257562312,0.0,GREEN,0.0933123776449297,0.12917751445738032,0.17792309183093816,0.19593879451414833
SYNTH_0,12.9,50.77369488847427,-0.07064769713664107,0.7646923108326894,0.0,GREEN,0.13413190023012161,0.10298770955289159,0.17266887266767095,0.1998742350182815
SYNTH_0,13.0,49.18322121561291,-0.07707889130271836,0.7134321699163462,0.0,GREEN,0.0819496277734139,0.12900333018040927,0.19457496031388571,0.16352506382687
SYNTH_0,13.100000000000001,47.73179341106969,-0.08229450530825401,0.6595946060507762,0.0,GREEN,0.11231505491594163,0.13542103468941152,0.15697743533876143,0.18201599265152898
SYNTH_0,13.200000000000001,46.442301358363146,-0.08621228580472401,0.6040286697791397,0.0,GREEN,0.09679921065590189,0.1491400210839602,0.11125585812300959,0.145961876183537
SYNTH_0,13.3,45.33508111746977,-0.0887704470533302,0.5476106691099247,0.004778661780150539,GREEN,0.09452520616865914,0.15101595597008316,0.11338667425530573,0.1713487532151656
SYNTH_0,13.4,44.427594213009705,-0.08992864532301072,0.49123034961616346,0.1175393007676732,GREEN,0.10684286956625011,0.14212916005883466,0.1115344841206716,0.1037103846100413
SYNTH_0,13.5,43.734152255572695,-0.0896686151351786,0.4357768626162426,0.22844627476751483,GREEN,0.08468245833201105,0.12650137412547333,0.08118981553872592,0.11057847914013119
SYNTH_0,13.600000000000001,43.26569123906967,-0.08799445732123042,0.382124742726457,0.3357505145470861,GREEN,0.09938771670113292,0.12217453304429292,0.056388240205896265,0.12124410002848503
SYNTH_0,13.700000000000001,43.02959907357592,-0.08493257434998558,0.33112011592769447,0.43775976814461115,GREEN,0.12134415770140664,0.10833297950978313,0.09216681849030757,0.07525984861999817
SYNTH_0,13.8,43.02959907357592,-0.08053125394498085,0.2835673556532571,0.5328652886934859,GREEN,0.13340611188904397,0.1278827167808977,0.08386897777708477,0.09365352381689301
SYNTH_0,13.9,43.26569123906967,-0.07485990755822454,0.24021639733931477,0.6195672053213706,GREEN,0.13368877053088474,0.12907482390997968,0.0805059126286036,0.08940357745751851
SYNTH_0,14.0,43.734152255572695,-0.06800797571013387,0.20175091149508562,0.6964981770098289,GREEN,0.14547072483520074,0.15700889150089473,0.13433062559868086,0.10135561964961701
SYNTH_0,14.100000000000001,44.4275942130097,-0.06008351745909893,0.16877752181050065,0.7624449563789988,GREEN,0.13962581933379756,0.1500844388472476,0.07869026068850088,0.10539867370394108
SYNTH_0,14.200000000000001,45.335081117469784,-0.051211506245580164,0.1418162383382332,0.8163675233235337,GREEN,0.18396147310506109,0.1822066008814021,0.10961522915597241,0.12864931468385102
SYNTH_0,14.3,46.44230135836317,-0.041531858986297895,0.12129225662453264,0.8574154867509348,GREEN,0.16345537221063683,0.18603635865883167,0.1382330581257324,0.10845525795494508
SYNTH_0,14.4,47.731793411069674,-0.031197229500871733,0.10752925212145548,0.8849414957570891,GREEN,0.1532203859803825,0.17217312260402598,0.14870524823598982,0.11320154055359787
SYNTH_0,14.5,49.183221215612896,-0.020370601069895262,0.10074427563163563,0.8985114487367288,GREEN,0.19491118321909345,0.17782898526817845,0.12409691536152535,0.15448301200971631
SYNTH_0,14.600000000000001,50.77369488847425,-0.009222716091239308,0.10104433028746607,0.897911339425068,GREEN,0.159407946341118,0.18482018687797694,0.12287644445548136,0.13417737982643094
SYNTH_0,14.700000000000001,52.47813170972985,0.002070616629559347,0.10842468404778066,0.8831506319044388,GREEN,0.1351891244013166,0.1499244815505271,0.11719704994687608,0.11476870022690745
SYNTH_0,14.8,54.26965169252719,0.013331294489183115,0.12276894432496921,0.8544621113500617,GREEN,0.1996875078663404,0.16791206505077672,0.13369007365743682,0.14052571820556142
SYNTH_0,14.9,56.12000149653544,0.02438172987098316,0.1438508935656148,0.8122982128687705,GREEN,0.20363814969974173,0.18507302194161465,0.11134079402416773,0.1054283212703967
SYNTH_0,15.0,57.999999999999986,0.035047650807778365,0.17133805683644643,0.7573238863271072,GREEN,0.2360457413341822,0.21051668564724021,0.1566604004437014,0.11537809736695141
SYNTH_0,15.100000000000001,59.87999850346454,0.04516084935488314,0.20479694515264768,0.6904061096947047,GREEN,0.22681473465821492,0.20768140410928948,0.14057132677316891,0.13731709121662686
SYNTH_0,15.200000000000001,61.73034830747279,0.05456183432987769,0.24369989185810104,0.612600216283798,GREEN,0.2975753848715592,0.23112522185223655,0.1571876584294309,0.17778652567171283
SYNTH_0,15.3,63.52186829027018,0.06310234658383035,0.28743337424376886,0.5251332515124624,GREEN,0.3385050211693572,0.26690635945162244,0.2044692721081745,0.1896103010292696
SYNTH_0,15.4,65.22630511152573,0.07064769713664107,0.33530768916731063,0.42938462166537883,GREEN,0.3754162469627382,0.30436958427142696,0.2572555313166565,0.24588084317078687
SYNTH_0,15.5,66.81677878438708,0.07707889130271836,0.3865678300836538,0.3268643398326924,GREEN,0.4652206798332889,0.3344178497418535,0.34328201967419486,0.26213033405097114
SYNTH_0,15.600000000000001,68.26820658893031,0.08229450530825401,0.4404053939492238,0.2191892121015525,GREEN,0.5414701363558201,0.3930884267441525,0.45478361009385637,0.3046857462950651
SYNTH_0,15.700000000000001,69.55769864163682,0.08621228580472391,0.49597133022085876,0.10805733955828256,GREEN,0.6496276242943626,0.4538143831533844,0.5374142111464802,0.4044747306371661
SYNTH_0,15.8,70.66491888253023,0.0887704470533302,0.5523893308900752,0.0,GREEN,0.7008229748934088,0.47810886803015057,0.6101263007487138,0.426143970125959
SYNTH_0,15.9,71.57240578699029,0.08992864532301072,0.6087696503838366,0.0,GREEN,0.7842895432090151,0.5110472139556237,0.68431274087671,0.5030915718750926
SYNTH_1,0.0,59.0,0.035047650807778545,0.1713380568364466,0.7573238863271069,GREEN,0.2131098052384856,0.19703083834941815,0.15439999005989433,0.14144928189170256
SYNTH_1,0.1,60.87999850346456,0.045160849354883376,0.20479694515264812,0.6904061096947038,GREEN,0.26119823686745114,0.23336231087398474,0.15833289399964903,0.1758619297096773
SYNTH_1,0.2,62.73034830747282,0.05456183432987795,0.24369989185810176,0.6126002162837966,GREEN,0.28643687988551114,0.24721118910229162,0.2016318011814304,0.19124626076647563
SYNTH_1,0.30000000000000004,64.52186829027016,0.06310234658383039,0.2874333742437686,0.5251332515124629,GREEN,0.3381898992982829,0.27746994300727446,0.24856432282949292,0.17168969731191266
SYNTH_1,0.4,66.22630511152573,0.07064769713664115,0.3353076891673107,0.4293846216653788,GREEN,0.39402126104142265,0.3612944777061096,0.2694561290792801,0.2209361082633052
SYNTH_1,0.5,67.8167787843871,0.07707889130271846,0.38656783008365414,0.3268643398326918,GREEN,0.4707368966775798,0.3611766781914433,0.38175954824637437,0.27657915624044815
SYNTH_1,0.6000000000000001,69.26820658893033,0.0822945053082541,0.4404053939492244,0.2191892121015513,GREEN,0.5752179890451842,0.4120588823703632,0.4140428750728804,0.31666772099809076
SYNTH_1,0.7000000000000001,70.55769864163683,0.08621228580472401,0.4959713302208597,0.10805733955828063,GREEN,0.6598496208705249,0.4702508286098995,0.574052785420674,0.4185808665245805
SYNTH_1,0.8,71.66491888253023,0.0887704470533302,0.552389330890075,0.0,GREEN,0.7373345495635237,0.48815967201650995,0.6560584783848016,0.4693709711517292
SYNTH_1,0.9,72.57240578699029,0.08992864532301072,0.6087696503838367,0.0,GREEN,0.7948901114754623,0.5474193058697356,0.7313218871565986,0.5133986483484433
SYNTH_1,1.0,73.2658477444273,0.0896686151351786,0.6642231373837577,0.0,GREEN,0.847664898367862,0.5345412946009414,0.7692658762886768,0.5335375351794125
SYNTH_1,1.1,73.73430876093033,0.08799445732123042,0.7178752572735421,0.0,GREEN,0.8230251964077886,0.5179294763021596,0.7813765216012061,0.5812924127422318
SYNTH_1,1.2000000000000002,73.97040092642408,0.08493257434998559,0.768879884072305,0.0,GREEN,0.7775025708461774,0.5142804531177223,0.8013483310619404,0.5627375802220019
SYNTH_1,1.3,73.97040092642408,0.08053125394498084,0.8164326443467428,0.0,GREEN,0.7040267879146234,0.45049830735849633,0.7439554792221978,0.5252750368642515
SYNTH_1,1.4000000000000001,73.73430876093033,0.07485990755822446,0.8597836026606853,0.0,GREEN,0.6018037102539199,0.3859829082082305,0.6665793642299928,0.5481209982517498
SYNTH_1,1.5,73.2658477444273,0.06800797571013376,0.8982490885049146,0.0,GREEN,0.4992080631405682,0.35246486761850077,0.5711712836077336,0.4784462815126945
SYNTH_1,1.6,72.57240578699029,0.06008351745909874,0.9312224781894998,0.0,GREEN,0.3839348011503389,0.304069663766895,0.5042144220638759,0.4364927730843592
SYNTH_1,1.7000000000000002,71.66491888253023,0.05121150624558016,0.9581837616617667,0.0,GREEN,0.2769170239104264,0.20642673933937525,0.4164399584763514,0.37919676326965734
SYNTH_1,1.8,70.55769864163683,0.04153185898629785,0.9787077433754674,0.0,GREEN,0.1651996899650827,0.1305337727195784,0.34692230930886864,0.35256487670250947
SYNTH_1,1.9000000000000001,69.26820658893033,0.031197229500871643,0.9924707478785446,0.0,GREEN,0.09850995574951947,0.07841008285082157,0.2947723613993845,0.2678826167597953
SYNTH_1,2.0,67.8167787843871,0.020370601069895092,0.9992557243683645,0.0,GREEN,0.07000492194785447,0.03539045597048262,0.24801240415967848,0.24595100843182996
SYNTH_1,2.1,66.22630511152573,0.009222716091239055,0.9989556697125339,0.0,GREEN,0.03693058648771323,0.014097519237828801,0.18889265590062093,0.21197076373897505
SYNTH_1,2.2,64.52186829027016,-0.002070616629559322,0.9915753159522196,0.0,GREEN,0.00013657378355805098,0.016975957011578634,0.19590914273253335,0.21664924576336309
SYNTH_1,2.3000000000000003,62.73034830747283,-0.01333129448918313,0.9772310556750311,0.0,GREEN,0.014674388379023686,0.0031803769037997455,0.20468091147044856,0.19796533071953318
SYNTH_1,2.4000000000000004,60.87999850346457,-0.02438172987098325,0.9561491064343853,0.0,GREEN,0.04672341300957976,0.058009026668711765,0.1961567554003964,0.18549409440485193
SYNTH_1,2.5,59.0,-0.035047650807778524,0.9286619431635535,0.0,GREEN,0.09918316843827966,0.08438759403319222,0.20818750950153417,0.22152323780135671
SYNTH_1,2.6,57.12000149653544,-0.045160849354883376,0.895203054847352,0.0,GREEN,0.105174003314814,0.08716809962103608,0.19293741402162476,0.22585397284012737
SYNTH_1,2.7,55.269651692527184,-0.05456183432987792,0.8563001081418984,0.0,GREEN,0.10513040741626066,0.09841353458672215,0.2166960600449092,0.2100809937144707
SYNTH_1,2.8000000000000003,53.47813170972983,-0.06310234658383038,0.8125666257562315,0.0,GREEN,0.10194811773130506,0.13291798056532853,0.22577788987913974,0.220112410459641
SYNTH_1,2.9000000000000004,51.77369488847427,-0.07064769713664115,0.7646923108326894,0.0,GREEN,0.08779121496379966,0.14150277541547393,0.16953579697144833,0.22802062848151022
SYNTH_1,3.0,50.18322121561291,-0.07707889130271843,0.7134321699163462,0.0,GREEN,0.09753716109912691,0.13199552953038957,0.17723857193377202,0.21281701802192707
SYNTH_1,3.1,48.731793411069674,-0.08229450530825409,0.6595946060507758,0.0,GREEN,0.11826877889555673,0.13472456329336374,0.16441429228193916,0.15601631405216787
SYNTH_1,3.2,47.44230135836316,-0.08621228580472402,0.6040286697791403,0.0,GREEN,0.12893466793537098,0.14508897951399805,0.1348720739767859,0.1557981189001324
SYNTH_1,3.3000000000000003,46.33508111746977,-0.08877044705333022,0.547610669109925,0.004778661780150181,GREEN,0.12691477461122697,0.14028532706057995,0.12815465970266787,0.17235531982313004
SYNTH_1,3.4000000000000004,45.427594213009705,-0.08992864532301073,0.4912303496161632,0.11753930076767366,GREEN,0.13876852166512654,0.14818881496540381,0.10086211703233668,0.08904798986747384
SYNTH_1,3.5,44.734152255572695,-0.0896686151351786,0.4357768626162424,0.22844627476751528,GREEN,0.08810468181663601,0.09503751261991542,0.09221530760684322,0.11398958024548075
SYNTH_1,3.6,44.26569123906967,-0.08799445732123042,0.3821247427264579,0.3357505145470842,GREEN,0.08564557300338295,0.1270259767117062,0.08630122334115937,0.09559645366234884
SYNTH_1,3.7,44.02959907357592,-0.08493257434998557,0.33112011592769497,0.43775976814461015,GREEN,0.11041911532711753,0.12814448977392914,0.0899376999516652,0.07405428314609257
SYNTH_1,3.8000000000000003,44.02959907357592,-0.08053125394498085,0.2835673556532575,0.532865288693485,GREEN,0.1435812087786422,0.14324622054149508,0.12893673810550277,0.09024805443416367
SYNTH_1,3.9000000000000004,44.26569123906967,-0.07485990755822447,0.24021639733931488,0.6195672053213703,GREEN,0.12373343208473701,0.14434561631263526,0.09967167010002284,0.11787603469904194
SYNTH_1,4.0,44.734152255572695,-0.06800797571013373,0.20175091149508545,0.6964981770098292,GREEN,0.16196597916984504,0.14985997498485992,0.09010297230462422,0.11571513579007
SYNTH_1,4.1000000000000005,45.4275942130097,-0.060083517459098776,0.16877752181050054,0.762444956378999,GREEN,0.1811314580892125,0.16262292737076461,0.1101001725733667,0.1055808189146501
SYNTH_1,4.2,46.33508111746978,-0.051211506245580136,0.14181623833823342,0.8163675233235332,GREEN,0.18392998743739816,0.16622249570335712,0.13227451884975944,0.15021011658558314
SYNTH_1,4.3,47.44230135836315,-0.041531858986297854,0.1212922566245328,0.8574154867509345,GREEN,0.16514962204758654,0.17656409571428552,0.12299207592936193,0.14300957530818684
SYNTH_1,4.4,48.73179341106967,-0.03119722950087162,0.10752925212145553,0.884941495757089,GREEN,0.19381883890439844,0.19487285687682995,0.15329066871245298,0.12416321873591224
SYNTH_1,4.5,50.1832212156129,-0.02037060106989506,0.10074427563163563,0.8985114487367288,GREEN,0.18877721184491186,0.18789112263028965,0.12630724602219615,0.13213636965230918
SYNTH_1,4.6000000000000005,51.77369488847426,-0.009222716091239107,0.10104433028746607,0.897911339425068,GREEN,0.16677261905244306,0.17680207560848335,0.12379962611686238,0.10483946959858559
SYNTH_1,4.7,53.47813170972983,0.0020706166295593907,0.10842468404778055,0.883150631904439,GREEN,0.16293864900457833,0.1842986968715981,0.13050059785710905,0.12860636496648487
SYNTH_1,4.800000000000001,55.26965169252717,0.01333129448918316,0.12276894432496899,0.8544621113500621,GREEN,0.15326411341649931,0.1396480374144432,0.1385024816439461,0.10259890615169572
SYNTH_1,4.9,57.12000149653543,0.02438172987098328,0.1438508935656147,0.8122982128687707,GREEN,0.1780011064281493,0.20434327388380336,0.12308965734204588,0.10056855457079976
SYNTH_1,5.0,58.99999999999999,0.03504765080777855,0.17133805683644654,0.757323886327107,GREEN,0.22685814968010326,0.17956649202229624,0.12929943534310623,0.12666495445025577
SYNTH_1,5.1000000000000005,60.87999850346456,0.04516084935488339,0.20479694515264807,0.690406109694704,GREEN,0.2087642214418903,0.2203880689403054,0.19851400849326276,0.15681977003650996
SYNTH_1,5.2,62.73034830747282,0.05456183432987798,0.24369989185810176,0.6126002162837966,GREEN,0.27391719170596057,0.24731210433871487,0.17694654633236123,0.16125421108093643
SYNTH_1,5.300000000000001,64.52186829027016,0.06310234658383043,0.2874333742437687,0.5251332515124627,GREEN,0.32790848518875354,0.2724364615977852,0.24222400524677598,0.17125546400099317
SYNTH_1,5.4,66.22630511152572,0.07064769713664114,0.33530768916731046,0.42938462166537916,GREEN,0.39968323731579547,0.3422289780536299,0.28571094423146626,0.2206386026148574
SYNTH_1,5.5,67.8167787843871,0.07707889130271847,0.38656783008365403,0.32686433983269203,GREEN,0.4814908553357108,0.35689336157738394,0.3705567190555798,0.2773186606758686
SYNTH_1,5.6000000000000005,69.26820658893033,0.08229450530825412,0.4404053939492244,0.2191892121015513,GREEN,0.5958277263315849,0.3929698701584051,0.442787085116709,0.3078121764616411
SYNTH_1,5.7,70.55769864163683,0.086212285804724,0.4959713302208594,0.10805733955828134,GREEN,0.674259136915739,0.47285776292783205,0.5563526249937397,0.38780393860623374
SYNTH_1,5.800000000000001,71.66491888253023,0.08877044705333022,0.552389330890075,0.0,GREEN,0.7431875266969206,0.48177933635291514,0.693338674445549,0.4901297993882568
SYNTH_1,5.9,72.57240578699029,0.08992864532301072,0.6087696503838365,0.0,GREEN,0.8034531178859822,0.5298440925130476,0.7355601304025745,0.5313531346998668
SYNTH_1,6.0,73.2658477444273,0.0896686151351786,0.6642231373837573,0.0,GREEN,0.8285475438017502,0.5332699676326997,0.7827226035258315,0.5572739210198134
SYNTH_1,6.1000000000000005,73.73430876093033,0.08799445732123044,0.7178752572735421,0.0,GREEN,0.8045796153308272,0.5220415496454598,0.7886451486776046,0.5468805683882056
SYNTH_1,6.2,73.97040092642408,0.08493257434998562,0.7688798840723048,0.0,GREEN,0.7833756966690067,0.5013754901026177,0.7769277441404218,0.5440084993811853
SYNTH_1,6.300000000000001,73.97040092642408,0.08053125394498085,0.8164326443467429,0.0,GREEN,0.6980247868308354,0.46973105112984403,0.7473234740843254,0.5522360059232784
SYNTH_1,6.4,73.73430876093033,0.07485990755822443,0.8597836026606855,0.0,GREEN,0.6116572150221111,0.4180121282237817,0.6772544202743416,0.5186937282349742
SYNTH_1,6.5,73.2658477444273,0.06800797571013374,0.8982490885049146,0.0,GREEN,0.47925539084952473,0.33004891601289,0.5799308858655586,0.4971204320192355
SYNTH_1,6.6000000000000005,72.57240578699029,0.06008351745909866,0.9312224781895,0.0,GREEN,0.3717504664264224,0.28144208109074875,0.49965740135280234,0.4302881398582538
SYNTH_1,6.7,71.66491888253023,0.05121150624558014,0.9581837616617666,0.0,GREEN,0.28258145223685416,0.21527243606525495,0.4424932996357653,0.4009148470281299
SYNTH_1,6.800000000000001,70.55769864163683,0.04153185898629772,0.9787077433754675,0.0,GREEN,0.15602312702981222,0.1388905685606773,0.3835540594395152,0.31062537486333947
SYNTH_1,6.9,69.26820658893033,0.031197229500871552,0.9924707478785446,0.0,GREEN,0.11347376060468334,0.10967388930179126,0.3074891031579468,0.27823530017431414
SYNTH_1,7.0,67.8167787843871,0.020370601069895074,0.9992557243683644,0.0,GREEN,0.07099044359170645,0.042065022263936984,0.24881996034638135,0.24553280494905164
SYNTH_1,7.1000000000000005,66.22630511152572,0.009222716091238958,0.9989556697125339,0.0,GREEN,0.046423789496859595,0.0,0.20273685550334966,0.21854265104976273
SYNTH_1,7.2,64.52186829027016,-0.00207061662955938,0.9915753159522196,0.0,GREEN,0.0,0.0,0.17614258465876678,0.20062778934428835
SYNTH_1,7.300000000000001,62.73034830747283,-0.013331294489183148,0.9772310556750311,0.0,GREEN,0.015380727076209546,0.0036612252142127696,0.19631612472303775,0.19085065458769485
SYNTH_1,7.4,60.879998503464556,-0.024381729870983342,0.9561491064343852,0.0,GREEN,0.018833734558438172,0.047594046226901825,0.2116120551843478,0.20748781152865084
SYNTH_1,7.5,59.00000000000001,-0.03504765080777854,0.9286619431635537,0.0,GREEN,0.04969264377613393,0.07487110967848827,0.18829831591714602,0.22954258746121137
SYNTH_1,7.6000000000000005,57.12000149653545,-0.04516084935488331,0.8952030548473522,0.0,GREEN,0.06108119552873091,0.07596020161888906,0.20850619131071751,0.21009520247951807
SYNTH_1,7.7,55.26965169252718,-0.05456183432987797,0.8563001081418984,0.0,GREEN,0.09622850385376787,0.11720106018916597,0.1830734896701353,0.22218507176811333
SYNTH_1,7.800000000000001,53.478131709729844,-0.06310234658383036,0.8125666257562318,0.0,GREEN,0.12168511220761782,0.12162041629811002,0.18969746634055323,0.20064360653571325
SYNTH_1,7.9,51.77369488847427,-0.07064769713664118,0.7646923108326893,0.0,GREEN,0.12562272062968066,0.11130162122597555,0.1897982265327028,0.22834029754948246
SYNTH_1,8.0,50.18322121561291,-0.07707889130271847,0.7134321699163461,0.0,GREEN,0.11089021608985597,0.12779745177369609,0.17498816137009862,0.174622461061647
SYNTH_1,8.1,48.73179341106968,-0.08229450530825408,0.6595946060507761,0.0,GREEN,0.09140650959257032,0.16659462211682147,0.16275518148822163,0.15525533857333076
SYNTH_1,8.200000000000001,47.44230135836318,-0.08621228580472397,0.6040286697791412,0.0,GREEN,0.13326373091419744,0.12366364242870723,0.1551369485265616,0.18470267307551613
SYNTH_1,8.3,46.33508111746977,-0.08877044705333023,0.5476106691099246,0.00477866178015076,GREEN,0.11782557762871282,0.1485161275894602,0.13490378122910826,0.1136684892920529
SYNTH_1,8.4,45.427594213009705,-0.08992864532301072,0.4912303496161633,0.11753930076767344,GREEN,0.12472195680368954,0.1070300562247544,0.10069654150342972,0.08760174566227608
SYNTH_1,8.5,44.734152255572695,-0.0896686151351786,0.4357768626162425,0.22844627476751508,GREEN,0.12002381721557724,0.15958617064152567,0.10723805601047993,0.11049242110138542
SYNTH_1,8.6,44.265691239069675,-0.08799445732123044,0.3821247427264584,0.33575051454708327,GREEN,0.0730453624760699,0.11546413767480732,0.10153128295806911,0.07776370288927989
SYNTH_1,8.700000000000001,44.02959907357593,-0.08493257434998563,0.33112011592769575,0.4377597681446086,GREEN,0.11666384417086895,0.11994178359709252,0.08349665168711064,0.10215143102747719
SYNTH_1,8.8,44.02959907357592,-0.08053125394498085,0.28356735565325764,0.5328652886934848,GREEN,0.13053729530869354,0.15125105544200146,0.09430826737195847,0.09775209092666426
SYNTH_1,8.9,44.26569123906967,-0.07485990755822444,0.24021639733931466,0.6195672053213708,GREEN,0.13820353354605128,0.14453279481936554,0.10417209698554382,0.08071141783468998
SYNTH_1,9.0,44.734152255572695,-0.06800797571013376,0.20175091149508556,0.696498177009829,YELLOW,0.14741211919386044,0.18478426690015623,0.09701448303705432,0.10340066178489671
SYNTH_1,9.1,45.4275942130097,-0.06008351745909879,0.1687775218105006,0.7624449563789989,YELLOW,0.17112323046233552,0.16035082970197975,0.11062769556895957,0.12731057256930456
SYNTH_1,9.200000000000001,46.335081117469755,-0.05121150624558029,0.14181623833823387,0.8163675233235324,YELLOW,0.1786102248849895,0.2062095171574965,0.1198516608997531,0.13908801049959543
SYNTH_1,9.3,47.44230135836315,-0.041531858986297875,0.12129225662453286,0.8574154867509344,YELLOW,0.19861902932463418,0.214175301553419,0.10718571153899481,0.12639686404972486
SYNTH_1,9.4,48.731793411069674,-0.031197229500871563,0.10752925212145548,0.8849414957570891,YELLOW,0.1824343234148874,0.18042191915979477,0.11785821478607456,0.15141524243131216
SYNTH_1,9.5,50.183221215612896,-0.02037060106989508,0.10074427563163563,0.8985114487367288,YELLOW,0.1746481177354721,0.1763178117000835,0.12356296550692139,0.1098296739999405
SYNTH_1,9.600000000000001,51.77369488847425,-0.009222716091239128,0.10104433028746607,0.897911339425068,YELLOW,0.16837082796459132,0.1647516869147735,0.12545583018045064,0.10864272270413071
SYNTH_1,9.700000000000001,53.47813170972983,0.002070616629559369,0.1084246840477805,0.8831506319044391,YELLOW,0.17108734960266897,0.1695079491090031,0.12934332979839816,0.11176500040292354
SYNTH_1,9.8,55.26965169252716,0.013331294489183137,0.12276894432496893,0.8544621113500622,YELLOW,0.1916331618699264,0.1987523123340133,0.1280631714752449,0.08826993787770088
SYNTH_1,9.9,57.12000149653544,0.024381729870983332,0.1438508935656148,0.8122982128687705,YELLOW,0.1864630793322375,0.17977369465784523,0.14771546484397946,0.07458629663239219
SYNTH_1,10.0,58.99999999999999,0.03504765080777853,0.17133805683644648,0.7573238863271071,GREEN,0.18797867625934198,0.1935741810081306,0.16972625738726227,0.11590210375834256
SYNTH_1,10.100000000000001,60.87999850346455,0.045160849354883306,0.2047969451526478,0.6904061096947045,GREEN,0.24716586600324786,0.19203932286026285,0.17752499951823167,0.14750410548621445
SYNTH_1,10.200000000000001,62.73034830747282,0.05456183432987796,0.2436998918581017,0.6126002162837967,GREEN,0.29473180954715983,0.24899993151300573,0.18946720024571875,0.1663297785968323
SYNTH_1,10.3,64.52186829027016,0.06310234658383036,0.28743337424376825,0.5251332515124636,GREEN,0.3774965540899766,0.2920903220772738,0.22974267010377222,0.16077800567887418
SYNTH_1,10.4,66.22630511152573,0.07064769713664118,0.33530768916731074,0.4293846216653786,GREEN,0.4058185886473891,0.3129531720668984,0.29296495152184193,0.2292341289219231
SYNTH_1,10.5,67.81677878438708,0.07707889130271846,0.3865678300836539,0.3268643398326922,GREEN,0.5199185188880248,0.36617362572384665,0.36752020677158587,0.28234263743814897
SYNTH_1,10.600000000000001,69.26820658893034,0.08229450530825415,0.4404053939492247,0.21918921210155073,GREEN,0.5945963101048282,0.41192479412345234,0.43683298143830346,0.3329506877684279
SYNTH_1,10.700000000000001,70.55769864163683,0.08621228580472402,0.49597133022085965,0.10805733955828077,GREEN,0.6719446616903577,0.4694777644754109,0.5841703012484696,0.41508597785383966
SYNTH_1,10.8,71.66491888253022,0.0887704470533302,0.5523893308900746,0.0,GREEN,0.7498464119478726,0.49723407344086773,0.6823865934681761,0.4600261234695716
SYNTH_1,10.9,72.57240578699029,0.08992864532301072,0.6087696503838359,0.0,GREEN,0.8107475130764663,0.5321801745245565,0.7164059950851318,0.5253704320410876
SYNTH_1,11.0,73.2658477444273,0.0896686151351786,0.6642231373837575,0.0,GREEN,0.8156540405464259,0.5155084569508998,0.767683972869046,0.537643582163239
SYNTH_1,11.100000000000001,73.73430876093033,0.08799445732123042,0.7178752572735424,0.0,GREEN,0.8097285387295903,0.540693132079512,0.8152612511103366,0.5849695921168699
SYNTH_1,11.200000000000001,73.97040092642408,0.08493257434998558,0.768879884072305,0.0,GREEN,0.7709287703175158,0.4767392778708145,0.7810108842313966,0.5591932968585781
SYNTH_1,11.3,73.97040092642408,0.08053125394498085,0.8164326443467425,0.0,GREEN,0.6689622352771313,0.437255705653988,0.7164396013449119,0.5440242707363618
SYNTH_1,11.4,73.73430876093033,0.07485990755822453,0.8597836026606848,0.0,GREEN,0.618560246124169,0.38881443024662027,0.6863437660759425,0.5142859579713627
SYNTH_1,11.5,73.2658477444273,0.06800797571013364,0.898249088504915,0.0,GREEN,0.4761136885597342,0.32232115193167876,0.5817115173822384,0.4959145894604061
SYNTH_1,11.600000000000001,72.57240578699029,0.06008351745909868,0.9312224781895,0.0,GREEN,0.3891812764368788,0.28137423716407844,0.5091602201802028,0.40893984104275694
SYNTH_1,11.700000000000001,71.66491888253023,0.05121150624558016,0.9581837616617666,0.0,GREEN,0.28872067538863605,0.2149192459274857,0.41366386974239394,0.3933163875563962
SYNTH_1,11.8,70.55769864163685,0.04153185898629789,0.9787077433754672,0.0,GREEN,0.1718676400154221,0.14388432591754413,0.33702266179783696,0.3083637649296266
SYNTH_1,11.9,69.26820658893035,0.031197229500871723,0.9924707478785445,0.0,GREEN,0.08407426420523259,0.13056825247480588,0.31253994236207033,0.2898929311056427
SYNTH_1,12.0,67.81677878438713,0.02037060106989525,0.9992557243683644,0.0,GREEN,0.030194628266807993,0.027177753476336167,0.2508315602309939,0.24839465999685903
SYNTH_1,12.100000000000001,66.22630511152572,0.00922271609123898,0.9989556697125339,0.0,GREEN,0.0,0.011180845651205716,0.19176917877318078,0.22187749746520766
SYNTH_1,12.200000000000001,64.52186829027016,-0.0020706166295593577,0.9915753159522196,0.0,GREEN,0.0,0.020759148486594162,0.17327698530503666,0.1949118219681804
SYNTH_1,12.3,62.73034830747284,-0.013331294489183127,0.9772310556750312,0.0,GREEN,0.03628360460938415,0.0417015636479946,0.18877174651931955,0.2259067764846543
SYNTH_1,12.4,60.87999850346459,-0.02438172987098317,0.9561491064343857,0.0,GREEN,0.021265706755380927,0.052876429424368605,0.19715598174208646,0.19599986863415395
SYNTH_1,12.5,59.000000000000036,-0.03504765080777838,0.9286619431635541,0.0,GREEN,0.0641994412725644,0.07222048274299664,0.21602324954142352,0.19588565585682285
SYNTH_1,12.600000000000001,57.12000149653543,-0.04516084935488343,0.8952030548473519,0.0,GREEN,0.08317833030775464,0.09814123977439533,0.19373935181693855,0.18650553732679048
SYNTH_1,12.700000000000001,55.269651692527184,-0.05456183432987795,0.8563001081418984,0.0,GREEN,0.12794405655297458,0.11682217047065935,0.21482840238044926,0.2155176499452283
SYNTH_1,12.8,53.47813170972982,-0.06310234658383035,0.8125666257562312,0.0,GREEN,0.126501815157835,0.09187525078275743,0.1986449290589657,0.22013157179275952
SYNTH_1,12.9,51.77369488847427,-0.07064769713664107,0.7646923108326894,0.0,GREEN,0.1193558456409546,0.13782099563294894,0.19368665108458344,0.20386221763945853
SYNTH_1,13.0,50.18322121561291,-0.07707889130271836,0.7134321699163462,0.0,GREEN,0.11625338034085225,0.11347810830692946,0.16951380996712181,0.18784759427724534
SYNTH_1,13.100000000000001,48.73179341106969,-0.08229450530825401,0.6595946060507762,0.0,GREEN,0.11293152746507752,0.14672898190450068,0.1535460108209933,0.18292405349808638
SYNTH_1,13.200000000000001,47.442301358363146,-0.08621228580472401,0.6040286697791397,0.0,GREEN,0.13375356902031066,0.12365448839851353,0.12895585778032226,0.1739381823617474
SYNTH_1,13.3,46.33508111746977,-0.0887704470533302,0.5476106691099247,0.004778661780150539,GREEN,0.08681101137523518,0.16119189748743434,0.14211372230033986,0.16487051366773497
SYNTH_1,13.4,45.427594213009705,-0.08992864532301072,0.49123034961616346,0.1175393007676732,GREEN,0.11127971284638857,0.14881699832763223,0.10477800183270214,0.12737952604970185
SYNTH_1,13.5,44.734152255572695,-0.0896686151351786,0.4357768626162426,0.22844627476751483,GREEN,0.1116021124150751,0.15138630616601403,0.1126549588443817,0.09517873354468226
SYNTH_1,13.600000000000001,44.26569123906967,-0.08799445732123042,0.382124742726457,0.3357505145470861,GREEN,0.08446068118235023,0.12238657626172297,0.06872446654072327,0.11692120192833425
SYNTH_1,13.700000000000001,44.02959907357592,-0.08493257434998558,0.33112011592769447,0.43775976814461115,GREEN,0.13137886674224233,0.16497106643060944,0.07273753334964007,0.09827486473622514
SYNTH_1,13.8,44.02959907357592,-0.08053125394498085,0.2835673556532571,0.5328652886934859,GREEN,0.1051408931675694,0.12033618945727857,0.08133483394828146,0.08706860609042384
SYNTH_1,13.9,44.26569123906967,-0.07485990755822454,0.24021639733931477,0.6195672053213706,GREEN,0.16091764739179648,0.14119419422346435,0.0913752168489487,0.10349112013193566
SYNTH_1,14.0,44.734152255572695,-0.06800797571013387,0.20175091149508562,0.6964981770098289,GREEN,0.14512739480498166,0.1470230865718241,0.10465543563313315,0.08697189451499196
SYNTH_1,14.100000000000001,45.4275942130097,-0.06008351745909893,0.16877752181050065,0.7624449563789988,GREEN,0.1713088204770737,0.15992412790075003,0.09545643504135327,0.11185283923137361
SYNTH_1,14.200000000000001,46.335081117469784,-0.051211506245580164,0.1418162383382332,0.8163675233235337,GREEN,0.1721389463295155,0.1981252959742798,0.1299821493911904,0.13805249639150566
SYNTH_1,14.3,47.44230135836317,-0.041531858986297895,0.12129225662453264,0.8574154867509348,GREEN,0.19483214002383947,0.18443695694554466,0.09441853735333817,0.13222504537566976
SYNTH_1,14.4,48.731793411069674,-0.031197229500871733,0.10752925212145548,0.8849414957570891,GREEN,0.20219821951149058,0.2010212089366275,0.12752418258008377,0.1407372270549623
SYNTH_1,14.5,50.183221215612896,-0.020370601069895262,0.10074427563163563,0.8985114487367288,GREEN,0.14966506055783305,0.16793223404318824,0.12624026864410173,0.12086754562109099
SYNTH_1,14.600000000000001,51.77369488847425,-0.009222716091239308,0.10104433028746607,0.897911339425068,GREEN,0.16226218917153024,0.2046619837795166,0.11677735505367394,0.14561633872211052
SYNTH_1,14.700000000000001,53.47813170972985,0.002070616629559347,0.10842468404778066,0.8831506319044388,GREEN,0.1421797692826353,0.15081309954351757,0.10498354415415229,0.115299287520187
SYNTH_1,14.8,55.26965169252719,0.013331294489183115,0.12276894432496921,0.8544621113500617,GREEN,0.17451229241149366,0.1752249353030002,0.1266084887844075,0.14883481075057603
SYNTH_1,14.9,57.12000149653544,0.02438172987098316,0.1438508935656148,0.8122982128687705,GREEN,0.1885891575388094,0.16160490422629845,0.15750999693762502,0.13114914881717735
SYNTH_1,15.0,58.999999999999986,0.035047650807778365,0.17133805683644643,0.7573238863271072,GREEN,0.19975420764757074,0.20700423148683378,0.1678803086474857,0.15704056840357855
SYNTH_1,15.100000000000001,60.87999850346454,0.04516084935488314,0.20479694515264768,0.6904061096947047,GREEN,0.22295734089929067,0.19066960960272944,0.1746792649108407,0.13225753751061856
SYNTH_1,15.200000000000001,62.73034830747279,0.05456183432987769,0.24369989185810104,0.612600216283798,GREEN,0.2685952993960533,0.24448335264912652,0.1876661182310439,0.22708078138895413
SYNTH_1,15.3,64.52186829027018,0.06310234658383035,0.28743337424376886,0.5251332515124624,GREEN,0.34450122192508487,0.2828921395833312,0.2247165711662401,0.195378266144424
SYNTH_1,15.4,66.22630511152573,0.07064769713664107,0.33530768916731063,0.42938462166537883,GREEN,0.41629503884688834,0.30780246467408245,0.3184077230860144,0.2471439295159797
SYNTH_1,15.5,67.81677878438708,0.07707889130271836,0.3865678300836538,0.3268643398326924,GREEN,0.5172432409560122,0.404119752891758,0.381311096360878,0.2906311192943977
SYNTH_1,15.600000000000001,69.26820658893031,0.08229450530825401,0.4404053939492238,0.2191892121015525,GREEN,0.5835658391996483,0.4160231730298099,0.4524369976711202,0.3295614507528674
SYNTH_1,15.700000000000001,70.55769864163682,0.08621228580472391,0.49597133022085876,0.10805733955828256,GREEN,0.6847819889231623,0.45227475953680574,0.5442057228184402,0.38089646833559204
SYNTH_1,15.8,71.66491888253023,0.0887704470533302,0.5523893308900752,0.0,GREEN,0.7558261870198093,0.529330996204159,0.6530295310489276,0.4818689587417835
SYNTH_1,15.9,72.57240578699029,0.08992864532301072,0.6087696503838366,0.0,GREEN,0.7880227840431455,0.5143319317417506,0.7547031045759837,0.49809417967586167
SYNTH_2,0.0,60.0,0.035047650807778545,0.1713380568364466,0.7573238863271069,GREEN,0.2114021252018105,0.2094441550443452,0.14053967151510438,0.1449740398880412
SYNTH_2,0.1,61.87999850346456,0.045160849354883376,0.20479694515264812,0.6904061096947038,GREEN,0.24500008951143934,0.20609509096799994,0.16223582768747707,0.15268393547253786
SYNTH_2,0.2,63.73034830747282,0.05456183432987795,0.24369989185810176,0.6126002162837966,GREEN,0.266954894250748,0.26099684723580246,0.20733676464187217,0.15570795561360956
SYNTH_2,0.30000000000000004,65.52186829027016,0.06310234658383039,0.2874333742437686,0.5251332515124629,GREEN,0.365690237452965,0.28528043763111643,0.2539599914897841,0.19975826096597202
SYNTH_2,0.4,67.22630511152573,0.07064769713664115,0.3353076891673107,0.4293846216653788,GREEN,0.4197391485678254,0.34794615405801815,0.29754900349440083,0.23070563095635838
SYNTH_2,0.5,68.8167787843871,0.07707889130271846,0.38656783008365414,0.3268643398326918,GREEN,0.5335850653622011,0.39465431840052523,0.39662997037802095,0.27827873162728783
SYNTH_2,0.6000000000000001,70.26820658893033,0.0822945053082541,0.4404053939492244,0.2191892121015513,GREEN,0.6282453682711936,0.44803249503286957,0.5017319693269167,0.33748183465407133
SYNTH_2,0.7000000000000001,71.55769864163683,0.08621228580472401,0.4959713302208597,0.10805733955828063,GREEN,0.7002991492278894,0.4769665297269797,0.6116867493321381,0.43911832988618704
SYNTH_2,0.8,72.66491888253023,0.0887704470533302,0.552389330890075,0.0,GREEN,0.7849297974168168,0.5201491684939792,0.708497293754193,0.5035959329207418
SYNTH_2,0.9,73.57240578699029,0.08992864532301072,0.6087696503838367,0.0,GREEN,0.8524215499675486,0.5256473618571847,0.7544944354703964,0.5294440866821547
SYNTH_2,1.0,74.2658477444273,0.0896686151351786,0.6642231373837577,0.0,GREEN,0.8838895520187022,0.5628310776186444,0.8294766574369955,0.5786111312103137
SYNTH_2,1.1,74.73430876093033,0.08799445732123042,0.7178752572735421,0.0,GREEN,0.8550907268836754,0.5560289400735063,0.8669331307138081,0.6167872588067013
SYNTH_2,1.2000000000000002,74.97040092642408,0.08493257434998559,0.768879884072305,0.0,GREEN,0.7955569682471333,0.5338099583499137,0.7914210616584134,0.5904545604362987
SYNTH_2,1.3,74.97040092642408,0.08053125394498084,0.8164326443467428,0.0,GREEN,0.7426800320580037,0.4612577865005243,0.7759086715494735,0.5712610746339138
SYNTH_2,1.4000000000000001,74.73430876093033,0.07485990755822446,0.8597836026606853,0.0,GREEN,0.6234922388534347,0.44102878050202565,0.733034883698955,0.5198973826152052
SYNTH_2,1.5,74.2658477444273,0.06800797571013376,0.8982490885049146,0.0,GREEN,0.5008682597898162,0.36225777883460647,0.6171643267508501,0.5057113187826179
SYNTH_2,1.6,73.57240578699029,0.06008351745909874,0.9312224781894998,0.0,GREEN,0.4074593988359892,0.28447022254663284,0.5377958043630967,0.4437530772541545
SYNTH_2,1.7000000000000002,72.66491888253023,0.05121150624558016,0.9581837616617667,0.0,GREEN,0.28418645504557655,0.22773775088757112,0.44529409589767854,0.3713155487224953
SYNTH_2,1.8,71.55769864163683,0.04153185898629785,0.9787077433754674,0.0,GREEN,0.1789716075840595,0.16641995517314628,0.36508124499279176,0.3260281423481968
SYNTH_2,1.9000000000000001,70.26820658893033,0.031197229500871643,0.9924707478785446,0.0,GREEN,0.12806355412233705,0.10378911940723415,0.3149550812236314,0.2840125149098169
SYNTH_2,2.0,68.8167787843871,0.020370601069895092,0.9992557243683645,0.0,GREEN,0.08038888760513824,0.034911401239307804,0.26153867833524597,0.2295048125577499
SYNTH_2,2.1,67.22630511152573,0.009222716091239055,0.9989556697125339,0.0,GREEN,0.03167584315541226,0.0036402064027286924,0.2103864507615893,0.22911904705479266
SYNTH_2,2.2,65.52186829027016,-0.002070616629559322,0.9915753159522196,0.0,GREEN,0.015044574646801614,0.018890728877739876,0.20021599673375284,0.1853231811595526
SYNTH_2,2.3000000000000003,63.73034830747283,-0.01333129448918313,0.9772310556750311,0.0,GREEN,0.007982963603159417,0.04749357179555164,0.21163138278284868,0.21478313411308522
SYNTH_2,2.4000000000000004,61.87999850346457,-0.02438172987098325,0.9561491064343853,0.0,GREEN,0.04668541394183611,0.05440275098527918,0.20811160645998156,0.2024286651523661
SYNTH_2,2.5,60.0,-0.035047650807778524,0.9286619431635535,0.0,GREEN,0.08867191642895254,0.07309083600585886,0.20016809643100486,0.1791055488478664
SYNTH_2,2.6,58.12000149653544,-0.045160849354883376,0.895203054847352,0.0,GREEN,0.09283338173606888,0.12451083233973188,0.2173778181953504,0.21479632626428513
SYNTH_2,2.7,56.269651692527184,-0.05456183432987792,0.8563001081418984,0.0,GREEN,0.09531035858432138,0.11606777105279392,0.1933483679281431,0.22031507588090513
SYNTH_2,2.8000000000000003,54.47813170972983,-0.06310234658383038,0.8125666257562315,0.0,GREEN,0.13680066318215883,0.1623747851580378,0.19928059755663874,0.21280974824328883
SYNTH_2,2.9000000000000004,52.77369488847427,-0.07064769713664115,0.7646923108326894,0.0,GREEN,0.1201285089074019,0.15248647526131795,0.18614414778848462,0.19855589126173215
SYNTH_2,3.0,51.18322121561291,-0.07707889130271843,0.7134321699163462,0.0,GREEN,0.12475601113614526,0.1608556706896346,0.17057990743729817,0.2115313273201579
SYNTH_2,3.1,49.731793411069674,-0.08229450530825409,0.6595946060507758,0.0,GREEN,0.13336298209425973,0.16884725587285543,0.1884288781538696,0.16986117360471922
SYNTH_2,3.2,48.44230135836316,-0.08621228580472402,0.6040286697791403,0.0,GREEN,0.12341837211085266,0.15796129789353286,0.14600012446037922,0.18582813834021675
SYNTH_2,3.3000000000000003,47.33508111746977,-0.08877044705333022,0.547610669109925,0.004778661780150181,GREEN,0.10109628461112216,0.1283394066197815,0.158178466380953,0.15136589419429133
SYNTH_2,3.4000000000000004,46.427594213009705,-0.08992864532301073,0.4912303496161632,0.11753930076767366,GREEN,0.15147465697798237,0.14568606574323117,0.09684348723734447,0.12078404847251839
SYNTH_2,3.5,45.734152255572695,-0.0896686151351786,0.4357768626162424,0.22844627476751528,GREEN,0.0969213974927843,0.12213574302573406,0.09890689588085208,0.09913194625012187
SYNTH_2,3.6,45.26569123906967,-0.08799445732123042,0.3821247427264579,0.3357505145470842,GREEN,0.11397220766752256,0.14287827462881297,0.11373581465667014,0.0779452742362112
SYNTH_2,3.7,45.02959907357592,-0.08493257434998557,0.33112011592769497,0.43775976814461015,GREEN,0.12664631669809967,0.18012298933066007,0.11551134705569059,0.10275426886893985
SYNTH_2,3.8000000000000003,45.02959907357592,-0.08053125394498085,0.2835673556532575,0.532865288693485,GREEN,0.12503725991732062,0.1718210306257884,0.10205136858515448,0.11682692486642325
SYNTH_2,3.9000000000000004,45.26569123906967,-0.07485990755822447,0.24021639733931488,0.6195672053213703,GREEN,0.16236706183218116,0.14551730994543177,0.12311717463657923,0.11650623893248549
SYNTH_2,4.0,45.734152255572695,-0.06800797571013373,0.20175091149508545,0.6964981770098292,GREEN,0.17174643177529694,0.15559082907611296,0.1129372572541866,0.10797113259948962
SYNTH_2,4.1000000000000005,46.4275942130097,-0.060083517459098776,0.16877752181050054,0.762444956378999,GREEN,0.19476901268635224,0.17445772136993795,0.10809917849893934,0.1408177527303104
SYNTH_2,4.2,47.33508111746978,-0.051211506245580136,0.14181623833823342,0.8163675233235332,GREEN,0.17641440994263335,0.1612199196665746,0.14612855538322717,0.11949077363928783
SYNTH_2,4.3,48.44230135836315,-0.041531858986297854,0.1212922566245328,0.8574154867509345,GREEN,0.1741966478771751,0.19864907222106362,0.12704340270091335,0.11702976378445237
SYNTH_2,4.4,49.73179341106967,-0.03119722950087162,0.10752925212145553,0.884941495757089,GREEN,0.1663900212619925,0.17007567437823423,0.12187513344434091,0.1251443335179101
SYNTH_2,4.5,51.1832212156129,-0.02037060106989506,0.10074427563163563,0.8985114487367288,GREEN,0.178169096190464,0.18354659602692455,0.13128225928595919,0.11975450527067948
SYNTH_2,4.6000000000000005,52.77369488847426,-0.009222716091239107,0.10104433028746607,0.897911339425068,GREEN,0.1582318101529347,0.168108316232643,0.10763870560875947,0.13560819048866507
SYNTH_2,4.7,54.47813170972983,0.0020706166295593907,0.10842468404778055,0.883150631904439,GREEN,0.18858495479789544,0.17579360687173315,0.11648705587715735,0.13917965164345944
SYNTH_2,4.800000000000001,56.26965169252717,0.01333129448918316,0.12276894432496899,0.8544621113500621,GREEN,0.1777961682551038,0.183810914960886,0.14344045901684874,0.13770917515698708
SYNTH_2,4.9,58.12000149653543,0.02438172987098328,0.1438508935656147,0.8122982128687707,GREEN,0.18479220301325444,0.2280692744272286,0.15778502984375128,0.15148194516330865
SYNTH_2,5.0,59.99999999999999,0.03504765080777855,0.17133805683644654,0.757323886327107,GREEN,0.22562593754597926,0.22397760914533607,0.133348444669633,0.14894599267479922
SYNTH_2,5.1000000000000005,61.87999850346456,0.04516084935488339,0.20479694515264807,0.690406109694704,GREEN,0.24901205621248382,0.23465498724121095,0.15085793481779622,0.13602459223239166
SYNTH_2,5.2,63.73034830747282,0.05456183432987798,0.24369989185810176,0.6126002162837966,GREEN,0.29087757473794,0.26189664713094474,0.2221947218743357,0.15988142078757198
SYNTH_2,5.300000000000001,65.52186829027016,0.06310234658383043,0.2874333742437687,0.5251332515124627,GREEN,0.3569002131459507,0.2854157034788607,0.24304720759582052,0.2222398567142286
SYNTH_2,5.4,67.22630511152572,0.07064769713664114,0.33530768916731046,0.42938462166537916,GREEN,0.42057341784156765,0.34480280710289246,0.3010541600315905,0.23710411756251804
SYNTH_2,5.5,68.8167787843871,0.07707889130271847,0.38656783008365403,0.32686433983269203,GREEN,0.513786296569958,0.38065375165178733,0.42674145444441114,0.262365358388314
SYNTH_2,5.6000000000000005,70.26820658893033,0.08229450530825412,0.4404053939492244,0.2191892121015513,GREEN,0.6396339674972473,0.4437867553840463,0.4791350657607582,0.3429886088952306
SYNTH_2,5.7,71.55769864163683,0.086212285804724,0.4959713302208594,0.10805733955828134,GREEN,0.7013486150438013,0.49425662458482755,0.6035023485808831,0.4004076175591803
SYNTH_2,5.800000000000001,72.66491888253023,0.08877044705333022,0.552389330890075,0.0,GREEN,0.7775113408331824,0.519946588110151,0.7234827485847837,0.5118262905479954
SYNTH_2,5.9,73.57240578699029,0.08992864532301072,0.6087696503838365,0.0,GREEN,0.8424530913040398,0.5030443506188861,0.7863920004181472,0.5592016102238214
SYNTH_2,6.0,74.2658477444273,0.0896686151351786,0.6642231373837573,0.0,GREEN,0.8887573117002875,0.5609044458568604,0.8261498424466439,0.553004217399833
SYNTH_2,6.1000000000000005,74.73430876093033,0.08799445732123044,0.7178752572735421,0.0,GREEN,0.871627041136487,0.5870169004713972,0.8420321985232245,0.5589959509050344
SYNTH_2,6.2,74.97040092642408,0.08493257434998562,0.7688798840723048,0.0,GREEN,0.8389680159539578,0.5197540968707294,0.8264103626064244,0.5791937366118945
SYNTH_2,6.300000000000001,74.97040092642408,0.08053125394498085,0.8164326443467429,0.0,GREEN,0.718523997560603,0.48289972362495354,0.7680211683213831,0.5638995206663003
SYNTH_2,6.4,74.73430876093033,0.07485990755822443,0.8597836026606855,0.0,GREEN,0.6519376739494314,0.4493599396240804,0.7152981799979308,0.5492814740397385
SYNTH_2,6.5,74.2658477444273,0.06800797571013374,0.8982490885049146,0.0,GREEN,0.5281283070294532,0.3704060643684035,0.6119775508012263,0.5012901031693703
SYNTH_2,6.6000000000000005,73.57240578699029,0.06008351745909866,0.9312224781895,0.0,GREEN,0.4251619262586734,0.31305644659946685,0.5327682044026155,0.45447255527306557
SYNTH_2,6.7,72.66491888253023,0.05121150624558014,0.9581837616617666,0.0,GREEN,0.28463965030269484,0.20387338319911869,0.4630919547604747,0.37733306572667225
SYNTH_2,6.800000000000001,71.55769864163683,0.04153185898629772,0.9787077433754675,0.0,GREEN,0.19249009644814064,0.1278545540195235,0.3974127957578764,0.33590382140486214
SYNTH_2,6.9,70.26820658893033,0.031197229500871552,0.9924707478785446,0.0,GREEN,0.11869081179088666,0.093679198770793,0.3281610883736277,0.26913155306842607
SYNTH_2,7.0,68.8167787843871,0.020370601069895074,0.9992557243683644,0.0,GREEN,0.06696731193824339,0.03427476058608199,0.25689279267504456,0.24802445132786177
SYNTH_2,7.1000000000000005,67.22630511152572,0.009222716091238958,0.9989556697125339,0.0,GREEN,0.026211393582095503,0.0158810807123332,0.2468988094868051,0.22218955202250043
SYNTH_2,7.2,65.52186829027016,-0.00207061662955938,0.9915753159522196,0.0,GREEN,0.0,0.020162001066023633,0.20245056452410848,0.2042060036780697
SYNTH_2,7.300000000000001,63.73034830747283,-0.013331294489183148,0.9772310556750311,0.0,GREEN,0.01525015874785508,0.05670627815322778,0.18450680089110347,0.19334794423173915
SYNTH_2,7.4,61.879998503464556,-0.024381729870983342,0.9561491064343852,0.0,GREEN,0.036544948679462966,0.028121104273222015,0.20913812778126853,0.20999142022215994
SYNTH_2,7.5,60.00000000000001,-0.03504765080777854,0.9286619431635537,0.0,GREEN,0.08859091313939733,0.0709205513638906,0.21778983147581407,0.1965416462073448
SYNTH_2,7.6000000000000005,58.12000149653545,-0.04516084935488331,0.8952030548473522,0.0,GREEN,0.09081450615957827,0.08741691569298378,0.22230940810210134,0.24210016275096352
SYNTH_2,7.7,56.26965169252718,-0.05456183432987797,0.8563001081418984,0.0,GREEN,0.12370710657425021,0.1253583275825658,0.2120826459284393,0.2484271909092417
SYNTH_2,7.800000000000001,54.478131709729844,-0.06310234658383036,0.8125666257562318,0.0,GREEN,0.11941124586578529,0.15725236715594282,0.1969030954918814,0.21606363866750555
SYNTH_2,7.9,52.77369488847427,-0.07064769713664118,0.7646923108326893,0.0,GREEN,0.1151480987398045,0.14248535837408535,0.21882901269105978,0.22742281751844487
SYNTH_2,8.0,51.18322121561291,-0.07707889130271847,0.7134321699163461,0.0,GREEN,0.12105297135344248,0.18827659609575856,0.18207403776536077,0.18658973543196508
SYNTH_2,8.1,49.73179341106968,-0.08229450530825408,0.6595946060507761,0.0,GREEN,0.12655471623228273,0.16564902170013718,0.15562324812301634,0.19733535801953384
SYNTH_2,8.200000000000001,48.44230135836318,-0.08621228580472397,0.6040286697791412,0.0,GREEN,0.10323935268586625,0.13118147289133095,0.14699988377027606,0.1593662008791584
SYNTH_2,8.3,47.33508111746977,-0.08877044705333023,0.5476106691099246,0.00477866178015076,GREEN,0.12380746653330235,0.1493995165722199,0.12511338899666702,0.17210191384105283
SYNTH_2,8.4,46.427594213009705,-0.08992864532301072,0.4912303496161633,0.11753930076767344,GREEN,0.15145581056868762,0.13791603013795933,0.09857750179847401,0.13314938001683294
SYNTH_2,8.5,45.734152255572695,-0.0896686151351786,0.4357768626162425,0.22844627476751508,GREEN,0.09751230707182437,0.11412479173424137,0.050989928948748216,0.12383865571234162
SYNTH_2,8.6,45.265691239069675,-0.08799445732123044,0.3821247427264584,0.33575051454708327,GREEN,0.12373980187717223,0.09216115812975464,0.09201114166097457,0.10247270087596706
SYNTH_2,8.700000000000001,45.02959907357593,-0.08493257434998563,0.33112011592769575,0.4377597681446086,GREEN,0.12971745437034043,0.11482441120453721,0.08669459592287648,0.13440550836063642
SYNTH_2,8.8,45.02959907357592,-0.08053125394498085,0.28356735565325764,0.5328652886934848,GREEN,0.16127662248939556,0.12211806932129612,0.09837560082202063,0.1029964017200875
SYNTH_2,8.9,45.26569123906967,-0.07485990755822444,0.24021639733931466,0.6195672053213708,GREEN,0.1354547305702662,0.17130023564455246,0.10574341707367198,0.1154593637242013
SYNTH_2,9.0,45.734152255572695,-0.06800797571013376,0.20175091149508556,0.696498177009829,YELLOW,0.1654165973508981,0.1633167257560461,0.10186180748463282,0.13774112175740066
SYNTH_2,9.1,46.4275942130097,-0.06008351745909879,0.1687775218105006,0.7624449563789989,YELLOW,0.167445600816305,0.16904768772734186,0.13933640192040117,0.10574894360572475
SYNTH_2,9.200000000000001,47.335081117469755,-0.05121150624558029,0.14181623833823387,0.8163675233235324,YELLOW,0.15441363336912864,0.1873736021142607,0.10428034729236363,0.1364512317048684
SYNTH_2,9.3,48.44230135836315,-0.041531858986297875,0.12129225662453286,0.8574154867509344,YELLOW,0.17383505938343727,0.1982579989254362,0.13227590203457293,0.15150659248870146
SYNTH_2,9.4,49.731793411069674,-0.031197229500871563,0.10752925212145548,0.8849414957570891,YELLOW,0.20617366503817525,0.21079164353806176,0.12311357821506239,0.11756670883721855
SYNTH_2,9.5,51.183221215612896,-0.02037060106989508,0.10074427563163563,0.8985114487367288,YELLOW,0.21227403417181703,0.1907760367071198,0.1297777875965099,0.13603811400281196
SYNTH_2,9.600000000000001,52.77369488847425,-0.009222716091239128,0.10104433028746607,0.897911339425068,YELLOW,0.19823852715373558,0.18840799167897546,0.12069216608762004,0.12836677803506963
SYNTH_2,9.700000000000001,54.47813170972983,0.002070616629559369,0.1084246840477805,0.8831506319044391,YELLOW,0.1698925652375124,0.18079907596515027,0.11764844186053386,0.11238026837401256
SYNTH_2,9.8,56.26965169252716,0.013331294489183137,0.12276894432496893,0.8544621113500622,YELLOW,0.20284071791537425,0.1737330740788658,0.12360076059612805,0.14464260505515106
SYNTH_2,9.9,58.12000149653544,0.024381729870983332,0.1438508935656148,0.8122982128687705,YELLOW,0.17734409550761746,0.19103490249896388,0.13129292855684155,0.12893282204064235
SYNTH_2,10.0,59.99999999999999,0.03504765080777853,0.17133805683644648,0.7573238863271071,GREEN,0.23486696489557832,0.22971568425286912,0.13853174633300314,0.12540055030397246
SYNTH_2,10.100000000000001,61.87999850346455,0.045160849354883306,0.2047969451526478,0.6904061096947045,GREEN,0.21894969919772828,0.22284462654150702,0.1970481763593089,0.19327383489923758
SYNTH_2,10.200000000000001,63.73034830747282,0.05456183432987796,0.2436998918581017,0.6126002162837967,GREEN,0.30541647705538433,0.2532063109267147,0.2356671270447075,0.19497768177480704
SYNTH_2,10.3,65.52186829027016,0.06310234658383036,0.28743337424376825,0.5251332515124636,GREEN,0.3586393748241502,0.2907156407047833,0.2515283412271015,0.2162347280567515
SYNTH_2,10.4,67.22630511152573,0.07064769713664118,0.33530768916731074,0.4293846216653786,GREEN,0.4275858091544574,0.33714674189236604,0.2995224901484949,0.2443580839080714
SYNTH_2,10.5,68.81677878438708,0.07707889130271846,0.3865678300836539,0.3268643398326922,GREEN,0.49550381034396,0.35743934333251504,0.3787496366465734,0.30349777188288973
SYNTH_2,10.600000000000001,70.26820658893034,0.08229450530825415,0.4404053939492247,0.21918921210155073,GREEN,0.6312554288461817,0.45406797744690197,0.4814850554367692,0.3638952457475479
SYNTH_2,10.700000000000001,71.55769864163683,0.08621228580472402,0.49597133022085965,0.10805733955828077,GREEN,0.7021416435230344,0.5190432416991209,0.5817416088920622,0.4106025269554401
SYNTH_2,10.8,72.66491888253022,0.0887704470533302,0.5523893308900746,0.0,GREEN,0.7703822000449518,0.5362289141520257,0.7064452067483081,0.5027560145014593
SYNTH_2,10.9,73.57240578699029,0.08992864532301072,0.6087696503838359,0.0,GREEN,0.8369567650238083,0.5548051405419132,0.7764954822127385,0.5645614909739621
SYNTH_2,11.0,74.2658477444273,0.0896686151351786,0.6642231373837575,0.0,GREEN,0.8800408663931416,0.5932869258258473,0.810193341054368,0.5807759701218704
SYNTH_2,11.100000000000001,74.73430876093033,0.08799445732123042,0.7178752572735424,0.0,GREEN,0.8590951078816911,0.5502858297314633,0.8328918972873859,0.5755524125511683
SYNTH_2,11.200000000000001,74.97040092642408,0.08493257434998558,0.768879884072305,0.0,GREEN,0.8237523620497477,0.5273612628547936,0.8079544552862448,0.581923510765084
SYNTH_2,11.3,74.97040092642408,0.08053125394498085,0.8164326443467425,0.0,GREEN,0.743518001912398,0.496538733168702,0.7882956034767883,0.5566911135554342
SYNTH_2,11.4,74.73430876093033,0.07485990755822453,0.8597836026606848,0.0,GREEN,0.6241001196668997,0.46554338279936436,0.6991298697037988,0.5001388049912139
SYNTH_2,11.5,74.2658477444273,0.06800797571013364,0.898249088504915,0.0,GREEN,0.5015107062994241,0.35063555884701186,0.6134162893417966,0.4950950001951389
SYNTH_2,11.600000000000001,73.57240578699029,0.06008351745909868,0.9312224781895,0.0,GREEN,0.40189694760960215,0.30972535315613714,0.5193338762914318,0.41395918887948807
SYNTH_2,11.700000000000001,72.66491888253023,0.05121150624558016,0.9581837616617666,0.0,GREEN,0.2847416186248338,0.20516299165883267,0.44546453001436354,0.400307878224111
SYNTH_2,11.8,71.55769864163685,0.04153185898629789,0.9787077433754672,0.0,GREEN,0.19868100534892008,0.15156033824946677,0.3658613943722998,0.3304486550970198
SYNTH_2,11.9,70.26820658893035,0.031197229500871723,0.9924707478785445,0.0,GREEN,0.1062472058605153,0.10607254355696838,0.29006653658564013,0.2929231993190157
SYNTH_2,12.0,68.81677878438713,0.02037060106989525,0.9992557243683644,0.0,GREEN,0.06181807722669359,0.04373412184807751,0.2342354934261008,0.25660633469178096
SYNTH_2,12.100000000000001,67.22630511152572,0.00922271609123898,0.9989556697125339,0.0,GREEN,0.017878265856972733,0.0,0.22767733524347594,0.23487641491967443
SYNTH_2,12.200000000000001,65.52186829027016,-0.0020706166295593577,0.9915753159522196,0.0,GREEN,0.02808583037191393,0.0,0.19042282141655764,0.1923580368920116
SYNTH_2,12.3,63.73034830747284,-0.013331294489183127,0.9772310556750312,0.0,GREEN,0.04333582097794405,0.03313034669562881,0.18969265759771983,0.19134478334900437
SYNTH_2,12.4,61.87999850346459,-0.02438172987098317,0.9561491064343857,0.0,GREEN,0.0369232306275484,0.062425934483811917,0.19777279606112955,0.19367954937878093
SYNTH_2,12.5,60.000000000000036,-0.03504765080777838,0.9286619431635541,0.0,GREEN,0.05847563677860419,0.04596317047970492,0.20902605949564243,0.19922826218522446
SYNTH_2,12.600000000000001,58.12000149653543,-0.04516084935488343,0.8952030548473519,0.0,GREEN,0.08626303876393579,0.0941830367447452,0.201839989112251,0.23807990910229146
SYNTH_2,12.700000000000001,56.269651692527184,-0.05456183432987795,0.8563001081418984,0.0,GREEN,0.08830534629992955,0.12306329498913902,0.20872070066709272,0.20985665376912707
SYNTH_2,12.8,54.47813170972982,-0.06310234658383035,0.8125666257562312,0.0,GREEN,0.10083619187165396,0.10032375648963635,0.21341794460826596,0.21014061440056936
SYNTH_2,12.9,52.77369488847427,-0.07064769713664107,0.7646923108326894,0.0,GREEN,0.15497964735216346,0.10493909827425091,0.19646164732274457,0.20139465825836114
SYNTH_2,13.0,51.18322121561291,-0.07707889130271836,0.7134321699163462,0.0,GREEN,0.08891224499871196,0.1555977025483827,0.1669521112238761,0.20060651180352923
SYNTH_2,13.100000000000001,49.73179341106969,-0.08229450530825401,0.6595946060507762,0.0,GREEN,0.125776940205939,0.17368114239926813,0.1766460850977862,0.18819749599358207
SYNTH_2,13.200000000000001,48.442301358363146,-0.08621228580472401,0.6040286697791397,0.0,GREEN,0.12453246971141298,0.1622133692846834,0.14221717809766807,0.19556853827264584
SYNTH_2,13.3,47.33508111746977,-0.0887704470533302,0.5476106691099247,0.004778661780150539,GREEN,0.11967994781263241,0.13552859672049655,0.1487869455809286,0.16869741677856384
SYNTH_2,13.4,46.427594213009705,-0.08992864532301072,0.49123034961616346,0.1175393007676732,GREEN,0.1088433863038528,0.11810877570168654,0.10854303614895261,0.12016791405776182
SYNTH_2,13.5,45.734152255572695,-0.0896686151351786,0.4357768626162426,0.22844627476751483,GREEN,0.1225885212112337,0.11476117784477194,0.07847910322697307,0.11922371494946686
SYNTH_2,13.600000000000001,45.26569123906967,-0.08799445732123042,0.382124742726457,0.3357505145470861,GREEN,0.11596190012730817,0.14202412975972115,0.08282935260336931,0.0944816850511728
SYNTH_2,13.700000000000001,45.02959907357592,-0.08493257434998558,0.33112011592769447,0.43775976814461115,GREEN,0.14092868480196283,0.14160139469216657,0.06340095071050743,0.0956773672791265
SYNTH_2,13.8,45.02959907357592,-0.08053125394498085,0.2835673556532571,0.5328652886934859,GREEN,0.1086176853676995,0.13419804498378102,0.1049796279706842,0.0884948107922053
SYNTH_2,13.9,45.26569123906967,-0.07485990755822454,0.24021639733931477,0.6195672053213706,GREEN,0.146137922854163,0.16044526495224448,0.08424331678108712,0.11009267970010277
SYNTH_2,14.0,45.734152255572695,-0.06800797571013387,0.20175091149508562,0.6964981770098289,GREEN,0.15022576367796925,0.1688218278962444,0.11816605890976876,0.11490431095761403
SYNTH_2,14.100000000000001,46.4275942130097,-0.06008351745909893,0.16877752181050065,0.7624449563789988,GREEN,0.17055657795684573,0.18625424591850756,0.0957750165016618,0.11250571128452248
SYNTH_2,14.200000000000001,47.335081117469784,-0.051211506245580164,0.1418162383382332,0.8163675233235337,GREEN,0.18846525935254385,0.15359772397667376,0.08767781630534902,0.13597252485116657
SYNTH_2,14.3,48.44230135836317,-0.041531858986297895,0.12129225662453264,0.8574154867509348,GREEN,0.1982001858375055,0.20574212434929737,0.15717071095691826,0.12303134633547087
SYNTH_2,14.4,49.731793411069674,-0.031197229500871733,0.10752925212145548,0.8849414957570891,GREEN,0.18911558648834206,0.19954910747508628,0.1343672525749835,0.1339242770729066
SYNTH_2,14.5,51.183221215612896,-0.020370601069895262,0.10074427563163563,0.8985114487367288,GREEN,0.19263284907236267,0.19680191811465322,0.15669524127221662,0.13835667094655182
SYNTH_2,14.600000000000001,52.77369488847425,-0.009222716091239308,0.10104433028746607,0.897911339425068,GREEN,0.17704601033889286,0.19348281498411296,0.12283000319548479,0.1057704894767966
SYNTH_2,14.700000000000001,54.47813170972985,0.002070616629559347,0.10842468404778066,0.8831506319044388,GREEN,0.18471900635273542,0.18008944772397822,0.1298264373106306,0.10058348052354382
SYNTH_2,14.8,56.26965169252719,0.013331294489183115,0.12276894432496921,0.8544621113500617,GREEN,0.19170760905347584,0.15648681701444273,0.14157283401341572,0.11901648990420952
SYNTH_2,14.9,58.12000149653544,0.02438172987098316,0.1438508935656148,0.8122982128687705,GREEN,0.19132746401770503,0.16962937777229423,0.1219019886580984,0.10405565355852196
SYNTH_2,15.0,59.999999999999986,0.035047650807778365,0.17133805683644643,0.7573238863271072,GREEN,0.2264207208725538,0.21439643483577903,0.1333333566038732,0.14049588843998267
SYNTH_2,15.100000000000001,61.87999850346454,0.04516084935488314,0.20479694515264768,0.6904061096947047,GREEN,0.2227213812616279,0.2256843164223312,0.17190010635136857,0.1525181636632169
SYNTH_2,15.200000000000001,63.73034830747279,0.05456183432987769,0.24369989185810104,0.612600216283798,GREEN,0.328800478500285,0.2584108874504163,0.19477876107277,0.16415141500801306
SYNTH_2,15.3,65.52186829027018,0.06310234658383035,0.28743337424376886,0.5251332515124624,GREEN,0.3623808651775549,0.28541754520569623,0.2791757033625003,0.19340678413693355
SYNTH_2,15.4,67.22630511152573,0.07064769713664107,0.33530768916731063,0.42938462166537883,GREEN,0.4635034028254704,0.35479150178888386,0.3244798476965174,0.23557473882522295
SYNTH_2,15.5,68.81677878438708,0.07707889130271836,0.3865678300836538,0.3268643398326924,GREEN,0.5178830383387809,0.3993733170629051,0.3768285214756941,0.28723504893842466
SYNTH_2,15.600000000000001,70.26820658893031,0.08229450530825401,0.4404053939492238,0.2191892121015525,GREEN,0.6349704882864605,0.41460668230350417,0.473302865346241,0.33792357431851977
SYNTH_2,15.700000000000001,71.55769864163682,0.08621228580472391,0.49597133022085876,0.10805733955828256,GREEN,0.7092991772236732,0.46524410070666383,0.5822932296452656,0.4142130392290797
SYNTH_2,15.8,72.66491888253023,0.0887704470533302,0.5523893308900752,0.0,GREEN,0.8060293124004554,0.5222312817295716,0.6871412713640482,0.5013343419938994
SYNTH_2,15.9,73.57240578699029,0.08992864532301072,0.6087696503838366,0.0,GREEN,0.8282911144605647,0.5775681763578076,0.7826852414801011,0.5312706730071676
SYNTH_3,0.0,61.0,0.035047650807778545,0.1713380568364466,0.7573238863271069,GREEN,0.20739853447234374,0.20611240728896357,0.13202590867036632,0.1414940115485782
SYNTH_3,0.1,62.87999850346456,0.045160849354883376,0.20479694515264812,0.6904061096947038,GREEN,0.2945676430041819,0.2432200571967599,0.18108004600399832,0.1859054005410678
SYNTH_3,0.2,64.73034830747282,0.05456183432987795,0.24369989185810176,0.6126002162837966,GREEN,0.2954069307851881,0.26079032728435164,0.1906406824269855,0.17230707465683262
SYNTH_3,0.30000000000000004,66.52186829027016,0.06310234658383039,0.2874333742437686,0.5251332515124629,GREEN,0.3772563625785077,0.2914522925523995,0.27534030864650716,0.20378251014067958
SYNTH_3,0.4,68.22630511152573,0.07064769713664115,0.3353076891673107,0.4293846216653788,GREEN,0.43149797827162323,0.3750989376361713,0.3379064251005316,0.26058271124299515
SYNTH_3,0.5,69.8167787843871,0.07707889130271846,0.38656783008365414,0.3268643398326918,GREEN,0.582071852615697,0.38628275027441433,0.4281276672069095,0.29962984738395587
SYNTH_3,0.6000000000000001,71.26820658893033,0.0822945053082541,0.4404053939492244,0.2191892121015513,GREEN,0.6694726865876074,0.47193488199563377,0.4972591846434814,0.34832200636557104
SYNTH_3,0.7000000000000001,72.55769864163683,0.08621228580472401,0.4959713302208597,0.10805733955828063,GREEN,0.7629106846472316,0.49205936071964973,0.6211507719268327,0.4286473418432114
SYNTH_3,0.8,73.66491888253023,0.0887704470533302,0.552389330890075,0.0,GREEN,0.8407540852955041,0.5460737287994857,0.774251565387422,0.5110823995297341
SYNTH_3,0.9,74.57240578699029,0.08992864532301072,0.6087696503838367,0.0,GREEN,0.9013924616945039,0.5827552570624331,0.8082589948457939,0.5583537097901446
SYNTH_3,1.0,75.2658477444273,0.0896686151351786,0.6642231373837577,0.0,GREEN,0.949807726302037,0.5708205220408432,0.8635680601761592,0.6041907490000212
SYNTH_3,1.1,75.73430876093033,0.08799445732123042,0.7178752572735421,0.0,GREEN,0.9236133582777074,0.598012265417902,0.8947637312235975,0.618369447008417
SYNTH_3,1.2000000000000002,75.97040092642408,0.08493257434998559,0.768879884072305,0.0,GREEN,0.8689221909168148,0.5487831748632778,0.8652224353204679,0.6424160540755867
SYNTH_3,1.3,75.97040092642408,0.08053125394498084,0.8164326443467428,0.0,GREEN,0.7964848670831783,0.4708341356403792,0.8017146124017628,0.6034635093462736
SYNTH_3,1.4000000000000001,75.73430876093033,0.07485990755822446,0.8597836026606853,0.0,GREEN,0.6546472796008732,0.44232654180521824,0.7097266712308639,0.5749840319197358
SYNTH_3,1.5,75.2658477444273,0.06800797571013376,0.8982490885049146,0.0,GREEN,0.5358451777182497,0.37851897479066315,0.627943829791925,0.5173859478744514
SYNTH_3,1.6,74.57240578699029,0.06008351745909874,0.9312224781894998,0.0,GREEN,0.40217437136830464,0.29416665426824784,0.576329181453534,0.43630368678888826
SYNTH_3,1.7000000000000002,73.66491888253023,0.05121150624558016,0.9581837616617667,0.0,GREEN,0.32066165175828354,0.23081717825010722,0.464495522623248,0.40045564936078
SYNTH_3,1.8,72.55769864163683,0.04153185898629785,0.9787077433754674,0.0,GREEN,0.2105895983817523,0.14649759671431317,0.387359256822733,0.3306752092223438
SYNTH_3,1.9000000000000001,71.26820658893033,0.031197229500871643,0.9924707478785446,0.0,GREEN,0.10544679154900419,0.0799216370094796,0.29107955920134077,0.287432391653349
SYNTH_3,2.0,69.8167787843871,0.020370601069895092,0.9992557243683645,0.0,GREEN,0.06661187676002875,0.08249280851284911,0.28717865036965823,0.2676160704491904
SYNTH_3,2.1,68.22630511152573,0.009222716091239055,0.9989556697125339,0.0,GREEN,0.028216951117328838,0.03898012130719618,0.21458821635276293,0.21764163055983585
SYNTH_3,2.2,66.52186829027016,-0.002070616629559322,0.9915753159522196,0.0,GREEN,0.009583092575055545,0.01587918326580511,0.2252909426531332,0.20411975350949865
SYNTH_3,2.3000000000000003,64.73034830747284,-0.01333129448918313,0.9772310556750311,0.0,GREEN,0.03317096213919672,0.030280206794565195,0.18335476819581953,0.21040587466318222
SYNTH_3,2.4000000000000004,62.87999850346457,-0.02438172987098325,0.9561491064343853,0.0,GREEN,0.05472309955123206,0.05308109246736096,0.19076788503827272,0.19938544229478683
SYNTH_3,2.5,61.0,-0.035047650807778524,0.9286619431635535,0.0,GREEN,0.05035065665139004,0.08656710484503348,0.2161862663241266,0.2489743328004317
SYNTH_3,2.6,59.12000149653544,-0.045160849354883376,0.895203054847352,0.0,GREEN,0.1096285234863015,0.09942670555096073,0.20961174936551552,0.22834654159584547
SYNTH_3,2.7,57.269651692527184,-0.05456183432987792,0.8563001081418984,0.0,GREEN,0.1247379956843543,0.1270671309337446,0.22906777309730927,0.23885647949647196
SYNTH_3,2.8000000000000003,55.47813170972983,-0.06310234658383038,0.8125666257562315,0.0,GREEN,0.13739044326634536,0.14808492746195648,0.22532063567363023,0.24211114242583937
SYNTH_3,2.9000000000000004,53.77369488847427,-0.07064769713664115,0.7646923108326894,0.0,GREEN,0.12224586986159404,0.16242150179619402,0.22788420763373696,0.214820092765983
SYNTH_3,3.0,52.18322121561291,-0.07707889130271843,0.7134321699163462,0.0,GREEN,0.13549280466994976,0.1613214329983553,0.17191991321950278,0.21568593022409366
SYNTH_3,3.1,50.731793411069674,-0.08229450530825409,0.6595946060507758,0.0,GREEN,0.1477901493117922,0.17927334852683946,0.17184912777447245,0.2064814876045351
SYNTH_3,3.2,49.44230135836316,-0.08621228580472402,0.6040286697791403,0.0,GREEN,0.1480451253863305,0.1748896434790455,0.14128477002503825,0.18249313476582602
SYNTH_3,3.3000000000000003,48.33508111746977,-0.08877044705333022,0.547610669109925,0.004778661780150181,GREEN,0.15229792044653184,0.16474865180362966,0.1415022845070319,0.15906088736057405
SYNTH_3,3.4000000000000004,47.427594213009705,-0.08992864532301073,0.4912303496161632,0.11753930076767366,GREEN,0.1239386140119114,0.13887374571838856,0.14224273420190992,0.1536805326395862
SYNTH_3,3.5,46.734152255572695,-0.0896686151351786,0.4357768626162424,0.22844627476751528,GREEN,0.1134343263964095,0.14856079339680686,0.0769794976022122,0.10224739358762167
SYNTH_3,3.6,46.26569123906967,-0.08799445732123042,0.3821247427264579,0.3357505145470842,GREEN,0.11800058376761524,0.1418598778088844,0.10011898908685567,0.1220492724277221
SYNTH_3,3.7,46.02959907357592,-0.08493257434998557,0.33112011592769497,0.43775976814461015,GREEN,0.11964566558478934,0.15044842371640627,0.10553862772280051,0.0966109941130012
SYNTH_3,3.8000000000000003,46.02959907357592,-0.08053125394498085,0.2835673556532575,0.532865288693485,GREEN,0.11723747091894836,0.14733968645878737,0.09391143821064349,0.11637763497060356
SYNTH_3,3.9000000000000004,46.26569123906967,-0.07485990755822447,0.24021639733931488,0.6195672053213703,GREEN,0.15407521203336164,0.1575962599648704,0.1276236679020694,0.13361337254408126
SYNTH_3,4.0,46.734152255572695,-0.06800797571013373,0.20175091149508545,0.6964981770098292,GREEN,0.1462157223218519,0.18302576220304687,0.12268783165896764,0.143011732689162
SYNTH_3,4.1000000000000005,47.4275942130097,-0.060083517459098776,0.16877752181050054,0.762444956378999,GREEN,0.1892817891234725,0.17244592212434454,0.12540845082295957,0.1536052719615227
SYNTH_3,4.2,48.33508111746978,-0.051211506245580136,0.14181623833823342,0.8163675233235332,GREEN,0.2000684906169951,0.22021767808450657,0.10270165906877565,0.1422429328655266
SYNTH_3,4.3,49.44230135836315,-0.041531858986297854,0.1212922566245328,0.8574154867509345,GREEN,0.18772079846004108,0.1984739779638439,0.09973454221866074,0.13788473332282394
SYNTH_3,4.4,50.73179341106967,-0.03119722950087162,0.10752925212145553,0.884941495757089,GREEN,0.2025577932926956,0.19163503249138802,0.13545074658496445,0.1661919726323768
SYNTH_3,4.5,52.1832212156129,-0.02037060106989506,0.10074427563163563,0.8985114487367288,GREEN,0.1796714421125675,0.18875039963013257,0.14534594833969805,0.13323277355235894
SYNTH_3,4.6000000000000005,53.77369488847426,-0.009222716091239107,0.10104433028746607,0.897911339425068,GREEN,0.17072063729066228,0.1711968308462488,0.13651267615934073,0.1156244002654714
SYNTH_3,4.7,55.47813170972983,0.0020706166295593907,0.10842468404778055,0.883150631904439,GREEN,0.17373384368883912,0.2003010314781261,0.13258518949229953,0.127556966280716
SYNTH_3,4.800000000000001,57.26965169252717,0.01333129448918316,0.12276894432496899,0.8544621113500621,GREEN,0.208862722649242,0.1726011756595689,0.12531142651577085,0.12513251962831132
SYNTH_3,4.9,59.12000149653543,0.02438172987098328,0.1438508935656147,0.8122982128687707,GREEN,0.17784191424732274,0.20016104416788735,0.12064719699116058,0.1342887723872968
SYNTH_3,5.0,60.99999999999999,0.03504765080777855,0.17133805683644654,0.757323886327107,GREEN,0.20363666101675001,0.21962558473012844,0.1389741245971412,0.16154262034096406
SYNTH_3,5.1000000000000005,62.87999850346456,0.04516084935488339,0.20479694515264807,0.690406109694704,GREEN,0.26957622720427166,0.21001287858031042,0.17330893653060506,0.14798139746451627
SYNTH_3,5.2,64.73034830747282,0.05456183432987798,0.24369989185810176,0.6126002162837966,GREEN,0.3068598281724253,0.26447623399891323,0.1829013492575018,0.1807684491877204
SYNTH_3,5.300000000000001,66.52186829027016,0.06310234658383043,0.2874333742437687,0.5251332515124627,GREEN,0.37381512198404915,0.30783293548678753,0.2851129630849936,0.2059111843834105
SYNTH_3,5.4,68.22630511152572,0.07064769713664114,0.33530768916731046,0.42938462166537916,GREEN,0.4832740463067725,0.3602923168382123,0.3528710133953161,0.24699882445592228
SYNTH_3,5.5,69.8167787843871,0.07707889130271847,0.38656783008365403,0.32686433983269203,GREEN,0.5268129690489951,0.4069840005862026,0.39341972580727275,0.32725460746039736
SYNTH_3,5.6000000000000005,71.26820658893033,0.08229450530825412,0.4404053939492244,0.2191892121015513,GREEN,0.6902627512562864,0.4782870374301966,0.4991497198684146,0.33497921097311023
SYNTH_3,5.7,72.55769864163683,0.086212285804724,0.4959713302208594,0.10805733955828134,GREEN,0.7717533652401958,0.48622382368189143,0.6405192447570826,0.43462267029314816
SYNTH_3,5.800000000000001,73.66491888253023,0.08877044705333022,0.552389330890075,0.0,GREEN,0.8461654795623791,0.5447461793804669,0.749388639739158,0.5180002101507803
SYNTH_3,5.9,74.57240578699029,0.08992864532301072,0.6087696503838365,0.0,GREEN,0.9047698501171801,0.5877032705448934,0.8043126030005278,0.5857106474323502
SYNTH_3,6.0,75.2658477444273,0.0896686151351786,0.6642231373837573,0.0,GREEN,0.9378400250905318,0.5674637069432481,0.8757952014911882,0.6124275169204273
SYNTH_3,6.1000000000000005,75.73430876093033,0.08799445732123044,0.7178752572735421,0.0,GREEN,0.9045645394348996,0.5890222153286417,0.8876780195611647,0.6372622350163866
SYNTH_3,6.2,75.97040092642408,0.08493257434998562,0.7688798840723048,0.0,GREEN,0.8569979406602496,0.5242957845834902,0.8584044045328971,0.6104341783477948
SYNTH_3,6.300000000000001,75.97040092642408,0.08053125394498085,0.8164326443467429,0.0,GREEN,0.7552950143476931,0.4972705848387805,0.8186841144597927,0.5891819631285619
SYNTH_3,6.4,75.73430876093033,0.07485990755822443,0.8597836026606855,0.0,GREEN,0.6523355970628599,0.4750629464433064,0.750447215594622,0.5647384457101424
SYNTH_3,6.5,75.2658477444273,0.06800797571013374,0.8982490885049146,0.0,GREEN,0.5606766793320545,0.3669189441617707,0.6245941722332012,0.5495793653004776
SYNTH_3,6.6000000000000005,74.57240578699029,0.06008351745909866,0.9312224781895,0.0,GREEN,0.41164757967195326,0.3083227522102598,0.5610439692570818,0.45118127142138637
SYNTH_3,6.7,73.66491888253023,0.05121150624558014,0.9581837616617666,0.0,GREEN,0.2979632275453064,0.25496118243042093,0.4807717028609679,0.39536424298363804
SYNTH_3,6.800000000000001,72.55769864163683,0.04153185898629772,0.9787077433754675,0.0,GREEN,0.19070904876515787,0.15121595800117907,0.3997211078470323,0.35434995383391854
SYNTH_3,6.9,71.26820658893033,0.031197229500871552,0.9924707478785446,0.0,GREEN,0.12387088881568964,0.09274407264174084,0.35102736421103264,0.28800301434105746
SYNTH_3,7.0,69.8167787843871,0.020370601069895074,0.9992557243683644,0.0,GREEN,0.04516102854450866,0.04601899597520717,0.2521754294214985,0.2567799233548673
SYNTH_3,7.1000000000000005,68.22630511152572,0.009222716091238958,0.9989556697125339,0.0,GREEN,0.027570608928802746,0.030057262852432973,0.20799665551091576,0.23882971784073742
SYNTH_3,7.2,66.52186829027016,-0.00207061662955938,0.9915753159522196,0.0,GREEN,0.020728468967573105,0.0,0.17753906414980136,0.18520844002892065
SYNTH_3,7.300000000000001,64.73034830747284,-0.013331294489183148,0.9772310556750311,0.0,GREEN,0.04569185406820744,0.04450453149150446,0.20300618359838785,0.20276454662610582
SYNTH_3,7.4,62.879998503464556,-0.024381729870983342,0.9561491064343852,0.0,GREEN,0.030699168515483502,0.04155184133042023,0.218828532775824,0.24491840874331558
SYNTH_3,7.5,61.00000000000001,-0.03504765080777854,0.9286619431635537,0.0,GREEN,0.06945339906957294,0.05343725777032815,0.20595534759339115,0.21673884904281032
SYNTH_3,7.6000000000000005,59.12000149653545,-0.04516084935488331,0.8952030548473522,0.0,GREEN,0.06924448807492148,0.10613109772092977,0.22586318129406122,0.23378534355015843
SYNTH_3,7.7,57.26965169252718,-0.05456183432987797,0.8563001081418984,0.0,GREEN,0.12920573072044553,0.11528083249784339,0.2006851950575589,0.217497070169537
SYNTH_3,7.800000000000001,55.478131709729844,-0.06310234658383036,0.8125666257562318,0.0,GREEN,0.12945007249531817,0.13470680843391075,0.2158644047141992,0.25520905039298647
SYNTH_3,7.9,53.77369488847427,-0.07064769713664118,0.7646923108326893,0.0,GREEN,0.11765556286535787,0.16988530442551303,0.22281714256212254,0.20190125037371642
SYNTH_3,8.0,52.18322121561291,-0.07707889130271847,0.7134321699163461,0.0,GREEN,0.13478995545263847,0.14353070970853835,0.21662201265263822,0.20150961565922823
SYNTH_3,8.1,50.73179341106968,-0.08229450530825408,0.6595946060507761,0.0,GREEN,0.1178462738944784,0.15343904089341914,0.16574479260470612,0.20863844322611214
SYNTH_3,8.200000000000001,49.44230135836318,-0.08621228580472397,0.6040286697791412,0.0,GREEN,0.12469619236663965,0.15254687497902208,0.12823787194868214,0.23149688341918503
SYNTH_3,8.3,48.33508111746977,-0.08877044705333023,0.5476106691099246,0.00477866178015076,GREEN,0.10472674981025422,0.193674898183405,0.15012987683079212,0.13063102319752018
SYNTH_3,8.4,47.427594213009705,-0.08992864532301072,0.4912303496161633,0.11753930076767344,GREEN,0.12820360720978144,0.1476656196541721,0.1489455057433545,0.13074481233621366
SYNTH_3,8.5,46.734152255572695,-0.0896686151351786,0.4357768626162425,0.22844627476751508,GREEN,0.11142167943402118,0.12594359725677406,0.07291194027820999,0.11985840629020555
SYNTH_3,8.6,46.265691239069675,-0.08799445732123044,0.3821247427264584,0.33575051454708327,GREEN,0.1268963839266449,0.14358344821318644,0.12101214686055789,0.10378077352753184
SYNTH_3,8.700000000000001,46.02959907357593,-0.08493257434998563,0.33112011592769575,0.4377597681446086,GREEN,0.12070176076938566,0.16888966058861085,0.10657680735742792,0.11357792738057786
SYNTH_3,8.8,46.02959907357592,-0.08053125394498085,0.28356735565325764,0.5328652886934848,GREEN,0.16262555542544155,0.12946295201751692,0.08838745075802529,0.1010420416938585
SYNTH_3,8.9,46.26569123906967,-0.07485990755822444,0.24021639733931466,0.6195672053213708,GREEN,0.15567251515375016,0.18308179247751102,0.11015996367718947,0.10085587310076825
SYNTH_3,9.0,46.734152255572695,-0.06800797571013376,0.20175091149508556,0.696498177009829,YELLOW,0.18479259711427287,0.19946540235415416,0.09900972143497022,0.11395516875847371
SYNTH_3,9.1,47.4275942130097,-0.06008351745909879,0.1687775218105006,0.7624449563789989,YELLOW,0.17807704116227663,0.19068167656838908,0.14215878370392182,0.12255558279893382
SYNTH_3,9.200000000000001,48.335081117469755,-0.05121150624558029,0.14181623833823387,0.8163675233235324,YELLOW,0.21280111037734045,0.19012650658051108,0.13288986858255383,0.13802991535064316
SYNTH_3,9.3,49.44230135836315,-0.041531858986297875,0.12129225662453286,0.8574154867509344,YELLOW,0.21317819853304676,0.19026378436267297,0.1503530383635509,0.1480920695933181
SYNTH_3,9.4,50.731793411069674,-0.031197229500871563,0.10752925212145548,0.8849414957570891,YELLOW,0.20920200364725394,0.20892428564074886,0.12737307434291772,0.13402262160385278
SYNTH_3,9.5,52.183221215612896,-0.02037060106989508,0.10074427563163563,0.8985114487367288,YELLOW,0.19199198943778287,0.17222813426621808,0.15054486007427945,0.1406728455299806
SYNTH_3,9.600000000000001,53.77369488847425,-0.009222716091239128,0.10104433028746607,0.897911339425068,YELLOW,0.17213037008138252,0.1727173644281887,0.13213095615155906,0.13580296689772606
SYNTH_3,9.700000000000001,55.47813170972983,0.002070616629559369,0.1084246840477805,0.8831506319044391,YELLOW,0.18716424449618796,0.16664584254753,0.1079211701430286,0.11903481498424812
SYNTH_3,9.8,57.26965169252716,0.013331294489183137,0.12276894432496893,0.8544621113500622,YELLOW,0.18506602443663148,0.1630271183676371,0.12809093655109616,0.13082316115128975
SYNTH_3,9.9,59.12000149653544,0.024381729870983332,0.1438508935656148,0.8122982128687705,YELLOW,0.19509350764306044,0.1667061699434003,0.12747197894032064,0.1758332850618611
SYNTH_3,10.0,60.99999999999999,0.03504765080777853,0.17133805683644648,0.7573238863271071,GREEN,0.2245403918098897,0.22715288179500248,0.14186850856412966,0.12393146001826132
SYNTH_3,10.100000000000001,62.87999850346455,0.045160849354883306,0.2047969451526478,0.6904061096947045,GREEN,0.26220746250261473,0.23887496617444717,0.1810920170180263,0.15115617462810557
SYNTH_3,10.200000000000001,64.73034830747282,0.05456183432987796,0.2436998918581017,0.6126002162837967,GREEN,0.29562813914255814,0.2550440646413117,0.205297674585458,0.1842106536981054
SYNTH_3,10.3,66.52186829027016,0.06310234658383036,0.28743337424376825,0.5251332515124636,GREEN,0.39594951541005474,0.3162235319817533,0.2836981539346407,0.19882956956874664
SYNTH_3,10.4,68.22630511152573,0.07064769713664118,0.33530768916731074,0.4293846216653786,GREEN,0.4552061447473718,0.3588495000627924,0.32977363704747914,0.281244400957935
SYNTH_3,10.5,69.81677878438708,0.07707889130271846,0.3865678300836539,0.3268643398326922,GREEN,0.5554257828589669,0.3622785508491905,0.4425194828095258,0.3145877795016956
SYNTH_3,10.600000000000001,71.26820658893034,0.08229450530825415,0.4404053939492247,0.21918921210155073,GREEN,0.674789276341032,0.430406686420077,0.5272501215402927,0.3606115708925141
SYNTH_3,10.700000000000001,72.55769864163683,0.08621228580472402,0.49597133022085965,0.10805733955828077,GREEN,0.7318385126495043,0.5019676281653226,0.6212444488054348,0.46319986062087204
SYNTH_3,10.8,73.66491888253022,0.0887704470533302,0.5523893308900746,0.0,GREEN,0.8338296196585888,0.5468300476453305,0.7321829832985702,0.5261799456846963
SYNTH_3,10.9,74.57240578699029,0.08992864532301072,0.6087696503838359,0.0,GREEN,0.9274092416466458,0.5529893622823785,0.8234123019125527,0.5464279372701435
SYNTH_3,11.0,75.2658477444273,0.0896686151351786,0.6642231373837575,0.0,GREEN,0.9186959956258878,0.5823354904632122,0.8730795219960308,0.5750695436642063
SYNTH_3,11.100000000000001,75.73430876093033,0.08799445732123042,0.7178752572735424,0.0,GREEN,0.9099851176341175,0.5980995092308896,0.8922228451249714,0.6037211126945423
SYNTH_3,11.200000000000001,75.97040092642408,0.08493257434998558,0.768879884072305,0.0,GREEN,0.8498315656777863,0.5662534188527428,0.8573813554291292,0.6252824356546239
SYNTH_3,11.3,75.97040092642408,0.08053125394498085,0.8164326443467425,0.0,GREEN,0.7752247629884614,0.5090880620457731,0.8129727343307961,0.5946856198741393
SYNTH_3,11.4,75.73430876093033,0.07485990755822453,0.8597836026606848,0.0,GREEN,0.6301148539644703,0.45538206698868555,0.7501672411775129,0.5401424131823522
SYNTH_3,11.5,75.2658477444273,0.06800797571013364,0.898249088504915,0.0,GREEN,0.5547738954973338,0.36639673189842653,0.6621365771842265,0.518989676041137
SYNTH_3,11.600000000000001,74.57240578699029,0.06008351745909868,0.9312224781895,0.0,GREEN,0.39917027009850015,0.32878259819066424,0.5659529668037214,0.4533897098000058
SYNTH_3,11.700000000000001,73.66491888253023,0.05121150624558016,0.9581837616617666,0.0,GREEN,0.2813213305536386,0.2228530859541703,0.47444896395515446,0.379586550152471
SYNTH_3,11.8,72.55769864163685,0.04153185898629789,0.9787077433754672,0.0,GREEN,0.2032553915331839,0.14793652740298804,0.3850639416862597,0.3308434367327288
SYNTH_3,11.9,71.26820658893035,0.031197229500871723,0.9924707478785445,0.0,GREEN,0.11377452433124803,0.1061425561301986,0.30322072864761596,0.2752406650530376
SYNTH_3,12.0,69.81677878438713,0.02037060106989525,0.9992557243683644,0.0,GREEN,0.03714779812017045,0.05550288098905411,0.25073890196215076,0.2566605739970457
SYNTH_3,12.100000000000001,68.22630511152572,0.00922271609123898,0.9989556697125339,0.0,GREEN,0.00047074561551221916,0.0,0.19068776870549597,0.23690065517567616
SYNTH_3,12.200000000000001,66.52186829027016,-0.0020706166295593577,0.9915753159522196,0.0,GREEN,0.022370525120323028,0.0,0.19995121982706837,0.2016582205434805
SYNTH_3,12.3,64.73034830747284,-0.013331294489183127,0.9772310556750312,0.0,GREEN,0.0311461721826548,0.013007382722007639,0.21329841851954098,0.22683487194846763
SYNTH_3,12.4,62.87999850346459,-0.02438172987098317,0.9561491064343857,0.0,GREEN,0.059366439692064885,0.07217499450872682,0.19413853807955372,0.22143721937985542
SYNTH_3,12.5,61.000000000000036,-0.03504765080777838,0.9286619431635541,0.0,GREEN,0.09121240955429158,0.07536369488857339,0.2325856158853192,0.21254678435753663
SYNTH_3,12.600000000000001,59.12000149653543,-0.04516084935488343,0.8952030548473519,0.0,GREEN,0.09487318823397098,0.10890780195130016,0.2153408453596079,0.22138518663315526
SYNTH_3,12.700000000000001,57.269651692527184,-0.05456183432987795,0.8563001081418984,0.0,GREEN,0.11330063347434721,0.12581922125285963,0.216727490521322,0.23034206187504225
SYNTH_3,12.8,55.47813170972982,-0.06310234658383035,0.8125666257562312,0.0,GREEN,0.1250971183558052,0.1473783098882372,0.20884312821127526,0.2583832693954172
SYNTH_3,12.9,53.77369488847427,-0.07064769713664107,0.7646923108326894,0.0,GREEN,0.10965488712125906,0.16731821370598754,0.18985731127083894,0.22736518562630895
SYNTH_3,13.0,52.18322121561291,-0.07707889130271836,0.7134321699163462,0.0,GREEN,0.16071259917075173,0.1453514966830163,0.20085868826913925,0.1924186937735935
SYNTH_3,13.100000000000001,50.73179341106969,-0.08229450530825401,0.6595946060507762,0.0,GREEN,0.12847335881902405,0.17529154977296788,0.18515767926004167,0.2156642210823726
SYNTH_3,13.200000000000001,49.442301358363146,-0.08621228580472401,0.6040286697791397,0.0,GREEN,0.1356988434163006,0.18134016030614225,0.13595334893535393,0.18179498635342042
SYNTH_3,13.3,48.33508111746977,-0.0887704470533302,0.5476106691099247,0.004778661780150539,GREEN,0.12419518703143126,0.1557962853362271,0.1424499434574154,0.1660554623435465
SYNTH_3,13.4,47.427594213009705,-0.08992864532301072,0.49123034961616346,0.1175393007676732,GREEN,0.14299745046429288,0.17789944550481834,0.09821462755365287,0.1584134673523148
SYNTH_3,13.5,46.734152255572695,-0.0896686151351786,0.4357768626162426,0.22844627476751483,GREEN,0.1474050069188974,0.16387515639006203,0.09934741380801813,0.13727308910540054
SYNTH_3,13.600000000000001,46.26569123906967,-0.08799445732123042,0.382124742726457,0.3357505145470861,GREEN,0.10568168717612554,0.12916080459727025,0.10498231692667215,0.10753346890161465
SYNTH_3,13.700000000000001,46.02959907357592,-0.08493257434998558,0.33112011592769447,0.43775976814461115,GREEN,0.1592922062449797,0.1519900970920975,0.11473938355402971,0.10797299948897456
SYNTH_3,13.8,46.02959907357592,-0.08053125394498085,0.2835673556532571,0.5328652886934859,GREEN,0.1463273724848781,0.15090147058295486,0.10199999615694716,0.1129073668445611
SYNTH_3,13.9,46.26569123906967,-0.07485990755822454,0.24021639733931477,0.6195672053213706,GREEN,0.14732805281271485,0.16051583582839324,0.08338445682479023,0.09675653348626176
SYNTH_3,14.0,46.734152255572695,-0.06800797571013387,0.20175091149508562,0.6964981770098289,GREEN,0.17628819626722295,0.16813598609454927,0.1022286915507737,0.12556515789059625
SYNTH_3,14.100000000000001,47.4275942130097,-0.06008351745909893,0.16877752181050065,0.7624449563789988,GREEN,0.1916513682968377,0.19306761210116957,0.12128114214735197,0.11749426190978256
SYNTH_3,14.200000000000001,48.335081117469784,-0.051211506245580164,0.1418162383382332,0.8163675233235337,GREEN,0.19002499752975524,0.21128332530650978,0.15220656487042775,0.1377422947733204
SYNTH_3,14.3,49.44230135836317,-0.041531858986297895,0.12129225662453264,0.8574154867509348,GREEN,0.2082910526521754,0.2033856704008853,0.12394497251483341,0.15083414431922554
SYNTH_3,14.4,50.731793411069674,-0.031197229500871733,0.10752925212145548,0.8849414957570891,GREEN,0.19390492163655504,0.2194936138642026,0.1458656266119811,0.1671631719677914
SYNTH_3,14.5,52.183221215612896,-0.020370601069895262,0.10074427563163563,0.8985114487367288,GREEN,0.19239527764703027,0.19222918284709453,0.15321520560192012,0.12925710435935742
SYNTH_3,14.600000000000001,53.77369488847425,-0.009222716091239308,0.10104433028746607,0.897911339425068,GREEN,0.17959564071520376,0.17450283410288647,0.13380731111070182,0.12340230067014457
SYNTH_3,14.700000000000001,55.47813170972985,0.002070616629559347,0.10842468404778066,0.8831506319044388,GREEN,0.15724302303202534,0.17792049769361945,0.1261436211549801,0.11241937180912127
SYNTH_3,14.8,57.26965169252719,0.013331294489183115,0.12276894432496921,0.8544621113500617,GREEN,0.20016543193295705,0.21465227238266013,0.12590575286695965,0.11237100687943001
SYNTH_3,14.9,59.12000149653544,0.02438172987098316,0.1438508935656148,0.8122982128687705,GREEN,0.21184741386625688,0.17874744559859693,0.1430665169832176,0.1319337372158987
SYNTH_3,15.0,60.999999999999986,0.035047650807778365,0.17133805683644643,0.7573238863271072,GREEN,0.20545544167790222,0.19599734099610455,0.17187088662265362,0.1345446202705941
SYNTH_3,15.100000000000001,62.87999850346454,0.04516084935488314,0.20479694515264768,0.6904061096947047,GREEN,0.2663385057926174,0.24720174411026558,0.1747707758787653,0.15093534226058336
SYNTH_3,15.200000000000001,64.73034830747278,0.05456183432987769,0.24369989185810104,0.612600216283798,GREEN,0.29544859627552633,0.25671044158824413,0.19559986036501797,0.16517846204597889
SYNTH_3,15.3,66.52186829027018,0.06310234658383035,0.28743337424376886,0.5251332515124624,GREEN,0.3778272149660701,0.3132311535697368,0.2407058638225076,0.23330812678403995
SYNTH_3,15.4,68.22630511152573,0.07064769713664107,0.33530768916731063,0.42938462166537883,GREEN,0.4841069421585241,0.35200359945098497,0.30588022594150105,0.25524271782558267
SYNTH_3,15.5,69.81677878438708,0.07707889130271836,0.3865678300836538,0.3268643398326924,GREEN,0.5435013319177638,0.419629101612183,0.41767609634197156,0.29949378513909913
SYNTH_3,15.600000000000001,71.26820658893031,0.08229450530825401,0.4404053939492238,0.2191892121015525,GREEN,0.6440476171882294,0.4650727011970524,0.5110093880024568,0.3737241225915293
SYNTH_3,15.700000000000001,72.55769864163682,0.08621228580472391,0.49597133022085876,0.10805733955828256,GREEN,0.7566863207014313,0.5295189785971776,0.6287763612440704,0.4450761975754518
SYNTH_3,15.8,73.66491888253023,0.0887704470533302,0.5523893308900752,0.0,GREEN,0.8573239841512904,0.5450744690113788,0.729291024064732,0.5257838135740337
SYNTH_3,15.9,74.57240578699029,0.08992864532301072,0.6087696503838366,0.0,GREEN,0.9000133583628311,0.5998307921279457,0.8347540244842646,0.5678008565512643
SYNTH_4,0.0,62.0,0.035047650807778545,0.1713380568364466,0.7573238863271069,GREEN,0.22841970386618635,0.21065801087928265,0.1544909053696863,0.14314898200711243
SYNTH_4,0.1,63.87999850346456,0.045160849354883376,0.20479694515264812,0.6904061096947038,GREEN,0.24413740897890618,0.23787592102773558,0.16827331699461315,0.14286259687687194
SYNTH_4,0.2,65.73034830747282,0.05456183432987795,0.24369989185810176,0.6126002162837966,GREEN,0.3322625555665661,0.2687147588777123,0.22855476089426557,0.1553354413025951
SYNTH_4,0.30000000000000004,67.52186829027016,0.06310234658383039,0.2874333742437686,0.5251332515124629,GREEN,0.40964500391595804,0.32375239155957736,0.26635024432296195,0.2246504556388343
SYNTH_4,0.4,69.22630511152573,0.07064769713664115,0.3353076891673107,0.4293846216653788,GREEN,0.48708118406932005,0.35970862021984146,0.34619709753495476,0.26284657199193173
SYNTH_4,0.5,70.8167787843871,0.07707889130271846,0.38656783008365414,0.3268643398326918,GREEN,0.5844304272090445,0.4201439803627137,0.42342151031499203,0.29854851182833314
SYNTH_4,0.6000000000000001,72.26820658893033,0.0822945053082541,0.4404053939492244,0.2191892121015513,GREEN,0.6975271858436114,0.487347875028165,0.524256696727199,0.3715348625852164
SYNTH_4,0.7000000000000001,73.55769864163683,0.08621228580472401,0.4959713302208597,0.10805733955828063,GREEN,0.8131090086219824,0.5214045438155434,0.6681905948571352,0.4677666219913026
SYNTH_4,0.8,74.66491888253023,0.0887704470533302,0.552389330890075,0.0,GREEN,0.8820834487471528,0.5740449488094634,0.7945362439841425,0.5404924888924498
SYNTH_4,0.9,75.57240578699029,0.08992864532301072,0.6087696503838367,0.0,GREEN,0.9393906733706381,0.6035393558082579,0.8719062336753238,0.5919574454737502
SYNTH_4,1.0,76.2658477444273,0.0896686151351786,0.6642231373837577,0.0,GREEN,0.9851411550021316,0.6276807188415239,0.9219275159683552,0.6073111813018899
SYNTH_4,1.1,76.73430876093033,0.08799445732123042,0.7178752572735421,0.0,GREEN,0.9724554427388916,0.5965073326872583,0.9192316230971096,0.673976565556509
SYNTH_4,1.2000000000000002,76.97040092642408,0.08493257434998559,0.768879884072305,0.0,GREEN,0.8931126266929411,0.5636410069879407,0.9078530556594552,0.6462784453203685
SYNTH_4,1.3,76.97040092642408,0.08053125394498084,0.8164326443467428,0.0,GREEN,0.821795665055879,0.5040232549763602,0.8523198037322431,0.6457072127505906
SYNTH_4,1.4000000000000001,76.73430876093033,0.07485990755822446,0.8597836026606853,0.0,GREEN,0.6913060911147546,0.43716522025557825,0.7712805813139652,0.5699551252008498
SYNTH_4,1.5,76.2658477444273,0.06800797571013376,0.8982490885049146,0.0,GREEN,0.5991277392942784,0.39574775696737646,0.6686332162566102,0.5252655714638911
SYNTH_4,1.6,75.57240578699029,0.06008351745909874,0.9312224781894998,0.0,GREEN,0.42998455266993474,0.3176028398753828,0.5514648079574058,0.4570155021882799
SYNTH_4,1.7000000000000002,74.66491888253023,0.05121150624558016,0.9581837616617667,0.0,GREEN,0.29413001679562406,0.22905437869509998,0.4919194440091155,0.43862449202689485
SYNTH_4,1.8,73.55769864163683,0.04153185898629785,0.9787077433754674,0.0,GREEN,0.21647706440451825,0.13927457538168853,0.3597400567546346,0.35650479901679044
SYNTH_4,1.9000000000000001,72.26820658893033,0.031197229500871643,0.9924707478785446,0.0,GREEN,0.12451722670436961,0.11051036234672446,0.30873105767991293,0.31182879327582874
SYNTH_4,2.0,70.8167787843871,0.020370601069895092,0.9992557243683645,0.0,GREEN,0.0636823310181108,0.041798342543919224,0.2656982562883017,0.20545045223198816
SYNTH_4,2.1,69.22630511152573,0.009222716091239055,0.9989556697125339,0.0,GREEN,0.013267103217037238,0.01811778906882994,0.22388305508654047,0.22967432494701345
SYNTH_4,2.2,67.52186829027016,-0.002070616629559322,0.9915753159522196,0.0,GREEN,0.0,0.0,0.18452224678148166,0.19108351551968392
SYNTH_4,2.3000000000000003,65.73034830747284,-0.01333129448918313,0.9772310556750311,0.0,GREEN,0.030594783734773884,0.0,0.1965964554630763,0.20544269242476992
SYNTH_4,2.4000000000000004,63.87999850346457,-0.02438172987098325,0.9561491064343853,0.0,GREEN,0.05337745317566217,0.054601308392836785,0.2100264223593282,0.2288167748586008
SYNTH_4,2.5,62.0,-0.035047650807778524,0.9286619431635535,0.0,GREEN,0.06879775010434626,0.07334667903613278,0.22496500433503705,0.2305232429755732
SYNTH_4,2.6,60.12000149653544,-0.045160849354883376,0.895203054847352,0.0,GREEN,0.08809976378698053,0.130688242966018,0.2084583337909863,0.2506601819474481
SYNTH_4,2.7,58.269651692527184,-0.05456183432987792,0.8563001081418984,0.0,GREEN,0.14368882278919093,0.15781867183212328,0.22927377210853606,0.23894302083097016
SYNTH_4,2.8000000000000003,56.47813170972983,-0.06310234658383038,0.8125666257562315,0.0,GREEN,0.13999665146707624,0.1567272037002865,0.2019139517345999,0.2281240550627253
SYNTH_4,2.9000000000000004,54.77369488847427,-0.07064769713664115,0.7646923108326894,0.0,GREEN,0.1326047806123652,0.20708010238029978,0.2064993703317939,0.2235364523513892
SYNTH_4,3.0,53.18322121561291,-0.07707889130271843,0.7134321699163462,0.0,GREEN,0.15447626938179368,0.1592239029153864,0.21625039734155388,0.226546167469739
SYNTH_4,3.1,51.731793411069674,-0.08229450530825409,0.6595946060507758,0.0,GREEN,0.14579011147252624,0.1720892516055173,0.19651800304039754,0.20381066199508963
SYNTH_4,3.2,50.44230135836316,-0.08621228580472402,0.6040286697791403,0.0,GREEN,0.15418007199197728,0.16229754744495203,0.17305666360008023,0.19794746799767812
SYNTH_4,3.3000000000000003,49.33508111746977,-0.08877044705333022,0.547610669109925,0.004778661780150181,GREEN,0.14147735016879537,0.16842143534188703,0.1505090832758048,0.19248348829659384
SYNTH_4,3.4000000000000004,48.427594213009705,-0.08992864532301073,0.4912303496161632,0.11753930076767366,GREEN,0.14602491853656666,0.1459834607010828,0.12149439535812652,0.13232132543612768
SYNTH_4,3.5,47.734152255572695,-0.0896686151351786,0.4357768626162424,0.22844627476751528,GREEN,0.154198610438291,0.16708154797009805,0.11231275598348543,0.11887887387415694
SYNTH_4,3.6,47.26569123906967,-0.08799445732123042,0.3821247427264579,0.3357505145470842,GREEN,0.10926985918692508,0.1813997942966769,0.11130188314108384,0.13436482379286535
SYNTH_4,3.7,47.02959907357592,-0.08493257434998557,0.33112011592769497,0.43775976814461015,GREEN,0.14292773323062238,0.15316271973079115,0.07756435458429328,0.08312356267150484
SYNTH_4,3.8000000000000003,47.02959907357592,-0.08053125394498085,0.2835673556532575,0.532865288693485,GREEN,0.1280730884626601,0.1679643116162962,0.1181212799709363,0.1254123879251757
SYNTH_4,3.9000000000000004,47.26569123906967,-0.07485990755822447,0.24021639733931488,0.6195672053213703,GREEN,0.17372321521077452,0.20097217480284313,0.10007344601658089,0.10522492648991975
SYNTH_4,4.0,47.734152255572695,-0.06800797571013373,0.20175091149508545,0.6964981770098292,GREEN,0.16165270831671893,0.20264558557905707,0.11395222218464765,0.11710927174934516
SYNTH_4,4.1000000000000005,48.4275942130097,-0.060083517459098776,0.16877752181050054,0.762444956378999,GREEN,0.19783637691776987,0.19415022697692802,0.11172294256500587,0.16496699222705286
SYNTH_4,4.2,49.33508111746978,-0.051211506245580136,0.14181623833823342,0.8163675233235332,GREEN,0.18283068027849772,0.2229468088574275,0.13933686565994177,0.1467051176220145
SYNTH_4,4.3,50.44230135836315,-0.041531858986297854,0.1212922566245328,0.8574154867509345,GREEN,0.1997482070949262,0.21005380082326955,0.13021182982389676,0.15530719029779308
SYNTH_4,4.4,51.73179341106967,-0.03119722950087162,0.10752925212145553,0.884941495757089,GREEN,0.19496721283197768,0.19523083297695495,0.13144102890456574,0.1460576607078202
SYNTH_4,4.5,53.1832212156129,-0.02037060106989506,0.10074427563163563,0.8985114487367288,GREEN,0.18487558867267426,0.1879668950848791,0.14700201564930712,0.13906796113838232
SYNTH_4,4.6000000000000005,54.77369488847426,-0.009222716091239107,0.10104433028746607,0.897911339425068,GREEN,0.18834889332226806,0.18982862067031794,0.12823757587906748,0.14425508691085395
SYNTH_4,4.7,56.47813170972983,0.0020706166295593907,0.10842468404778055,0.883150631904439,GREEN,0.16315955341221752,0.1703212016634257,0.11618948897935578,0.11305407462385761
SYNTH_4,4.800000000000001,58.26965169252717,0.01333129448918316,0.12276894432496899,0.8544621113500621,GREEN,0.2171014982732261,0.20874390972385862,0.10988562292973497,0.13270986036372154
SYNTH_4,4.9,60.12000149653543,0.02438172987098328,0.1438508935656147,0.8122982128687707,GREEN,0.19585014001994536,0.18796474032412422,0.1307782149276202,0.1552429451372065
SYNTH_4,5.0,61.99999999999999,0.03504765080777855,0.17133805683644654,0.757323886327107,GREEN,0.20837326156536137,0.20952690420235845,0.1684435238996108,0.14716692620823413
SYNTH_4,5.1000000000000005,63.87999850346456,0.04516084935488339,0.20479694515264807,0.690406109694704,GREEN,0.2715400260776184,0.2502742676065686,0.19736924682078466,0.17852138016617328
SYNTH_4,5.2,65.73034830747282,0.05456183432987798,0.24369989185810176,0.6126002162837966,GREEN,0.3315942852331542,0.274526029499541,0.18827381056815407,0.18384525770902393
SYNTH_4,5.300000000000001,67.52186829027016,0.06310234658383043,0.2874333742437687,0.5251332515124627,GREEN,0.3688231156694199,0.3374135038334125,0.27410837738607596,0.22989280219175195
SYNTH_4,5.4,69.22630511152572,0.07064769713664114,0.33530768916731046,0.42938462166537916,GREEN,0.48048216811878813,0.3932239444707783,0.3316981350581511,0.28618428407987095
SYNTH_4,5.5,70.8167787843871,0.07707889130271847,0.38656783008365403,0.32686433983269203,GREEN,0.5702288445392487,0.41855345743042155,0.4368406622968978,0.3180850865391383
SYNTH_4,5.6000000000000005,72.26820658893033,0.08229450530825412,0.4404053939492244,0.2191892121015513,GREEN,0.7302440192859918,0.48125446915835074,0.5427770264699202,0.37037222518569657
SYNTH_4,5.7,73.55769864163683,0.086212285804724,0.4959713302208594,0.10805733955828134,GREEN,0.8087305426863265,0.52570612249721,0.6375144338051942,0.463585164182023
SYNTH_4,5.800000000000001,74.66491888253023,0.08877044705333022,0.552389330890075,0.0,GREEN,0.8800996351388796,0.553043384868349,0.7917054060957215,0.5422133955974896
SYNTH_4,5.9,75.57240578699029,0.08992864532301072,0.6087696503838365,0.0,GREEN,0.9464195861269243,0.5755389879518952,0.8593843093316945,0.6101531797598059
SYNTH_4,6.0,76.2658477444273,0.0896686151351786,0.6642231373837573,0.0,GREEN,0.9998402442282944,0.5876022627454042,0.9099095612068255,0.627810965701762
SYNTH_4,6.1000000000000005,76.73430876093033,0.08799445732123044,0.7178752572735421,0.0,GREEN,0.9777474757282236,0.6082058287013825,0.9375447188667618,0.6250511234640939
SYNTH_4,6.2,76.97040092642408,0.08493257434998562,0.7688798840723048,0.0,GREEN,0.9049093907699882,0.5837078952864653,0.9158996063408912,0.6192401782946979
SYNTH_4,6.300000000000001,76.97040092642408,0.08053125394498085,0.8164326443467429,0.0,GREEN,0.8162414102814466,0.5287581256764043,0.8786608048353817,0.6035574560007099
SYNTH_4,6.4,76.73430876093033,0.07485990755822443,0.8597836026606855,0.0,GREEN,0.698323760818001,0.4919021184083953,0.7534532684892166,0.5815753045568873
SYNTH_4,6.5,76.2658477444273,0.06800797571013374,0.8982490885049146,0.0,GREEN,0.5655268371807235,0.4206124832169278,0.6675656559799223,0.5212920917882582
SYNTH_4,6.6000000000000005,75.57240578699029,0.06008351745909866,0.9312224781895,0.0,GREEN,0.4396432299284825,0.3109041133190699,0.5649632492198472,0.45842597648485334
SYNTH_4,6.7,74.66491888253023,0.05121150624558014,0.9581837616617666,0.0,GREEN,0.3355194065513188,0.26457680506811343,0.4516818627289773,0.41731558652075046
SYNTH_4,6.800000000000001,73.55769864163683,0.04153185898629772,0.9787077433754675,0.0,GREEN,0.21012429958337575,0.14499952790976373,0.3907645366281227,0.3576311305998631
SYNTH_4,6.9,72.26820658893033,0.031197229500871552,0.9924707478785446,0.0,GREEN,0.13208137816169843,0.11454392619749726,0.3263478166561732,0.31091982674657603
SYNTH_4,7.0,70.8167787843871,0.020370601069895074,0.9992557243683644,0.0,GREEN,0.06463081913937674,0.0524422263317525,0.3028219592899965,0.2369652982051028
SYNTH_4,7.1000000000000005,69.22630511152572,0.009222716091238958,0.9989556697125339,0.0,GREEN,0.0424349857559861,0.013876377394347945,0.1907032616263562,0.23584283213598328
SYNTH_4,7.2,67.52186829027016,-0.00207061662955938,0.9915753159522196,0.0,GREEN,0.03681340824478905,0.02196056546574833,0.19673956792131328,0.1830369915941927
SYNTH_4,7.300000000000001,65.73034830747284,-0.013331294489183148,0.9772310556750311,0.0,GREEN,0.01830777136590639,0.03327674775234763,0.2048485117546025,0.2190284620252029
SYNTH_4,7.4,63.879998503464556,-0.024381729870983342,0.9561491064343852,0.0,GREEN,0.058422185529389124,0.038513038058017285,0.2216411471832933,0.23055747717284736
SYNTH_4,7.5,62.00000000000001,-0.03504765080777854,0.9286619431635537,0.0,GREEN,0.08955588675650836,0.12533848856305596,0.22658078624720976,0.22039033108785666
SYNTH_4,7.6000000000000005,60.12000149653545,-0.04516084935488331,0.8952030548473522,0.0,GREEN,0.11771150342210748,0.08813673165661107,0.21101399796271428,0.23670661752341426
SYNTH_4,7.7,58.26965169252718,-0.05456183432987797,0.8563001081418984,0.0,GREEN,0.10831366010062222,0.12110511169088405,0.24099891690752293,0.27229012787440354
SYNTH_4,7.800000000000001,56.478131709729844,-0.06310234658383036,0.8125666257562318,0.0,GREEN,0.14427593483724402,0.1785242865164447,0.21979428499360387,0.22581274383392827
SYNTH_4,7.9,54.77369488847427,-0.07064769713664118,0.7646923108326893,0.0,GREEN,0.13350212763921987,0.1426939871829778,0.20449935388806487,0.2229634308269657
SYNTH_4,8.0,53.18322121561291,-0.07707889130271847,0.7134321699163461,0.0,GREEN,0.14120503955202243,0.15110831593342602,0.2037507390800642,0.22670371326793445
SYNTH_4,8.1,51.73179341106968,-0.08229450530825408,0.6595946060507761,0.0,GREEN,0.16231917728980813,0.18221551649944112,0.16307337477363615,0.21014186805189772
SYNTH_4,8.200000000000001,50.44230135836318,-0.08621228580472397,0.6040286697791412,0.0,GREEN,0.15681850250013069,0.17097374072300156,0.20267032688686754,0.20414064624305034
SYNTH_4,8.3,49.33508111746977,-0.08877044705333023,0.5476106691099246,0.00477866178015076,GREEN,0.1442911354790483,0.16061635676447236,0.15835016865748894,0.18606003956085398
SYNTH_4,8.4,48.427594213009705,-0.08992864532301072,0.4912303496161633,0.11753930076767344,GREEN,0.13478175951018131,0.15785320634466724,0.13392367294056332,0.14541090728903633
SYNTH_4,8.5,47.734152255572695,-0.0896686151351786,0.4357768626162425,0.22844627476751508,GREEN,0.1321947135496286,0.16568869798356095,0.09756584943394216,0.1318243518371654
SYNTH_4,8.6,47.265691239069675,-0.08799445732123044,0.3821247427264584,0.33575051454708327,GREEN,0.129143898045403,0.1697989950856278,0.12962279044436031,0.11536624846297293
SYNTH_4,8.700000000000001,47.02959907357593,-0.08493257434998563,0.33112011592769575,0.4377597681446086,GREEN,0.1328771368392371,0.17160751607490737,0.08349491476452073,0.13851129169357954
SYNTH_4,8.8,47.02959907357592,-0.08053125394498085,0.28356735565325764,0.5328652886934848,GREEN,0.15362353301022602,0.15559618183221025,0.09610759134338089,0.0825379582023256
SYNTH_4,8.9,47.26569123906967,-0.07485990755822444,0.24021639733931466,0.6195672053213708,GREEN,0.1597475007481318,0.1753571446176343,0.1218305557354315,0.13258308225686669
SYNTH_4,9.0,47.734152255572695,-0.06800797571013376,0.20175091149508556,0.696498177009829,YELLOW,0.17971984273263492,0.18747645885017092,0.13320067517414194,0.11917053197190955
SYNTH_4,9.1,48.4275942130097,-0.06008351745909879,0.1687775218105006,0.7624449563789989,YELLOW,0.17089190351264982,0.1819300571721798,0.11963870372547618,0.14018531344069088
SYNTH_4,9.200000000000001,49.335081117469755,-0.05121150624558029,0.14181623833823387,0.8163675233235324,YELLOW,0.18441958750203938,0.21472464575695407,0.12778799660288911,0.12145931526148859
SYNTH_4,9.3,50.44230135836315,-0.041531858986297875,0.12129225662453286,0.8574154867509344,YELLOW,0.20476779409840568,0.18609623621236696,0.14232173893707048,0.17217046533313057
SYNTH_4,9.4,51.731793411069674,-0.031197229500871563,0.10752925212145548,0.8849414957570891,YELLOW,0.18386127820880682,0.20776958887365063,0.15372350704813725,0.11650214475512982
SYNTH_4,9.5,53.183221215612896,-0.02037060106989508,0.10074427563163563,0.8985114487367288,YELLOW,0.2228090323405879,0.22336211603788295,0.13040126713169295,0.1424755210601968
SYNTH_4,9.600000000000001,54.77369488847425,-0.009222716091239128,0.10104433028746607,0.897911339425068,YELLOW,0.1653447985532616,0.1759974217560513,0.14659379712865112,0.12235024329488135
SYNTH_4,9.700000000000001,56.47813170972983,0.002070616629559369,0.1084246840477805,0.8831506319044391,YELLOW,0.18218355996078353,0.1925530209986421,0.10747530127856635,0.1361453442601766
SYNTH_4,9.8,58.26965169252716,0.013331294489183137,0.12276894432496893,0.8544621113500622,YELLOW,0.17882347147140548,0.20244936161987157,0.13458267469785576,0.11867687305657017
SYNTH_4,9.9,60.12000149653544,0.024381729870983332,0.1438508935656148,0.8122982128687705,YELLOW,0.2052313259155879,0.2054785041086142,0.13011801585453747,0.16802515156218586
SYNTH_4,10.0,61.99999999999999,0.03504765080777853,0.17133805683644648,0.7573238863271071,GREEN,0.2206214317549045,0.22589502286171456,0.15304835351857965,0.16220768733379984
SYNTH_4,10.100000000000001,63.87999850346455,0.045160849354883306,0.2047969451526478,0.6904061096947045,GREEN,0.2581021061263984,0.24827517335909072,0.1909322589819649,0.14815693834272878
SYNTH_4,10.200000000000001,65.73034830747282,0.05456183432987796,0.2436998918581017,0.6126002162837967,GREEN,0.32922384061995985,0.2924105720684341,0.23198420889737506,0.17822360067589516
SYNTH_4,10.3,67.52186829027016,0.06310234658383036,0.28743337424376825,0.5251332515124636,GREEN,0.41156945406009415,0.3344095455826968,0.2938462506414632,0.21860266443635995
SYNTH_4,10.4,69.22630511152573,0.07064769713664118,0.33530768916731074,0.4293846216653786,GREEN,0.48228478359011,0.36921906661743176,0.32042876887060473,0.26675683633055675
SYNTH_4,10.5,70.81677878438708,0.07707889130271846,0.3865678300836539,0.3268643398326922,GREEN,0.574134965513966,0.44470991211085714,0.441608442741724,0.3357138572014496
SYNTH_4,10.600000000000001,72.26820658893034,0.08229450530825415,0.4404053939492247,0.21918921210155073,GREEN,0.7143064709977451,0.48562492920840716,0.5349506295903891,0.38147628282175156
SYNTH_4,10.700000000000001,73.55769864163683,0.08621228580472402,0.49597133022085965,0.10805733955828077,GREEN,0.8261599853479776,0.5241441689441358,0.67713179584022,0.4623964573007497
SYNTH_4,10.8,74.66491888253022,0.0887704470533302,0.5523893308900746,0.0,GREEN,0.8758505650873714,0.5641768450136564,0.7773145927400149,0.5462472032376164
SYNTH_4,10.9,75.57240578699029,0.08992864532301072,0.6087696503838359,0.0,GREEN,0.944871618041792,0.5955604025059329,0.880183869910979,0.6020417753582263
SYNTH_4,11.0,76.2658477444273,0.0896686151351786,0.6642231373837575,0.0,GREEN,0.9910534314156731,0.5922592334217436,0.9196893850293378,0.6039001782549545
SYNTH_4,11.100000000000001,76.73430876093033,0.08799445732123042,0.7178752572735424,0.0,GREEN,0.981269979873339,0.5943134296933779,0.943650017404748,0.6352504086557437
SYNTH_4,11.200000000000001,76.97040092642408,0.08493257434998558,0.768879884072305,0.0,GREEN,0.9075924179508651,0.5417938849162223,0.9078430455311827,0.6327486555181039
SYNTH_4,11.3,76.97040092642408,0.08053125394498085,0.8164326443467425,0.0,GREEN,0.8396618106087326,0.5367236491188653,0.8493374200054783,0.6038425644235723
SYNTH_4,11.4,76.73430876093033,0.07485990755822453,0.8597836026606848,0.0,GREEN,0.7075307233707046,0.4585122638573781,0.7699792513564,0.5794345136557416
SYNTH_4,11.5,76.2658477444273,0.06800797571013364,0.898249088504915,0.0,GREEN,0.5626437882962377,0.407990109950834,0.680637097718626,0.5262763989060982
SYNTH_4,11.600000000000001,75.57240578699029,0.06008351745909868,0.9312224781895,0.0,GREEN,0.4487310515890612,0.3295449404912839,0.5998224575659651,0.4778216112903728
SYNTH_4,11.700000000000001,74.66491888253023,0.05121150624558016,0.9581837616617666,0.0,GREEN,0.3248308842013595,0.21393820508217976,0.4707980182503372,0.3933433990325102
SYNTH_4,11.8,73.55769864163685,0.04153185898629789,0.9787077433754672,0.0,GREEN,0.19944175875403541,0.15505036759158333,0.40783314496511297,0.3425834731016323
SYNTH_4,11.9,72.26820658893035,0.031197229500871723,0.9924707478785445,0.0,GREEN,0.08232728048675649,0.11398956735796144,0.3391705181757529,0.2874004360546946
SYNTH_4,12.0,70.81677878438713,0.02037060106989525,0.9992557243683644,0.0,GREEN,0.0628772948230465,0.06304345700117148,0.2651457132245347,0.2632469840917693
SYNTH_4,12.100000000000001,69.22630511152572,0.00922271609123898,0.9989556697125339,0.0,GREEN,0.04062547541300718,0.018177699671981344,0.22237913402758766,0.19793807032635552
SYNTH_4,12.200000000000001,67.52186829027016,-0.0020706166295593577,0.9915753159522196,0.0,GREEN,0.0,0.014579701730702131,0.19257157399762717,0.20081914431631426
SYNTH_4,12.3,65.73034830747284,-0.013331294489183127,0.9772310556750312,0.0,GREEN,0.018054424560321792,0.06324786130176903,0.20847854398173557,0.22191514661693765
SYNTH_4,12.4,63.87999850346459,-0.02438172987098317,0.9561491064343857,0.0,GREEN,0.041163892114973975,0.0665081706039491,0.2272138872439863,0.20807299719378175
SYNTH_4,12.5,62.000000000000036,-0.03504765080777838,0.9286619431635541,0.0,GREEN,0.08270305931590288,0.08916733263630168,0.21605613031997484,0.22593141008283368
SYNTH_4,12.600000000000001,60.12000149653543,-0.04516084935488343,0.8952030548473519,0.0,GREEN,0.10258225965281191,0.10765195737824401,0.20854566916377004,0.24329406234292986
SYNTH_4,12.700000000000001,58.269651692527184,-0.05456183432987795,0.8563001081418984,0.0,GREEN,0.11420444331030412,0.14056563604813696,0.22368100217835687,0.21843990811250494
SYNTH_4,12.8,56.47813170972982,-0.06310234658383035,0.8125666257562312,0.0,GREEN,0.14089874914411804,0.150457608085702,0.21741581807847168,0.2639016562952018
SYNTH_4,12.9,54.77369488847427,-0.07064769713664107,0.7646923108326894,0.0,GREEN,0.1377770103547254,0.16412412316130678,0.22165970932543205,0.23004104104814746
SYNTH_4,13.0,53.18322121561291,-0.07707889130271836,0.7134321699163462,0.0,GREEN,0.1409333745309814,0.17501671790994638,0.18606094405284088,0.2241812056956308
SYNTH_4,13.100000000000001,51.73179341106969,-0.08229450530825401,0.6595946060507762,0.0,GREEN,0.14377998487678118,0.16632632689999563,0.1752358479638741,0.22205527017333102
SYNTH_4,13.200000000000001,50.442301358363146,-0.08621228580472401,0.6040286697791397,0.0,GREEN,0.1380657372637209,0.181883712142868,0.18161410908693226,0.22967930794576558
SYNTH_4,13.3,49.33508111746977,-0.0887704470533302,0.5476106691099247,0.004778661780150539,GREEN,0.13627895431329734,0.15563304788823284,0.13889035455945437,0.21154927305938234
SYNTH_4,13.4,48.427594213009705,-0.08992864532301072,0.49123034961616346,0.1175393007676732,GREEN,0.12155739973077999,0.1884772734757876,0.12312123581531016,0.15093112737588776
SYNTH_4,13.5,47.734152255572695,-0.0896686151351786,0.4357768626162426,0.22844627476751483,GREEN,0.15865920073436832,0.15294774020169621,0.10824967670720499,0.12787727884303804
SYNTH_4,13.600000000000001,47.26569123906967,-0.08799445732123042,0.382124742726457,0.3357505145470861,GREEN,0.139131767494279,0.14903590579264836,0.10206520390219087,0.09811466327448079
SYNTH_4,13.700000000000001,47.02959907357592,-0.08493257434998558,0.33112011592769447,0.43775976814461115,GREEN,0.15291413482260457,0.1771466043416434,0.1089737373293796,0.1147002655254665
SYNTH_4,13.8,47.02959907357592,-0.08053125394498085,0.2835673556532571,0.5328652886934859,GREEN,0.15232303285135895,0.16924679057111658,0.11716207077887804,0.1420654111778616
SYNTH_4,13.9,47.26569123906967,-0.07485990755822454,0.24021639733931477,0.6195672053213706,GREEN,0.14753978342194632,0.2059751208227321,0.11288694021293,0.09429014999169143
SYNTH_4,14.0,47.734152255572695,-0.06800797571013387,0.20175091149508562,0.6964981770098289,GREEN,0.15153645139541982,0.18450307742253777,0.11838002097754351,0.15542938244331836
SYNTH_4,14.100000000000001,48.4275942130097,-0.06008351745909893,0.16877752181050065,0.7624449563789988,GREEN,0.17306587098994924,0.19275435118227072,0.12493024655686882,0.15466500044499024
SYNTH_4,14.200000000000001,49.335081117469784,-0.051211506245580164,0.1418162383382332,0.8163675233235337,GREEN,0.19569825708042346,0.21654954631136367,0.13884860639522134,0.14652358793432627
SYNTH_4,14.3,50.44230135836317,-0.041531858986297895,0.12129225662453264,0.8574154867509348,GREEN,0.19339675994064473,0.18967107898661245,0.1514583409906788,0.15697681309548023
SYNTH_4,14.4,51.731793411069674,-0.031197229500871733,0.10752925212145548,0.8849414957570891,GREEN,0.1921206692290702,0.18400057747196946,0.11502940568038046,0.1326424378211002
SYNTH_4,14.5,53.183221215612896,-0.020370601069895262,0.10074427563163563,0.8985114487367288,GREEN,0.1968190535961059,0.19466915230034365,0.1524471480133248,0.16668509471793183
SYNTH_4,14.600000000000001,54.77369488847425,-0.009222716091239308,0.10104433028746607,0.897911339425068,GREEN,0.20213879717841982,0.19490917005855532,0.147260946823666,0.12680891173903014
SYNTH_4,14.700000000000001,56.47813170972985,0.002070616629559347,0.10842468404778066,0.8831506319044388,GREEN,0.16034104864511337,0.19807687640675636,0.11885384705976954,0.11036850593205604
SYNTH_4,14.8,58.26965169252719,0.013331294489183115,0.12276894432496921,0.8544621113500617,GREEN,0.2078033954281027,0.1999758262260212,0.15270401862879884,0.1689778301250201
SYNTH_4,14.9,60.12000149653544,0.02438172987098316,0.1438508935656148,0.8122982128687705,GREEN,0.23541764084882094,0.18837889209645933,0.13871875166715705,0.15933983067289773
SYNTH_4,15.0,61.999999999999986,0.035047650807778365,0.17133805683644643,0.7573238863271072,GREEN,0.2235234300467765,0.21519667895292727,0.1355845561847578,0.14190905224408132
SYNTH_4,15.100000000000001,63.87999850346454,0.04516084935488314,0.20479694515264768,0.6904061096947047,GREEN,0.2686423448542337,0.24887192834825805,0.20531402099463425,0.17482048789997823
SYNTH_4,15.200000000000001,65.73034830747278,0.05456183432987769,0.24369989185810104,0.612600216283798,GREEN,0.3150287557400077,0.2893804134706891,0.22213398497763562,0.1826559017176022
SYNTH_4,15.3,67.52186829027018,0.06310234658383035,0.28743337424376886,0.5251332515124624,GREEN,0.4004446241042003,0.31809234131339004,0.27251251872505866,0.20963032294216213
SYNTH_4,15.4,69.22630511152573,0.07064769713664107,0.33530768916731063,0.42938462166537883,GREEN,0.4918255780113376,0.34652542697192795,0.3497728283328931,0.2649988530989191
SYNTH_4,15.5,70.81677878438708,0.07707889130271836,0.3865678300836538,0.3268643398326924,GREEN,0.5969200812293365,0.4318962929664514,0.4667986102178334,0.31595266985759785
SYNTH_4,15.600000000000001,72.26820658893031,0.08229450530825401,0.4404053939492238,0.2191892121015525,GREEN,0.6970063809476896,0.4980028852471682,0.5295984384763951,0.3915231107313415
SYNTH_4,15.700000000000001,73.55769864163682,0.08621228580472391,0.49597133022085876,0.10805733955828256,GREEN,0.7923107478362971,0.5103338491635693,0.6740593114825869,0.4599293971684283
SYNTH_4,15.8,74.66491888253023,0.0887704470533302,0.5523893308900752,0.0,GREEN,0.8758098865326039,0.5474852275337678,0.7715703879477314,0.5481997120715597
SYNTH_4,15.9,75.57240578699029,0.08992864532301072,0.6087696503838366,0.0,GREEN,0.9471645482118426,0.6279032929208004,0.8476788234879505,0.5955368455724112
